curve_id,point_index,intensity,damage
E1.1,0,0.0,0.0
E1.1,1,0.05,0.0111457519716728
E1.1,2,0.1,0.0642625893367657
E1.1,3,0.15,0.1383906583706204
E1.1,4,0.2,0.2128548726014458
E1.1,5,0.25,0.2834775213733669
E1.1,6,0.3,0.3504945269844557
E1.1,7,0.35,0.4142960825295599
E1.1,8,0.4,0.4747231555925763
E1.1,9,0.45,0.5313431499934336
E1.1,10,0.5,0.5837443328914775
E1.1,11,0.55,0.631676229785665
E1.1,12,0.6,0.6750765899535026
E1.1,13,0.65,0.7140439875166731
E1.1,14,0.7,0.7487936278604168
E1.1,15,0.75,0.7796144793552231
E1.1,16,0.8,0.8068344193209953
E1.1,17,0.85,0.8307945478603942
E1.1,18,0.9,0.8518315861013314
E1.1,19,0.95,0.8702666388645736
E1.1,20,1.0,0.8863986473622324
E1.1,21,1.05,0.9005011391114809
E1.1,22,1.1,0.9128212031572612
E1.1,23,1.15,0.9235799034796682
E1.1,24,1.2,0.9329735713128084
E1.1,25,1.25,0.9411755895519068
E1.1,26,1.3,0.9483384085274512
E1.1,27,1.35,0.95459562244821
E1.1,28,1.4,0.9600639988770056
E1.1,29,1.45,0.9648453970313682
E1.1,30,1.5,0.9690285400855568
E1.1,31,1.55,0.9726906261265678
E1.1,32,1.6,0.9758987749848884
E1.1,33,1.65,0.978711315968055
E1.1,34,1.7,0.9811789260926276
E1.1,35,1.75,0.9833456308064812
E1.1,36,1.8,0.9852496801629572
E1.1,37,1.85,0.9869243134661528
E1.1,38,1.9,0.9883984249048284
E1.1,39,1.95,0.9896971418696512
E1.1,40,2.0,0.9908423266637206
E1.1,41,2.05,0.9918530112734156
E1.1,42,2.1,0.9927457738313972
E1.1,43,2.15,0.9935350644159524
E1.1,44,2.2,0.9942334869132364
E1.1,45,2.25,0.9948520428320596
E1.1,46,2.3,0.995400342207969
E1.1,47,2.35,0.9958867860629232
E1.1,48,2.4,0.9963187242945184
E1.1,49,2.45,0.9967025923485902
E1.1,50,2.5,0.9970440295744548
E1.1,51,2.55,0.9973479817663226
E1.1,52,2.6,0.9976187900509186
E1.1,53,2.65,0.9978602679839088
E1.1,54,2.7,0.9980757684606324
E1.1,55,2.75,0.9982682418247668
E1.1,56,2.8,0.9984402863672605
E1.1,57,2.85,0.9985941922430904
E1.1,58,2.9,0.998731979691564
E1.1,59,2.95,0.9988554323237944
E1.1,60,3.0,0.9989661261359758
E1.1,61,3.05,0.9990654548167296
E1.1,62,3.1,0.9991546518390578
E1.1,63,3.15,0.9992348097605778
E1.1,64,3.2,0.999306897098134
E1.1,65,3.25,0.99937177309335
E1.1,66,3.3,0.999430200642992
E1.1,67,3.35,0.99948285763126
E1.1,68,3.4,0.9995303468694184
E1.1,69,3.45,0.9995732048208492
E1.1,70,3.5,0.9996119092660146
E1.1,71,3.55,0.9996468860414566
E1.1,72,3.6,0.9996785149693552
E1.1,73,3.65,0.9997071350789576
E1.1,74,3.7,0.999733049208028
E1.1,75,3.75,0.9997565280610686
E1.1,76,3.8,0.9997778137912008
E1.1,77,3.85,0.9997971231640266
E1.1,78,3.9,0.9998146503543772
E1.1,79,3.94999999999999,0.9998305694203994
E1.1,80,3.99999999999999,0.9998450364938424
E1.2,0,0.0,0.0
E1.2,1,0.05,0.0085730068293865
E1.2,2,0.1,0.079911383668465
E1.2,3,0.15,0.1808723113446404
E1.2,4,0.2,0.2756832044000381
E1.2,5,0.25,0.3608945682847453
E1.2,6,0.3,0.439299812718609
E1.2,7,0.35,0.5119669542831786
E1.2,8,0.4,0.5785529113324028
E1.2,9,0.45,0.6384691772918532
E1.2,10,0.5,0.6914351191106899
E1.2,11,0.55,0.7375704792710359
E1.2,12,0.6,0.7773018642845598
E1.2,13,0.65,0.8112343684370221
E1.2,14,0.7,0.8400454442548938
E1.2,15,0.75,0.86441300333074
E1.2,16,0.8,0.8849731660389388
E1.2,17,0.85,0.9022992651934384
E1.2,18,0.9,0.9168945220008514
E1.2,19,0.95,0.9291927738648592
E1.2,20,1.0,0.939563483783992
E1.2,21,1.05,0.9483186682302636
E1.2,22,1.1,0.9557203486350704
E1.2,23,1.15,0.961987758351468
E1.2,24,1.2,0.9673039243746064
E1.2,25,1.25,0.9718214724682714
E1.2,26,1.3,0.9756676334930884
E1.2,27,1.35,0.9789484963904588
E1.2,28,1.4,0.9817525844031804
E1.2,29,1.45,0.9841538413409976
E1.2,30,1.5,0.9862141135819024
E1.2,31,1.55,0.9879852067357302
E1.2,32,1.6,0.9895105867854608
E1.2,33,1.65,0.9908267859001858
E1.2,34,1.7,0.9919645639425732
E1.2,35,1.75,0.9929498684210512
E1.2,36,1.8,0.9938046284205558
E1.2,37,1.85,0.9945474118859224
E1.2,38,1.9,0.995193970450682
E1.2,39,1.95,0.9957576916894738
E1.2,40,2.0,0.9962499751045968
E1.2,41,2.05,0.9966805452213244
E1.2,42,2.1,0.9970577127584036
E1.2,43,2.15,0.9973885928689392
E1.2,44,2.2,0.9976792878352242
E1.2,45,2.25,0.9979350402841222
E1.2,46,2.3,0.998160361913444
E1.2,47,2.35,0.9983591418400104
E1.2,48,2.4,0.9985347379603834
E1.2,49,2.45,0.9986900541259088
E1.2,50,2.5,0.998827605450541
E1.2,51,2.55,0.9989495736733108
E1.2,52,2.6,0.9990578541712376
E1.2,53,2.65,0.999154095950046
E1.2,54,2.7,0.9992397357186936
E1.2,55,2.75,0.999316026970867
E1.2,56,2.8,0.9993840648453532
E1.2,57,2.85,0.9994448074118156
E1.2,58,2.9,0.9994990939244506
E1.2,59,2.95,0.9995476604994532
E1.2,60,3.0,0.9995911536001358
E1.2,61,3.05,0.9996301416533936
E1.2,62,3.1,0.9996651250709404
E1.2,63,3.15,0.99969654490664
E1.2,64,3.2,0.9997247903459688
E1.2,65,3.25,0.9997502051939832
E1.2,66,3.3,0.9997730935032332
E1.2,67,3.35,0.9997937244620244
E1.2,68,3.4,0.999812336645699
E1.2,69,3.45,0.9998291417185948
E1.2,70,3.5,0.9998443276616478
E1.2,71,3.55,0.9998580615898326
E1.2,72,3.6,0.9998704922144848
E1.2,73,3.65,0.9998817519977766
E1.2,74,3.7,0.999891959039992
E1.2,75,3.75,0.9999012187345924
E1.2,76,3.8,0.9999096252212478
E1.2,77,3.85,0.9999172626628712
E1.2,78,3.9,0.9999242063691682
E1.2,79,3.94999999999999,0.9999305237861786
E1.2,80,3.99999999999999,0.9999362753686843
E1.3,0,0.0,0.0
E1.3,1,0.05,0.0109102412794899
E1.3,2,0.1,0.0576187839603149
E1.3,3,0.15,0.1178376937912181
E1.3,4,0.2,0.1819310966899796
E1.3,5,0.25,0.2462833930993429
E1.3,6,0.3,0.3090701461371591
E1.3,7,0.35,0.3692088999821276
E1.3,8,0.4,0.4260114973189858
E1.3,9,0.45,0.4790651754510975
E1.3,10,0.5,0.5281723304643382
E1.3,11,0.55,0.5733009813034835
E1.3,12,0.6,0.6145394799414017
E1.3,13,0.65,0.6520575483974094
E1.3,14,0.7,0.6860751692724566
E1.3,15,0.75,0.7168392194368951
E1.3,16,0.8,0.7446067712439322
E1.3,17,0.85,0.7696336837509513
E1.3,18,0.9,0.7921671742658144
E1.3,19,0.95,0.8124412753816346
E1.3,20,1.0,0.8306743241039433
E1.3,21,1.05,0.8470678455899954
E1.3,22,1.1,0.8618063684803061
E1.3,23,1.15,0.8750578422005784
E1.3,24,1.2,0.8869744252950336
E1.3,25,1.25,0.897693485331678
E1.3,26,1.3,0.907338701965001
E1.3,27,1.35,0.916021200819788
E1.3,28,1.4,0.9238406711466836
E1.3,29,1.45,0.9308864377839972
E1.3,30,1.5,0.937238470081652
E1.3,31,1.55,0.9429683187092236
E1.3,32,1.6,0.948139976825378
E1.3,33,1.65,0.9528106657428828
E1.3,34,1.7,0.9570315475565228
E1.3,35,1.75,0.9608483686171152
E1.3,36,1.8,0.9643020385202816
E1.3,37,1.85,0.9674291496360732
E1.3,38,1.9,0.9702624422773704
E1.3,39,1.95,0.9728312204911544
E1.3,40,2.0,0.9751617232270536
E1.3,41,2.05,0.9772774553404364
E1.3,42,2.1,0.9791994825559572
E1.3,43,2.15,0.9809466941743789
E1.3,44,2.2,0.98253603696552
E1.3,45,2.25,0.9839827233628592
E1.3,46,2.3,0.9853004167664026
E1.3,47,2.35,0.9865013964730812
E1.3,48,2.4,0.9875967044895332
E1.3,49,2.45,0.9885962762408614
E1.3,50,2.5,0.989509056970212
E1.3,51,2.55,0.990343105426716
E1.3,52,2.6,0.9911056862620892
E1.3,53,2.65,0.9918033523974868
E1.3,54,2.7,0.9924420184804844
E1.3,55,2.75,0.9930270264257456
E1.3,56,2.8,0.9935632039205932
E1.3,57,2.85,0.994054916676864
E1.3,58,2.9,0.9945061151218512
E1.3,59,2.95,0.9949203761425776
E1.3,60,3.0,0.9953009404280496
E1.3,61,3.05,0.9956507458924796
E1.3,62,3.1,0.9959724576078888
E1.3,63,3.15,0.9962684946261806
E1.3,64,3.2,0.9965410540280076
E1.3,65,3.25,0.9967921324979022
E1.3,66,3.3,0.9970235456916366
E1.3,67,3.35,0.9972369456321158
E1.3,68,3.4,0.9974338363438462
E1.3,69,3.45,0.9976155879127652
E1.3,70,3.5,0.997783449137611
E1.3,71,3.55,0.9979385589207532
E1.3,72,3.6,0.9980819565302238
E1.3,73,3.65,0.9982145908503286
E1.3,74,3.7,0.9983373287254874
E1.3,75,3.75,0.9984509624906516
E1.3,76,3.8,0.9985562167716052
E1.3,77,3.85,0.9986537546295468
E1.3,78,3.9,0.9987441831164195
E1.3,79,3.94999999999999,0.9988280583004108
E1.3,80,3.99999999999999,0.9989058898147752
E1.4,0,0.0,0.0
E1.4,1,0.05,0.0108741280362458
E1.4,2,0.1,0.0607581541566695
E1.4,3,0.15,0.1291085291366463
E1.4,4,0.2,0.2008727196756959
E1.4,5,0.25,0.2707292007277637
E1.4,6,0.3,0.3377768888493495
E1.4,7,0.35,0.401891322709723
E1.4,8,0.4,0.462743508774536
E1.4,9,0.45,0.519858242135977
E1.4,10,0.5,0.5728131449758787
E1.4,11,0.55,0.621348445121395
E1.4,12,0.6,0.6653884320844903
E1.4,13,0.65,0.7050158127189265
E1.4,14,0.7,0.7404301276653131
E1.4,15,0.75,0.7719066372228554
E1.4,16,0.8,0.7997622573661795
E1.4,17,0.85,0.8243299926207296
E1.4,18,0.9,0.8459410812737386
E1.4,19,0.95,0.8649133439588117
E1.4,20,1.0,0.8815441871470866
E1.4,21,1.05,0.8961069342174298
E1.4,22,1.1,0.9088494403228572
E1.4,23,1.15,0.919994211111983
E1.4,24,1.2,0.9297394626271088
E1.4,25,1.25,0.9382607275921498
E1.4,26,1.3,0.9457127381223764
E1.4,27,1.35,0.9522314052622204
E1.4,28,1.4,0.9579357798790488
E1.4,29,1.45,0.9629299241425264
E1.4,30,1.5,0.9673046534455064
E1.4,31,1.55,0.9711391292016978
E1.4,32,1.6,0.974502296453701
E1.4,33,1.65,0.9774541687915188
E1.4,34,1.7,0.9800469682554076
E1.4,35,1.75,0.9823261307696928
E1.4,36,1.8,0.9843311889939024
E1.4,37,1.85,0.9860965448200067
E1.4,38,1.9,0.9876521434600408
E1.4,39,1.95,0.9890240604101564
E1.4,40,2.0,0.9902350117161268
E1.4,41,2.05,0.9913047970147214
E1.4,42,2.1,0.992250683858429
E1.4,43,2.15,0.9930877408933604
E1.4,44,2.2,0.9938291265786492
E1.4,45,2.25,0.9944863393244858
E1.4,46,2.3,0.995069434190912
E1.4,47,2.35,0.99558721063114
E1.4,48,2.4,0.996047375178634
E1.4,49,2.45,0.9964566824617114
E1.4,50,2.5,0.9968210574772725
E1.4,51,2.55,0.9971457016603252
E1.4,52,2.6,0.9974351849421508
E1.4,53,2.65,0.997693525691424
E1.4,54,2.7,0.997924260173946
E1.4,55,2.75,0.9981305029429004
E1.4,56,2.8,0.9983149993782308
E1.4,57,2.85,0.9984801714269133
E1.4,58,2.9,0.9986281574519892
E1.4,59,2.95,0.998760846974182
E1.4,60,3.0,0.998879910983024
E1.4,61,3.05,0.9989868284023034
E1.4,62,3.1,0.9990829092152832
E1.4,63,3.15,0.9991693146867564
E1.4,64,3.2,0.9992470750600638
E1.4,65,3.25,0.999317105056395
E1.4,66,3.3,0.999380217459882
E1.4,67,3.35,0.999437135034195
E1.4,68,3.4,0.9994885009837322
E1.4,69,3.45,0.9995348881443312
E1.4,70,3.5,0.9995768070640886
E1.4,71,3.55,0.9996147131138482
E1.4,72,3.6,0.9996490127487162
E1.4,73,3.65,0.9996800690262232
E1.4,74,3.7,0.999708206473111
E1.4,75,3.75,0.999733715380909
E1.4,76,3.8,0.999756855600216
E1.4,77,3.85,0.999777859894711
E1.4,78,3.9,0.9997969369081984
E1.4,79,3.94999999999999,0.9998142737912764
E1.4,80,3.99999999999999,0.9998300385283916
E12.1,0,0.0,0.0
E12.1,1,0.05,0.0067023018173972
E12.1,2,0.1,0.0340722597021234
E12.1,3,0.15,0.0768322244573698
E12.1,4,0.2,0.1299534468496619
E12.1,5,0.25,0.1879880325662813
E12.1,6,0.3,0.2467481320449412
E12.1,7,0.35,0.3036570078783479
E12.1,8,0.4,0.3573530635203253
E12.1,9,0.45,0.4072434880737995
E12.1,10,0.5,0.4531819429700188
E12.1,11,0.55,0.4952655088659115
E12.1,12,0.6,0.5337140931949793
E12.1,13,0.65,0.5688011555414031
E12.1,14,0.7,0.6008150202455377
E12.1,15,0.75,0.6300380546431419
E12.1,16,0.8,0.6567361540459138
E12.1,17,0.85,0.6811540991937656
E12.1,18,0.9,0.7035141977496323
E12.1,19,0.95,0.7240167032679481
E12.1,20,1.0,0.7428411386923421
E12.1,21,1.05,0.7601480232266011
E12.1,22,1.1,0.7760807199610325
E12.1,23,1.15,0.7907672500670396
E12.1,24,1.2,0.8043219945532983
E12.1,25,1.25,0.816847248156704
E12.1,26,1.3,0.8284346147259617
E12.1,27,1.35,0.839166247070208
E12.1,28,1.4,0.8491159412543152
E12.1,29,1.45,0.8583500984695216
E12.1,30,1.5,0.8669285685429353
E12.1,31,1.55,0.874905388862971
E12.1,32,1.6,0.8823294315808793
E12.1,33,1.65,0.8892449707492261
E12.1,34,1.7,0.8956921797769264
E12.1,35,1.75,0.9017075683282728
E12.1,36,1.8,0.9073243666277114
E12.1,37,1.85,0.912572864078433
E12.1,38,1.9,0.9174807081683668
E12.1,39,1.95,0.922073168818808
E12.1,40,2.0,0.9263733726203828
E12.1,41,2.05,0.9304025107877082
E12.1,42,2.1,0.9341800241366436
E12.1,43,2.15,0.9377237679355486
E12.1,44,2.2,0.9410501590942844
E12.1,45,2.25,0.9441743078227396
E12.1,46,2.3,0.947110135606388
E12.1,47,2.35,0.9498704811028112
E12.1,48,2.4,0.9524671953542292
E12.1,49,2.45,0.9549112275317164
E12.1,50,2.5,0.9572127022725554
E12.1,51,2.55,0.9593809895393544
E12.1,52,2.6,0.961424767814962
E12.1,53,2.65,0.9633520813481762
E12.1,54,2.7,0.9651703920794872
E12.1,55,2.75,0.9668866268016876
E12.1,56,2.8,0.968507220045516
E12.1,57,2.85,0.9700381531241564
E12.1,58,2.9,0.9714849897212662
E12.1,59,2.95,0.9728529083642125
E12.1,60,3.0,0.974146732086534
E12.1,61,3.05,0.975370955550595
E12.1,62,3.1,0.9765297698723108
E12.1,63,3.15,0.977627085364228
E12.1,64,3.2,0.9786665523906192
E12.1,65,3.25,0.9796515805082648
E12.1,66,3.3,0.9805853560488936
E12.1,67,3.35,0.9814708582835376
E12.1,68,3.4,0.982310874295102
E12.1,69,3.45,0.983108012673023
E12.1,70,3.5,0.9838647161328108
E12.1,71,3.55,0.9845832731533908
E12.1,72,3.6,0.9852658287163124
E12.1,73,3.65,0.9859143942229808
E12.1,74,3.7,0.9865308566589764
E12.1,75,3.75,0.9871169870681532
E12.1,76,3.8,0.9876744483934864
E12.1,77,3.85,0.9882048027364908
E12.1,78,3.9,0.9887095180823798
E12.1,79,3.94999999999999,0.9891899745339696
E12.1,80,3.99999999999999,0.989647470093528
E12.2,0,0.0,0.0
E12.2,1,0.05,0.0038975752995315
E12.2,2,0.1,0.0384331383978753
E12.2,3,0.15,0.1031929301892498
E12.2,4,0.2,0.1836080613241821
E12.2,5,0.25,0.2661638542744387
E12.2,6,0.3,0.3430097598786264
E12.2,7,0.35,0.4112959237494775
E12.2,8,0.4,0.4708690861303402
E12.2,9,0.45,0.5226398013919515
E12.2,10,0.5,0.5677691379955416
E12.2,11,0.55,0.6073431558423976
E12.2,12,0.6,0.6422768124446335
E12.2,13,0.65,0.6733099350926335
E12.2,14,0.7,0.7010330783137628
E12.2,15,0.75,0.7259182840551577
E12.2,16,0.8,0.7483461832152741
E12.2,17,0.85,0.7686274877155742
E12.2,18,0.9,0.7870192719370839
E12.2,19,0.95,0.8037370716939345
E12.2,20,1.0,0.8189638300002557
E12.2,21,1.05,0.8328565342025769
E12.2,22,1.1,0.8455511837026358
E12.2,23,1.15,0.857166553725904
E12.2,24,1.2,0.8678070877769657
E12.2,25,1.25,0.8775651546871459
E12.2,26,1.3,0.8865228373995302
E12.2,27,1.35,0.8947533723340966
E12.2,28,1.4,0.902322324391576
E12.2,29,1.45,0.9092885590157652
E12.2,30,1.5,0.915705056134114
E12.2,31,1.55,0.9216195990707792
E12.2,32,1.6,0.927075363180808
E12.2,33,1.65,0.932111422961364
E12.2,34,1.7,0.9367631920498092
E12.2,35,1.75,0.9410628073324624
E12.2,36,1.8,0.94503946602555
E12.2,37,1.85,0.94871972281723
E12.2,38,1.9,0.9521277528130272
E12.2,39,1.95,0.95528558499126
E12.2,40,2.0,0.9582133100683526
E12.2,41,2.05,0.9609292660377996
E12.2,42,2.1,0.9634502041388764
E12.2,43,2.15,0.9657914376012748
E12.2,44,2.2,0.96796697517724
E12.2,45,2.25,0.9699896411968024
E12.2,46,2.3,0.971871183651908
E12.2,47,2.35,0.9736223716222366
E12.2,48,2.4,0.9752530831920772
E12.2,49,2.45,0.976772384868306
E12.2,50,2.5,0.978188603389934
E12.2,51,2.55,0.9795093907165212
E12.2,52,2.6,0.9807417828932602
E12.2,53,2.65,0.9818922534125794
E12.2,54,2.7,0.9829667616239448
E12.2,55,2.75,0.98397079668372
E12.2,56,2.8,0.984909417484288
E12.2,57,2.85,0.9857872889551796
E12.2,58,2.9,0.9866087150878484
E12.2,59,2.95,0.987377668999302
E12.2,60,3.0,0.9880978203174428
E12.2,61,3.05,0.9887725601421912
E12.2,62,3.1,0.9894050238108236
E12.2,63,3.15,0.989998111673086
E12.2,64,3.2,0.9905545080612052
E12.2,65,3.25,0.991076698621658
E12.2,66,3.3,0.991566986159201
E12.2,67,3.35,0.9920275051290076
E12.2,68,3.4,0.9924602348996172
E12.2,69,3.45,0.9928670118976078
E12.2,70,3.5,0.9932495407342992
E12.2,71,3.55,0.9936094044052726
E12.2,72,3.6,0.9939480736449158
E12.2,73,3.65,0.9942669155104876
E12.2,74,3.7,0.9945672012632414
E12.2,75,3.75,0.99485011360788
E12.2,76,3.8,0.9951167533459564
E12.2,77,3.85,0.9953681454937342
E12.2,78,3.9,0.9956052449104084
E12.2,79,3.94999999999999,0.995828941478421
E12.2,80,3.99999999999999,0.9960400648738388
E13.1,0,0.0,0.0
E13.1,1,0.05,0.0004254734766891
E13.1,2,0.1,0.011464321883146
E13.1,3,0.15,0.0433564811177619
E13.1,4,0.2,0.08786608768605
E13.1,5,0.25,0.1354819449023746
E13.1,6,0.3,0.1816392647415302
E13.1,7,0.35,0.2250489139854527
E13.1,8,0.4,0.2657632584066231
E13.1,9,0.45,0.3041847106538716
E13.1,10,0.5,0.3406915208507733
E13.1,11,0.55,0.3755435788431425
E13.1,12,0.6,0.4088902369278893
E13.1,13,0.65,0.4408042143130081
E13.1,14,0.7,0.4713141922457095
E13.1,15,0.75,0.5004287855340606
E13.1,16,0.8,0.5281518406130685
E13.1,17,0.85,0.5544910555524953
E13.1,18,0.9,0.5794620557457322
E13.1,19,0.95,0.6030896315269867
E13.1,20,1.0,0.6254073468918357
E13.1,21,1.05,0.6464563163637355
E13.1,22,1.1,0.6662836461611528
E13.1,23,1.15,0.6849408308181463
E13.1,24,1.2,0.7024822632011557
E13.1,25,1.25,0.7189639327222249
E13.1,26,1.3,0.7344423368118067
E13.1,27,1.35,0.748973602543617
E13.1,28,1.4,0.7626128006540563
E13.1,29,1.45,0.7754134277645756
E13.1,30,1.5,0.7874270309813536
E13.1,31,1.55,0.798702950061101
E13.1,32,1.6,0.8092881546706783
E13.1,33,1.65,0.8192271571400009
E13.1,34,1.7,0.8285619840579204
E13.1,35,1.75,0.8373321928443787
E13.1,36,1.8,0.845574921931577
E13.1,37,1.85,0.8533249653598625
E13.1,38,1.9,0.8606148644408045
E13.1,39,1.95,0.8674750106832251
E13.1,40,2.0,0.8739337554507494
E13.1,41,2.05,0.8800175228579161
E13.1,42,2.1,0.8857509232513744
E13.1,43,2.15,0.8911568652957151
E13.1,44,2.2,0.8962566652188361
E13.1,45,2.25,0.9010701521942568
E13.1,46,2.3,0.9056157691685794
E13.1,47,2.35,0.909910668698947
E13.1,48,2.4,0.9139708035624746
E13.1,49,2.45,0.9178110120492304
E13.1,50,2.5,0.9214450979621658
E13.1,51,2.55,0.9248859054294124
E13.1,52,2.6,0.9281453886929448
E13.1,53,2.65,0.9312346770779296
E13.1,54,2.7,0.9341641353732492
E13.1,55,2.75,0.9369434198689994
E13.1,56,2.8,0.939581530303816
E13.1,57,2.85,0.942086857975762
E13.1,58,2.9,0.9444672302668272
E13.1,59,2.95,0.9467299518241292
E13.1,60,3.0,0.9488818426316488
E13.1,61,3.05,0.950929273195574
E13.1,62,3.1,0.952878197054628
E13.1,63,3.15,0.9547341808145752
E13.1,64,3.2,0.9565024318938096
E13.1,65,3.25,0.958187824154708
E13.1,66,3.3,0.9597949215835408
E13.1,67,3.35,0.961328000170243
E13.1,68,3.4,0.962791068128367
E13.1,69,3.45,0.9641878845851326
E13.1,70,3.5,0.965521976861656
E13.1,71,3.55,0.9667966564542244
E13.1,72,3.6,0.9680150338188658
E13.1,73,3.65,0.9691800320534204
E13.1,74,3.7,0.970294399563878
E13.1,75,3.75,0.9713607217948134
E13.1,76,3.8,0.972381432097364
E13.1,77,3.85,0.9733588218022836
E13.1,78,3.9,0.9742950495601606
E13.1,79,3.94999999999999,0.9751921500058672
E13.1,80,3.99999999999999,0.9760520417996946
E13.2,0,0.0,0.0
E13.2,1,0.05,0.0035136823780729
E13.2,2,0.1,0.0368515596282886
E13.2,3,0.15,0.0913994609390279
E13.2,4,0.2,0.1480060958064888
E13.2,5,0.25,0.2014493203298002
E13.2,6,0.3,0.2521310519668955
E13.2,7,0.35,0.301143314450299
E13.2,8,0.4,0.3490307932242134
E13.2,9,0.45,0.3958005416140112
E13.2,10,0.5,0.4411699183443163
E13.2,11,0.55,0.4847701747872515
E13.2,12,0.6,0.5262644683685054
E13.2,13,0.65,0.5654002416073245
E13.2,14,0.7,0.602022049314672
E13.2,15,0.75,0.6360641317325895
E13.2,16,0.8,0.6675346119117822
E13.2,17,0.85,0.6964978313119937
E13.2,18,0.9,0.7230579960423708
E13.2,19,0.95,0.7473454027609169
E13.2,20,1.0,0.7695055117491543
E13.2,21,1.05,0.7896906587783394
E13.2,22,1.1,0.8080540102737559
E13.2,23,1.15,0.8247453279498141
E13.2,24,1.2,0.839908140529643
E13.2,25,1.25,0.8536779787885751
E13.2,26,1.3,0.8661813942830716
E13.2,27,1.35,0.8775355416462605
E13.2,28,1.4,0.8878481553311343
E13.2,29,1.45,0.8972177933728418
E13.2,30,1.5,0.9057342537834636
E13.2,31,1.55,0.9134790948091224
E13.2,32,1.6,0.9205262098069528
E13.2,33,1.65,0.9269424221812944
E13.2,34,1.7,0.9327880767232848
E13.2,35,1.75,0.9381176117040192
E13.2,36,1.8,0.9429801018794796
E13.2,37,1.85,0.947419766723522
E13.2,38,1.9,0.9514764411358309
E13.2,39,1.95,0.955186007896746
E13.2,40,2.0,0.9585807925034712
E13.2,41,2.05,0.96168992190465
E13.2,42,2.1,0.9645396491884866
E13.2,43,2.15,0.9671536465739432
E13.2,44,2.2,0.9695532691790778
E13.2,45,2.25,0.9717577920492256
E13.2,46,2.3,0.9737846228597556
E13.2,47,2.35,0.975649492591647
E13.2,48,2.4,0.9773666263332303
E13.2,49,2.45,0.978948896202158
E13.2,50,2.5,0.9804079582177312
E13.2,51,2.55,0.981754374791642
E13.2,52,2.6,0.9829977243491964
E13.2,53,2.65,0.9841466994458408
E13.2,54,2.7,0.985209194606674
E13.2,55,2.75,0.986192384990321
E13.2,56,2.8,0.9871027968631062
E13.2,57,2.85,0.9879463707646532
E13.2,58,2.9,0.9887285181513484
E13.2,59,2.95,0.9894541722189
E13.2,60,3.0,0.9901278335287914
E13.2,61,3.05,0.9907536109950524
E13.2,62,3.1,0.9913352587267128
E13.2,63,3.15,0.991876209166866
E13.2,64,3.2,0.9923796029208192
E13.2,65,3.25,0.9928483156226782
E13.2,66,3.3,0.9932849821514084
E13.2,67,3.35,0.99369201847336
E13.2,68,3.4,0.9940716413580044
E13.2,69,3.45,0.9944258861867756
E13.2,70,3.5,0.994756623051071
E13.2,71,3.55,0.9950655713142784
E13.2,72,3.6,0.995354312793901
E13.2,73,3.65,0.9956243037031364
E13.2,74,3.7,0.9958768854764224
E13.2,75,3.75,0.9961132945902618
E13.2,76,3.8,0.9963346714789012
E13.2,77,3.85,0.9965420686339996
E13.2,78,3.9,0.9967364579681188
E13.2,79,3.94999999999999,0.9969187375135956
E13.2,80,3.99999999999999,0.9970897375209756
E13.3,0,0.0,0.0
E13.3,1,0.05,0.0002836450369425
E13.3,2,0.1,0.0068487366000689
E13.3,3,0.15,0.0260528926263211
E13.3,4,0.2,0.0546139600429536
E13.3,5,0.25,0.0875927898142348
E13.3,6,0.3,0.1219419770721296
E13.3,7,0.35,0.1562419611483663
E13.3,8,0.4,0.1899447614469686
E13.3,9,0.45,0.2228817950897077
E13.3,10,0.5,0.2550203679586511
E13.3,11,0.55,0.2863607721613811
E13.3,12,0.6,0.3169001954185649
E13.3,13,0.65,0.3466247927040765
E13.3,14,0.7,0.3755119200196255
E13.3,15,0.75,0.4035348749061134
E13.3,16,0.8,0.4306672598817586
E13.3,17,0.85,0.4568861392201575
E13.3,18,0.9,0.4821739655328123
E13.3,19,0.95,0.5065195147603822
E13.3,20,1.0,0.5299181094843968
E13.3,21,1.05,0.5523713732888014
E13.3,22,1.1,0.5738867026305323
E13.3,23,1.15,0.5944765898274011
E13.3,24,1.2,0.6141578881078303
E13.3,25,1.25,0.632951077708893
E13.3,26,1.3,0.6508795691461672
E13.3,27,1.35,0.6679690639662075
E13.3,28,1.4,0.6842469826767406
E13.3,29,1.45,0.699741962643906
E13.3,30,1.5,0.7144834244271591
E13.3,31,1.55,0.7285012024726352
E13.3,32,1.6,0.7418252347222614
E13.3,33,1.65,0.75448530511077
E13.3,34,1.7,0.7665108328341943
E13.3,35,1.75,0.7779307024891771
E13.3,36,1.8,0.7887731295730533
E13.3,37,1.85,0.7990655563144061
E13.3,38,1.9,0.8088345733169489
E13.3,39,1.95,0.8181058630110329
E13.3,40,2.0,0.8269041613955783
E13.3,41,2.05,0.8352532350069126
E13.3,42,2.1,0.8431758704640993
E13.3,43,2.15,0.8506938743110583
E13.3,44,2.2,0.8578280812048302
E13.3,45,2.25,0.8645983687888469
E13.3,46,2.3,0.8710236778430723
E13.3,47,2.35,0.8771220365226642
E13.3,48,2.4,0.8829105876868483
E13.3,49,2.45,0.8884056184833309
E13.3,50,2.5,0.8936225914939325
E13.3,51,2.55,0.898576176867149
E13.3,52,2.6,0.9032802849656276
E13.3,53,2.65,0.9077480991434712
E13.3,54,2.7,0.9119921083419332
E13.3,55,2.75,0.9160241392542784
E13.3,56,2.8,0.9198553878629916
E13.3,57,2.85,0.9234964501964884
E13.3,58,2.9,0.9269573521892898
E13.3,59,2.95,0.9302475785602776
E13.3,60,3.0,0.9333761006490818
E13.3,61,3.05,0.93635140317166
E13.3,62,3.1,0.939181509873356
E13.3,63,3.15,0.941874008071792
E13.3,64,3.2,0.9444360720933028
E13.3,65,3.25,0.9468744856157288
E13.3,66,3.3,0.9491956629375814
E13.3,67,3.35,0.9514056691991972
E13.3,68,3.4,0.9535102395857704
E13.3,69,3.45,0.9555147975453118
E13.3,70,3.5,0.9574244720568336
E13.3,71,3.55,0.9592441139855316
E13.3,72,3.6,0.9609783115626102
E13.3,73,3.65,0.9626314050277366
E13.3,74,3.7,0.9642075004720636
E13.3,75,3.75,0.9657104829193623
E13.3,76,3.8,0.9671440286821644
E13.3,77,3.85,0.9685116170289556
E13.3,78,3.9,0.9698165411974596
E13.3,79,3.94999999999999,0.9710619187879146
E13.3,80,3.99999999999999,0.9722507015690556
E13.4,0,0.0,0.0
E13.4,1,0.05,0.012704402628965
E13.4,2,0.1,0.0679762262514613
E13.4,3,0.15,0.1354708010906168
E13.4,4,0.2,0.2005987484887468
E13.4,5,0.25,0.2608950738813508
E13.4,6,0.3,0.3165181181195495
E13.4,7,0.35,0.3679341370383417
E13.4,8,0.4,0.4155223418450521
E13.4,9,0.45,0.459567217384402
E13.4,10,0.5,0.5002996301901076
E13.4,11,0.55,0.537926147592166
E13.4,12,0.6,0.5726435552036521
E13.4,13,0.65,0.6046441402080678
E13.4,14,0.7,0.6341163694347467
E13.4,15,0.75,0.6612437029211018
E13.4,16,0.8,0.6862029449835634
E13.4,17,0.85,0.7091627622540573
E13.4,18,0.9,0.7302825948980314
E13.4,19,0.95,0.7497119939304357
E13.4,20,1.0,0.767590335322979
E13.4,21,1.05,0.784046834827889
E13.4,22,1.1,0.799200786443866
E13.4,23,1.15,0.8131619570098358
E13.4,24,1.2,0.8260310820912842
E13.4,25,1.25,0.8379004207300689
E13.4,26,1.3,0.8488543374139702
E13.4,27,1.35,0.8589698884284683
E13.4,28,1.4,0.8683173966666439
E13.4,29,1.45,0.8769610042517703
E13.4,30,1.5,0.8849591962696235
E13.4,31,1.55,0.8923652917944935
E13.4,32,1.6,0.8992279004653558
E13.4,33,1.65,0.9055913443235152
E13.4,34,1.7,0.9114960456161564
E13.4,35,1.75,0.9169788819225428
E13.4,36,1.8,0.922073510363488
E13.4,37,1.85,0.9268106628799524
E13.4,38,1.9,0.9312184146654066
E13.4,39,1.95,0.9353224278476792
E13.4,40,2.0,0.9391461724678352
E13.4,41,2.05,0.942711126717018
E13.4,42,2.1,0.9460369582821097
E13.4,43,2.15,0.9491416885282176
E13.4,44,2.2,0.952041841117933
E13.4,45,2.25,0.9547525765391688
E13.4,46,2.3,0.9572878138886838
E13.4,47,2.35,0.9596603411393316
E13.4,48,2.4,0.9618819150070024
E13.4,49,2.45,0.9639633514288504
E13.4,50,2.5,0.9659146075679717
E13.4,51,2.55,0.9677448561711918
E13.4,52,2.6,0.9694625530257877
E13.4,53,2.65,0.971075498187422
E13.4,54,2.7,0.9725908915848904
E13.4,55,2.75,0.9740153835469478
E13.4,56,2.8,0.9753551207420352
E13.4,57,2.85,0.9766157879726272
E13.4,58,2.9,0.9778026462217524
E13.4,59,2.95,0.9789205673094828
E13.4,60,3.0,0.9799740654814812
E13.4,61,3.05,0.98096732621961
E13.4,62,3.1,0.9819042325357944
E13.4,63,3.15,0.9827883889844692
E13.4,64,3.2,0.9836231436057172
E13.4,65,3.25,0.9844116079903672
E13.4,66,3.3,0.985156675639593
E13.4,67,3.35,0.9858610387747604
E13.4,68,3.4,0.9865272037381628
E13.4,69,3.45,0.9871575051117256
E13.4,70,3.5,0.987754118668565
E13.4,71,3.55,0.9883190732613262
E13.4,72,3.6,0.9888542617413592
E13.4,73,3.65,0.9893614509939168
E13.4,74,3.7,0.9898422911665684
E13.4,75,3.75,0.9902983241608152
E13.4,76,3.8,0.9907309914504172
E13.4,77,3.85,0.9911416412840676
E13.4,78,3.9,0.9915315353247912
E13.4,79,3.94999999999999,0.9919018547736588
E13.4,80,3.99999999999999,0.9922537060211084
E13.5,0,0.0,0.0
E13.5,1,0.05,0.0010413078709982
E13.5,2,0.1,0.0240516420408529
E13.5,3,0.15,0.0726237013489306
E13.5,4,0.2,0.1217838161965162
E13.5,5,0.25,0.1628417720766538
E13.5,6,0.3,0.1976011387215106
E13.5,7,0.35,0.2292580790296138
E13.5,8,0.4,0.2598308627416985
E13.5,9,0.45,0.2901831156328515
E13.5,10,0.5,0.3205061363507235
E13.5,11,0.55,0.3506897648326146
E13.5,12,0.6,0.3805285693998161
E13.5,13,0.65,0.4098170432303251
E13.5,14,0.7,0.4383849754025424
E13.5,15,0.75,0.4661048036230731
E13.5,16,0.8,0.4928877338505952
E13.5,17,0.85,0.5186765550146453
E13.5,18,0.9,0.5434384695881112
E13.5,19,0.95,0.5671590698247082
E13.5,20,1.0,0.5898376436131648
E13.5,21,1.05,0.6114836438313717
E13.5,22,1.1,0.6321140683569139
E13.5,23,1.15,0.651751514456195
E13.5,24,1.2,0.6704227189972566
E13.5,25,1.25,0.6881574452461622
E13.5,26,1.3,0.7049876178555193
E13.5,27,1.35,0.7209466382569147
E13.5,28,1.4,0.7360688343066399
E13.5,29,1.45,0.7503890127670481
E13.5,30,1.5,0.7639420929815
E13.5,31,1.55,0.7767628064763368
E13.5,32,1.6,0.7888854513435397
E13.5,33,1.65,0.8003436929215955
E13.5,34,1.7,0.8111704040364986
E13.5,35,1.75,0.8213975392399686
E13.5,36,1.8,0.8310560383101435
E13.5,37,1.85,0.84017575489877
E13.5,38,1.9,0.848785406700974
E13.5,39,1.95,0.856912543937402
E13.5,40,2.0,0.8645835333010626
E13.5,41,2.05,0.8718235548472885
E13.5,42,2.1,0.8786566096024335
E13.5,43,2.15,0.8851055359389431
E13.5,44,2.2,0.8911920330130819
E13.5,45,2.25,0.8969366897878647
E13.5,46,2.3,0.9023590183683792
E13.5,47,2.35,0.90747749056051
E13.5,48,2.4,0.9123095767280712
E13.5,49,2.45,0.9168717861686352
E13.5,50,2.5,0.9211797083562298
E13.5,51,2.55,0.9252480545109008
E13.5,52,2.6,0.9290906990523428
E13.5,53,2.65,0.9327207205787978
E13.5,54,2.7,0.9361504420845754
E13.5,55,2.75,0.9393914701911809
E13.5,56,2.8,0.9424547332193806
E13.5,57,2.85,0.9453505179737138
E13.5,58,2.9,0.9480885051480226
E13.5,59,2.95,0.9506778032914572
E13.5,60,3.0,0.9531269812999555
E13.5,61,3.05,0.9554440994191424
E13.5,62,3.1,0.9576367387616234
E13.5,63,3.15,0.959712029355312
E13.5,64,3.2,0.9616766767502613
E13.5,65,3.25,0.9635369872199048
E13.5,66,3.3,0.9652988915990236
E13.5,67,3.35,0.9669679678054864
E13.5,68,3.4,0.9685494620961352
E13.5,69,3.45,0.9700483091093616
E13.5,70,3.5,0.971469150748132
E13.5,71,3.55,0.9728163539576694
E13.5,72,3.6,0.9740940274518162
E13.5,73,3.65,0.975306037441424
E13.5,74,3.7,0.9764560224170538
E13.5,75,3.75,0.977547407036891
E13.5,76,3.8,0.9785834151691916
E13.5,77,3.85,0.9795670821368024
E13.5,78,3.9,0.98050126620943
E13.5,79,3.94999999999999,0.9813886593873776
E13.5,80,3.99999999999999,0.9822317975184824
E13.6,0,0.0,0.0
E13.6,1,0.05,0.0067989074727945
E13.6,2,0.1,0.0532616359121908
E13.6,3,0.15,0.1168109926405517
E13.6,4,0.2,0.1795062113731597
E13.6,5,0.25,0.2388775920971035
E13.6,6,0.3,0.2952389566717445
E13.6,7,0.35,0.3487387547155272
E13.6,8,0.4,0.3992620611724956
E13.6,9,0.45,0.4466435534100854
E13.6,10,0.5,0.4907821929374218
E13.6,11,0.55,0.5316696018644689
E13.6,12,0.6,0.569379265794272
E13.6,13,0.65,0.6040442725423598
E13.6,14,0.7,0.6358354973712502
E13.6,15,0.75,0.6649440935294697
E13.6,16,0.8,0.6915687527868261
E13.6,17,0.85,0.7159070249266681
E13.6,18,0.9,0.7381497390335833
E13.6,19,0.95,0.758477660907166
E13.6,20,1.0,0.7770597019203618
E13.6,21,1.05,0.7940521717786209
E13.6,22,1.1,0.8095987126443679
E13.6,23,1.15,0.8238306618499157
E13.6,24,1.2,0.8368676701186304
E13.6,25,1.25,0.8488184586838671
E13.6,26,1.3,0.8597816380840182
E13.6,27,1.35,0.8698465385817169
E13.6,28,1.4,0.8790940207260841
E13.6,29,1.45,0.8875972471582418
E13.6,30,1.5,0.8954224051980199
E13.6,31,1.55,0.90262937533535
E13.6,32,1.6,0.9092723443809612
E13.6,33,1.65,0.9154003643291668
E13.6,34,1.7,0.9210578593800396
E13.6,35,1.75,0.9262850843549586
E13.6,36,1.8,0.9311185381220392
E13.6,37,1.85,0.935591335766088
E13.6,38,1.9,0.9397335431871168
E13.6,39,1.95,0.9435724776572544
E13.6,40,2.0,0.9471329776521548
E13.6,41,2.05,0.9504376450291708
E13.6,42,2.1,0.9535070623700808
E13.6,43,2.15,0.9563599880535107
E13.6,44,2.2,0.9590135313791636
E13.6,45,2.25,0.9614833098370844
E13.6,46,2.3,0.963783590402849
E13.6,47,2.35,0.965927416544686
E13.6,48,2.4,0.967926722451139
E13.6,49,2.45,0.969792435827366
E13.6,50,2.5,0.9715345704635966
E13.6,51,2.55,0.9731623096495394
E13.6,52,2.6,0.9746840813924011
E13.6,53,2.65,0.9761076262924688
E13.6,54,2.7,0.9774400588377024
E13.6,55,2.75,0.9786879227963964
E13.6,56,2.8,0.9798572413136172
E13.6,57,2.85,0.980953562251892
E13.6,58,2.9,0.981981999258585
E13.6,59,2.95,0.98294726899082
E13.6,60,3.0,0.983853724882909
E13.6,61,3.05,0.9847053878004668
E13.6,62,3.1,0.9855059738890783
E13.6,63,3.15,0.9862589198931032
E13.6,64,3.2,0.9869674061914512
E13.6,65,3.25,0.9876343777715584
E13.6,66,3.3,0.9882625633399864
E13.6,67,3.35,0.988854492747731
E13.6,68,3.4,0.9894125128901844
E13.6,69,3.45,0.9899388022255148
E13.6,70,3.5,0.9904353840407576
E13.6,71,3.55,0.9909041385820004
E13.6,72,3.6,0.991346814153484
E13.6,73,3.65,0.9917650372801085
E13.6,74,3.7,0.9921603220185662
E13.6,75,3.75,0.9925340784940396
E13.6,76,3.8,0.992887620731948
E13.6,77,3.85,0.9932221738475644
E13.6,78,3.9,0.993538880650326
E13.6,79,3.94999999999999,0.9938388077142728
E13.6,80,3.99999999999999,0.9941229509612052
E14.1,0,0.0,0.0
E14.1,1,0.05,7.518795001940823e-05
E14.1,2,0.1,0.0049436767918442
E14.1,3,0.15,0.0294105148248933
E14.1,4,0.2,0.0794291242176709
E14.1,5,0.25,0.148541395749927
E14.1,6,0.3,0.2269724241567425
E14.1,7,0.35,0.3068229973108262
E14.1,8,0.4,0.3831419159891374
E14.1,9,0.45,0.4533805395925632
E14.1,10,0.5,0.5165687552715172
E14.1,11,0.55,0.5726503645710093
E14.1,12,0.6,0.6220412039403971
E14.1,13,0.65,0.6653637161895171
E14.1,14,0.7,0.7032988581328106
E14.1,15,0.75,0.7365094801969332
E14.1,16,0.8,0.7656048210816684
E14.1,17,0.85,0.7911275356118582
E14.1,18,0.9,0.813552414871478
E14.1,19,0.95,0.8332906993206805
E14.1,20,1.0,0.8506966705531614
E14.1,21,1.05,0.8660747955255149
E14.1,22,1.1,0.8796865802467505
E14.1,23,1.15,0.8917567680622174
E14.1,24,1.2,0.902478767694437
E14.1,25,1.25,0.9120193201395526
E14.1,26,1.3,0.9205224692582904
E14.1,27,1.35,0.9281129208362868
E14.1,28,1.4,0.9348988768747738
E14.1,29,1.45,0.9409744255694216
E14.1,30,1.5,0.9464215579342315
E14.1,31,1.55,0.9513118719043332
E14.1,32,1.6,0.95570801521897
E14.1,33,1.65,0.95966490993542
E14.1,34,1.7,0.9632307941802574
E14.1,35,1.75,0.9664481106548628
E14.1,36,1.8,0.9693542663524456
E14.1,37,1.85,0.9719822837675036
E14.1,38,1.9,0.9743613604429828
E14.1,39,1.95,0.9765173508772688
E14.1,40,2.0,0.9784731824926348
E14.1,41,2.05,0.9802492154568068
E14.1,42,2.1,0.981863554574112
E14.1,43,2.15,0.9833323201603896
E14.1,44,2.2,0.9846698837361868
E14.1,45,2.25,0.985889073475182
E14.1,46,2.3,0.9870013535962746
E14.1,47,2.35,0.9880169812618336
E14.1,48,2.4,0.9889451440195742
E14.1,49,2.45,0.9897940803839272
E14.1,50,2.5,0.9905711857803144
E14.1,51,2.55,0.99128310576078
E14.1,52,2.6,0.9919358181324076
E14.1,53,2.65,0.9925347054130352
E14.1,54,2.7,0.993084618835492
E14.1,55,2.75,0.9935899349565748
E14.1,56,2.8,0.9940546057858354
E14.1,57,2.85,0.9944822032282492
E14.1,58,2.9,0.9948759585309216
E14.1,59,2.95,0.9952387973345916
E14.1,60,3.0,0.9955733708536164
E14.1,61,3.05,0.9958820836415992
E14.1,62,3.1,0.9961671183422818
E14.1,63,3.15,0.9964304577754924
E14.1,64,3.2,0.9966739046647116
E14.1,65,3.25,0.9968990992752712
E14.1,66,3.3,0.9971075351995352
E14.1,67,3.35,0.9973005734969602
E14.1,68,3.4,0.9974794553721134
E14.1,69,3.45,0.9976453135520512
E14.1,70,3.5,0.997799182505514
E14.1,71,3.55,0.9979420076297904
E14.1,72,3.6,0.9980746535165728
E14.1,73,3.65,0.9981979113953522
E14.1,74,3.7,0.9983125058416984
E14.1,75,3.75,0.9984191008279046
E14.1,76,3.8,0.998518305184798
E14.1,77,3.85,0.9986106775358672
E14.1,78,3.9,0.9986967307581104
E14.1,79,3.94999999999999,0.9987769360180372
E14.1,80,3.99999999999999,0.9988517264260056
E14.2,0,0.0,0.0
E14.2,1,0.05,0.0001652685428719
E14.2,2,0.1,0.012738854633862
E14.2,3,0.15,0.0645957913660424
E14.2,4,0.2,0.1507523812656788
E14.2,5,0.25,0.2491709894390884
E14.2,6,0.3,0.3423669664386519
E14.2,7,0.35,0.4231138178485376
E14.2,8,0.4,0.4909496893441689
E14.2,9,0.45,0.5479688112091933
E14.2,10,0.5,0.5965626080540984
E14.2,11,0.55,0.6386540230878335
E14.2,12,0.6,0.6756119858002835
E14.2,13,0.65,0.7083752366073779
E14.2,14,0.7,0.7375952843864984
E14.2,15,0.75,0.7637446151504587
E14.2,16,0.8,0.7871867281670097
E14.2,17,0.85,0.8082178402075838
E14.2,18,0.9,0.8270904872651289
E14.2,19,0.95,0.8440264898546783
E14.2,20,1.0,0.8592240242554392
E14.2,21,1.05,0.872861584244044
E14.2,22,1.1,0.8851003791241574
E14.2,23,1.15,0.8960859845753383
E14.2,24,1.2,0.905949654736157
E14.2,25,1.25,0.9148094854177762
E14.2,26,1.3,0.922771506785182
E14.2,27,1.35,0.92993073038258
E14.2,28,1.4,0.9363721522700844
E14.2,29,1.45,0.9421717060282028
E14.2,30,1.5,0.9473971583516042
E14.2,31,1.55,0.9521089417260532
E14.2,32,1.6,0.9563609212318008
E14.2,33,1.65,0.9602010949357118
E14.2,34,1.7,0.9636722292836772
E14.2,35,1.75,0.966812432317059
E14.2,36,1.8,0.9696556684622812
E14.2,37,1.85,0.9722322191721274
E14.2,38,1.9,0.9745690939260891
E14.2,39,1.95,0.9766903961095398
E14.2,40,2.0,0.9786176481563268
E14.2,41,2.05,0.9803700801095614
E14.2,42,2.1,0.981964885470398
E14.2,43,2.15,0.9834174478927116
E14.2,44,2.2,0.9847415419625098
E14.2,45,2.25,0.985949510987828
E14.2,46,2.3,0.9870524244261694
E14.2,47,2.35,0.9880602172972184
E14.2,48,2.4,0.9889818136711253
E14.2,49,2.45,0.9898252360880412
E14.2,50,2.5,0.9905977025525312
E14.2,51,2.55,0.9913057125561188
E14.2,52,2.6,0.9919551234111776
E14.2,53,2.65,0.9925512180281174
E14.2,54,2.7,0.9930987651336782
E14.2,55,2.75,0.9936020728095056
E14.2,56,2.8,0.9940650361254374
E14.2,57,2.85,0.99449117954961
E14.2,58,2.9,0.9948836947362002
E14.2,59,2.95,0.995245474220108
E14.2,60,3.0,0.9955791414850004
E14.2,61,3.05,0.99588707781588
E14.2,62,3.1,0.9961714462987724
E14.2,63,3.15,0.9964342132874512
E14.2,64,3.2,0.9966771676196268
E14.2,65,3.25,0.9969019378320516
E14.2,66,3.3,0.997110007595024
E14.2,67,3.35,0.9973027295612764
E14.2,68,3.4,0.9974813378018148
E14.2,69,3.45,0.9976469589815228
E14.2,70,3.5,0.9978006224099644
E14.2,71,3.55,0.9979432690874896
E14.2,72,3.6,0.9980757598532384
E14.2,73,3.65,0.9981988827297066
E14.2,74,3.7,0.9983133595480234
E14.2,75,3.75,0.998419851928778
E14.2,76,3.8,0.9985189666850164
E14.2,77,3.85,0.9986112607067495
E14.2,78,3.9,0.9986972453798806
E14.2,79,3.94999999999999,0.9987773905867416
E14.2,80,3.99999999999999,0.9988521283303822
E14.3,0,0.0,0.0
E14.3,1,0.05,3.849463868507452e-08
E14.3,2,0.1,6.19299673102807e-05
E14.3,3,0.15,0.0015504456015596
E14.3,4,0.2,0.0094689761628266
E14.3,5,0.25,0.0298831138408791
E14.3,6,0.3,0.065418701959531
E14.3,7,0.35,0.1144193985018942
E14.3,8,0.4,0.172731779983311
E14.3,9,0.45,0.2357124823263622
E14.3,10,0.5,0.2994394046494573
E14.3,11,0.55,0.3611336450050819
E14.3,12,0.6,0.419109589273656
E14.3,13,0.65,0.4725335438526887
E14.3,14,0.7,0.5211550252065172
E14.3,15,0.75,0.5650817564170262
E14.3,16,0.8,0.6046162288057324
E14.3,17,0.85,0.640147893003181
E14.3,18,0.9,0.6720876729904809
E14.3,19,0.95,0.700831605643756
E14.3,20,1.0,0.7267431041748927
E14.3,21,1.05,0.7501463744374041
E14.3,22,1.1,0.7713260448525281
E14.3,23,1.15,0.7905299273898749
E14.3,24,1.2,0.8079730868891093
E14.3,25,1.25,0.8238422046519606
E14.3,26,1.3,0.8382997176552607
E14.3,27,1.35,0.851487504700531
E14.3,28,1.4,0.8635300517628002
E14.3,29,1.45,0.8745371118010911
E14.3,30,1.5,0.8846059120277381
E14.3,31,1.55,0.8938229742941679
E14.3,32,1.6,0.9022656139079404
E14.3,33,1.65,0.9100031758184594
E14.3,34,1.7,0.9170980585519526
E14.3,35,1.75,0.9236065675483636
E14.3,36,1.8,0.9295796316003004
E14.3,37,1.85,0.9350634092768126
E14.3,38,1.9,0.9400998065852012
E14.3,39,1.95,0.9447269225883808
E14.3,40,2.0,0.9489794361017598
E14.3,41,2.05,0.9528889437790702
E14.3,42,2.1,0.956484257709174
E14.3,43,2.15,0.9597916689540132
E14.3,44,2.2,0.9628351821524594
E14.3,45,2.25,0.965636725307921
E14.3,46,2.3,0.968216338099748
E14.3,47,2.35,0.970592341455608
E14.3,48,2.4,0.9727814906524312
E14.3,49,2.45,0.9747991138453468
E14.3,50,2.5,0.9766592376330272
E14.3,51,2.55,0.9783747010356822
E14.3,52,2.6,0.9799572590747412
E14.3,53,2.65,0.9814176769906224
E14.3,54,2.7,0.9827658160090228
E14.3,55,2.75,0.984010711460991
E14.3,56,2.8,0.9851606439731844
E14.3,57,2.85,0.9862232043687844
E14.3,58,2.9,0.9872053528540204
E14.3,59,2.95,0.9881134730081385
E14.3,60,3.0,0.988953421044486
E14.3,61,3.05,0.9897305707659872
E14.3,62,3.1,0.990449854598758
E14.3,63,3.15,0.9911158010522472
E14.3,64,3.2,0.9917325689225072
E14.3,65,3.25,0.9923039785265528
E14.3,66,3.3,0.9928335402298596
E14.3,67,3.35,0.993324480505602
E14.3,68,3.4,0.993779765742924
E14.3,69,3.45,0.994202124002208
E14.3,70,3.5,0.9945940648977054
E14.3,71,3.55,0.9949578977718868
E14.3,72,3.6,0.995295748311295
E14.3,73,3.65,0.995609573740408
E14.3,74,3.7,0.9959011767179248
E14.3,75,3.75,0.9961722180488684
E14.3,76,3.8,0.9964242283158612
E14.3,77,3.85,0.9966586185237752
E14.3,78,3.9,0.9968766898436334
E14.3,79,3.94999999999999,0.9970796425340313
E14.3,80,3.99999999999999,0.9972685841114362
E14.4,0,0.0,0.0
E14.4,1,0.05,2.1345914591686263e-05
E14.4,2,0.1,0.0036130116036602
E14.4,3,0.15,0.0245854348284816
E14.4,4,0.2,0.0674297174619442
E14.4,5,0.25,0.1262679726244418
E14.4,6,0.3,0.1923604439038046
E14.4,7,0.35,0.2581971068857803
E14.4,8,0.4,0.3194189459246459
E14.4,9,0.45,0.3745126489952947
E14.4,10,0.5,0.4236434109952037
E14.4,11,0.55,0.4676502525877077
E14.4,12,0.6,0.5074676913209428
E14.4,13,0.65,0.5438828610076509
E14.4,14,0.7,0.5774796238172996
E14.4,15,0.75,0.6086630386970378
E14.4,16,0.8,0.6377065100022336
E14.4,17,0.85,0.6647964683817681
E14.4,18,0.9,0.6900665820113304
E14.4,19,0.95,0.7136210484447161
E14.4,20,1.0,0.7355491185474045
E14.4,21,1.05,0.7559334080332274
E14.4,22,1.1,0.774854155943036
E14.4,23,1.15,0.7923910165190868
E14.4,24,1.2,0.8086234579961891
E14.4,25,1.25,0.8236304519972665
E14.4,26,1.3,0.8374898656746096
E14.4,27,1.35,0.850277790233107
E14.4,28,1.4,0.8620679274103289
E14.4,29,1.45,0.8729310881493346
E14.4,30,1.5,0.8829348192043847
E14.4,31,1.55,0.89214315287065
E14.4,32,1.6,0.9006164652598869
E14.4,33,1.65,0.9084114249924506
E14.4,34,1.7,0.9155810140192118
E14.4,35,1.75,0.9221746038278767
E14.4,36,1.8,0.9282380725402252
E14.4,37,1.85,0.9338139508209476
E14.4,38,1.9,0.9389415868098724
E14.4,39,1.95,0.9436573223264656
E14.4,40,2.0,0.9479946743348576
E14.4,41,2.05,0.9519845171022036
E14.4,42,2.1,0.9556552616585864
E14.4,43,2.15,0.9590330301077776
E14.4,44,2.2,0.962141823081403
E14.4,45,2.25,0.9650036792087948
E14.4,46,2.3,0.9676388259214797
E14.4,47,2.35,0.970065821250966
E14.4,48,2.4,0.9723016865330883
E14.4,49,2.45,0.974362030119551
E14.4,50,2.5,0.9762611623321028
E14.4,51,2.55,0.9780122019886632
E14.4,52,2.6,0.9796271748930748
E14.4,53,2.65,0.981117104718424
E14.4,54,2.7,0.9824920967338892
E14.4,55,2.75,0.9837614148314824
E14.4,56,2.8,0.9849335523054232
E14.4,57,2.85,0.9860162968260332
E14.4,58,2.9,0.9870167900341512
E14.4,59,2.95,0.9879415821627756
E14.4,60,3.0,0.9887966820712588
E14.4,61,3.05,0.9895876030548322
E14.4,62,3.1,0.9903194047692808
E14.4,63,3.15,0.9909967315877304
E14.4,64,3.2,0.9916238476841442
E14.4,65,3.25,0.992204669116532
E14.4,66,3.3,0.992742793162218
E14.4,67,3.35,0.9932415251379276
E14.4,68,3.4,0.993703902918998
E14.4,69,3.45,0.9941327193547088
E14.4,70,3.5,0.9945305427605916
E14.4,71,3.55,0.9948997356535576
E14.4,72,3.6,0.9952424718817756
E14.4,73,3.65,0.9955607522883616
E14.4,74,3.7,0.995856419036087
E14.4,75,3.75,0.9961311687093822
E14.4,76,3.8,0.9963865642998766
E14.4,77,3.85,0.996624046172508
E14.4,78,3.9,0.9968449421007812
E14.4,79,3.94999999999999,0.9970504764520302
E14.4,80,3.99999999999999,0.9972417785964572
E14.5,0,0.0,0.0
E14.5,1,0.05,2.3521274327768835e-09
E14.5,2,0.1,1.0546940531974736e-05
E14.5,3,0.15,0.0004184286530557
E14.5,4,0.2,0.0033935493109456
E14.5,5,0.25,0.0130029729927198
E14.5,6,0.3,0.0327790691794478
E14.5,7,0.35,0.0638170468312901
E14.5,8,0.4,0.1047898252372327
E14.5,9,0.45,0.1529900200935419
E14.5,10,0.5,0.2053893202549943
E14.5,11,0.55,0.2593066600519626
E14.5,12,0.6,0.3126865680007702
E14.5,13,0.65,0.3641242518708605
E14.5,14,0.7,0.412768118716418
E14.5,15,0.75,0.4581851269160236
E14.5,16,0.8,0.500233054509869
E14.5,17,0.85,0.5389568975570953
E14.5,18,0.9,0.5745122756722743
E14.5,19,0.95,0.6071124622392365
E14.5,20,1.0,0.636993784834727
E14.5,21,1.05,0.6643943068073264
E14.5,22,1.1,0.6895416142474757
E14.5,23,1.15,0.7126465718806623
E14.5,24,1.2,0.7339008230389557
E14.5,25,1.25,0.7534765211696999
E14.5,26,1.3,0.7715273008123104
E14.5,27,1.35,0.7881898594925101
E14.5,28,1.4,0.8035857673566835
E14.5,29,1.45,0.8178232822739939
E14.5,30,1.5,0.830999050772627
E14.5,31,1.55,0.8431996387143457
E14.5,32,1.6,0.8545028735167328
E14.5,33,1.65,0.8649790012031348
E14.5,34,1.7,0.8746916727399687
E14.5,35,1.75,0.8836987790362185
E14.5,36,1.8,0.8920531552227164
E14.5,37,1.85,0.8998031740370043
E14.5,38,1.9,0.906993246325569
E14.5,39,1.95,0.9136642444475348
E14.5,40,2.0,0.9198538620738584
E14.5,41,2.05,0.9255969217142856
E14.5,42,2.1,0.930925639362868
E14.5,43,2.15,0.935869853965144
E14.5,44,2.2,0.9404572279762694
E14.5,45,2.25,0.9447134240817208
E14.5,46,2.3,0.9486622621648446
E14.5,47,2.35,0.9523258598000008
E14.5,48,2.4,0.9557247588984706
E14.5,49,2.45,0.958878040611
E14.5,50,2.5,0.9618034301731172
E14.5,51,2.55,0.9645173930476504
E14.5,52,2.6,0.9670352234566132
E14.5,53,2.65,0.969371126188082
E14.5,54,2.7,0.9715382924014948
E14.5,55,2.75,0.9735489700277548
E14.5,56,2.8,0.975414529261106
E14.5,57,2.85,0.977145523562018
E14.5,58,2.9,0.9787517465294356
E14.5,59,2.95,0.980242284952971
E14.5,60,3.0,0.9816255683179264
E14.5,61,3.05,0.9829094150060896
E14.5,62,3.1,0.9841010754112388
E14.5,63,3.15,0.9852072721687892
E14.5,64,3.2,0.9862342376829374
E14.5,65,3.25,0.987187749121164
E14.5,66,3.3,0.9880731610344357
E14.5,67,3.35,0.9888954357513716
E14.5,68,3.4,0.989659171685724
E14.5,69,3.45,0.990368629688423
E14.5,70,3.5,0.9910277575680368
E14.5,71,3.55,0.9916402128965784
E14.5,72,3.6,0.9922093842111296
E14.5,73,3.65,0.9927384107156056
E14.5,74,3.7,0.9932302005811646
E14.5,75,3.75,0.9936874479381874
E14.5,76,3.8,0.994112648647436
E14.5,77,3.85,0.9945081149329004
E14.5,78,3.9,0.9948759889539622
E14.5,79,3.94999999999999,0.9952182553898457
E14.5,80,3.99999999999999,0.9955367531048576
E14.6,0,0.0,0.0
E14.6,1,0.05,8.672049608380288e-06
E14.6,2,0.1,0.0022264614408232
E14.6,3,0.15,0.0190150406363906
E14.6,4,0.2,0.0585564620550779
E14.6,5,0.25,0.115106511043761
E14.6,6,0.3,0.1778222999110224
E14.6,7,0.35,0.2382280965156039
E14.6,8,0.4,0.2922910466415603
E14.6,9,0.45,0.3393571556015375
E14.6,10,0.5,0.3804499232337008
E14.6,11,0.55,0.4170469506560252
E14.6,12,0.6,0.4504672837332648
E14.6,13,0.65,0.4816714838414266
E14.6,14,0.7,0.5112681220282354
E14.6,15,0.75,0.5395949564056729
E14.6,16,0.8,0.5668091860257374
E14.6,17,0.85,0.5929614398550418
E14.6,18,0.9,0.6180481174572431
E14.6,19,0.95,0.6420447618265801
E14.6,20,1.0,0.6649253376350195
E14.6,21,1.05,0.6866720297334488
E14.6,22,1.1,0.7072791494883933
E14.6,23,1.15,0.7267536606564007
E14.6,24,1.2,0.7451139600398475
E14.6,25,1.25,0.7623879130139382
E14.6,26,1.3,0.7786107161993367
E14.6,27,1.35,0.7938228870732167
E14.6,28,1.4,0.8080685154588882
E14.6,29,1.45,0.8213938176008646
E14.6,30,1.5,0.8338459835990291
E14.6,31,1.55,0.8454722856486924
E14.6,32,1.6,0.8563194064134583
E14.6,33,1.65,0.8664329468696522
E14.6,34,1.7,0.8758570768756819
E14.6,35,1.75,0.8846342971183845
E14.6,36,1.8,0.8928052866677436
E14.6,37,1.85,0.9004088154925076
E14.6,38,1.9,0.9074817056940692
E14.6,39,1.95,0.914058828852928
E14.6,40,2.0,0.9201731298026412
E14.6,41,2.05,0.9258556694454289
E14.6,42,2.1,0.9311356810077588
E14.6,43,2.15,0.9360406355040712
E14.6,44,2.2,0.9405963132206404
E14.6,45,2.25,0.9448268788229384
E14.6,46,2.3,0.9487549582880788
E14.6,47,2.35,0.9524017163156892
E14.6,48,2.4,0.9557869332120034
E14.6,49,2.45,0.9589290805006572
E14.6,50,2.5,0.961845394710428
E14.6,51,2.55,0.9645519489405496
E14.6,52,2.6,0.9670637219198752
E14.6,53,2.65,0.9693946643656276
E14.6,54,2.7,0.971557762517116
E14.6,55,2.75,0.9735650987743028
E14.6,56,2.8,0.9754279094139482
E14.6,57,2.85,0.9771566393897774
E14.6,58,2.9,0.9787609942496952
E14.6,59,2.95,0.9802499892238948
E14.6,60,3.0,0.9816319955539244
E14.6,61,3.05,0.9829147841452284
E14.6,62,3.1,0.9841055666350228
E14.6,63,3.15,0.9852110339741632
E14.6,64,3.2,0.9862373926263316
E14.6,65,3.25,0.9871903984907592
E14.6,66,3.3,0.9880753886561376
E14.6,67,3.35,0.988897311093574
E14.6,68,3.4,0.9896607523956578
E14.6,69,3.45,0.9903699636670822
E14.6,70,3.5,0.9910288846699936
E14.6,71,3.55,0.9916411663244318
E14.6,72,3.6,0.9922101916610052
E14.6,73,3.65,0.992739095319432
E14.6,74,3.7,0.9932307816828108
E14.6,75,3.75,0.9936879417336066
E14.6,76,3.8,0.9941130687133312
E14.6,77,3.85,0.994508472663891
E14.6,78,3.9,0.9948762939245516
E14.6,79,3.94999999999999,0.9952185156545
E14.6,80,3.99999999999999,0.9955369754470916
E15.1,0,0.0,0.0
E15.1,1,0.05,0.0039791450852022
E15.1,2,0.1,0.0233378214514793
E15.1,3,0.15,0.0580935502255473
E15.1,4,0.2,0.1042499346575785
E15.1,5,0.25,0.1567269452488961
E15.1,6,0.3,0.211474999435182
E15.1,7,0.35,0.2658159220837752
E15.1,8,0.4,0.3181494125602567
E15.1,9,0.45,0.3676043518918076
E15.1,10,0.5,0.4137733609126751
E15.1,11,0.55,0.4565339938438481
E15.1,12,0.6,0.4959336059181207
E15.1,13,0.65,0.5321165716339067
E15.1,14,0.7,0.5652787037495719
E15.1,15,0.75,0.5956389524797039
E15.1,16,0.8,0.6234220657233973
E15.1,17,0.85,0.648848211375521
E15.1,18,0.9,0.672127025095739
E15.1,19,0.95,0.693454465258578
E15.1,20,1.0,0.7130114362030304
E15.1,21,1.05,0.730963509392004
E15.1,22,1.1,0.7474613085621125
E15.1,23,1.15,0.7626412779956141
E15.1,24,1.2,0.7766266528342134
E15.1,25,1.25,0.7895285157788877
E15.1,26,1.3,0.8014468675614357
E15.1,27,1.35,0.812471666913537
E15.1,28,1.4,0.8226838143766826
E15.1,29,1.45,0.8321560664507037
E15.1,30,1.5,0.8409538744222198
E15.1,31,1.55,0.8491361471792886
E15.1,32,1.6,0.8567559403635227
E15.1,33,1.65,0.863861075980748
E15.1,34,1.7,0.8704946975208518
E15.1,35,1.75,0.8766957660207046
E15.1,36,1.8,0.8824995025393536
E15.1,37,1.85,0.8879377823356891
E15.1,38,1.9,0.8930394857349903
E15.1,39,1.95,0.8978308103014705
E15.1,40,2.0,0.9023355485380518
E15.1,41,2.05,0.906575334936884
E15.1,42,2.1,0.9105698658199772
E15.1,43,2.15,0.9143370950476548
E15.1,44,2.2,0.917893408338087
E15.1,45,2.25,0.9212537786357856
E15.1,46,2.3,0.9244319046907504
E15.1,47,2.35,0.9274403347619044
E15.1,48,2.4,0.930290577136896
E15.1,49,2.45,0.9329931989632332
E15.1,50,2.5,0.9355579147109238
E15.1,51,2.55,0.9379936654321518
E15.1,52,2.6,0.9403086898469502
E15.1,53,2.65,0.9425105881633884
E15.1,54,2.7,0.9446063794346587
E15.1,55,2.75,0.9466025531619948
E15.1,56,2.8,0.9485051157700848
E15.1,57,2.85,0.9503196325092458
E15.1,58,2.9,0.952051265274897
E15.1,59,2.95,0.9537048067787784
E15.1,60,3.0,0.9552847114569668
E15.1,61,3.05,0.956795123456234
E15.1,62,3.1,0.958239902001953
E15.1,63,3.15,0.9596226444169378
E15.1,64,3.2,0.9609467070307878
E15.1,65,3.25,0.962215224192955
E15.1,66,3.3,0.9634311255794958
E15.1,67,3.35,0.9645971519628866
E15.1,68,3.4,0.9657158695960836
E15.1,69,3.45,0.9667896833458816
E15.1,70,3.5,0.9678208486963392
E15.1,71,3.55,0.9688114827303648
E15.1,72,3.6,0.9697635741863008
E15.1,73,3.65,0.97067899267635
E15.1,74,3.7,0.9715594971447916
E15.1,75,3.75,0.97240674363602
E15.1,76,3.8,0.9732222924353856
E15.1,77,3.85,0.9740076146395342
E15.1,78,3.9,0.9747640982073136
E15.1,79,3.94999999999999,0.9754930535373232
E15.1,80,3.99999999999999,0.976195718613678
E17.1,0,0.0,0.0
E17.1,1,0.05,0.0033250424940385
E17.1,2,0.1,0.0229533483230548
E17.1,3,0.15,0.0595284917322667
E17.1,4,0.2,0.1084251256059876
E17.1,5,0.25,0.1641292718793298
E17.1,6,0.3,0.2221998672591577
E17.1,7,0.35,0.2796511257365084
E17.1,8,0.4,0.3346873723705664
E17.1,9,0.45,0.3863429351823138
E17.1,10,0.5,0.434189510186283
E17.1,11,0.55,0.4781303623644869
E17.1,12,0.6,0.5182641424259524
E17.1,13,0.65,0.5547976057079124
E17.1,14,0.7,0.5879908914948273
E17.1,15,0.75,0.618123942256277
E17.1,16,0.8,0.6454764606434236
E17.1,17,0.85,0.6703164519796214
E17.1,18,0.9,0.6928941581207885
E17.1,19,0.95,0.713439332655592
E17.1,20,1.0,0.7321605460592723
E17.1,21,1.05,0.7492456850748148
E17.1,22,1.1,0.7648631168188789
E17.1,23,1.15,0.7791631853076413
E17.1,24,1.2,0.7922798350492108
E17.1,25,1.25,0.8043322379352789
E17.1,26,1.3,0.8154263518835559
E17.1,27,1.35,0.8256563728567412
E17.1,28,1.4,0.8351060626990434
E17.1,29,1.45,0.8438499480337308
E17.1,30,1.5,0.8519543930887405
E17.1,31,1.55,0.8594785536139138
E17.1,32,1.6,0.8664752212343234
E17.1,33,1.65,0.8729915684413783
E17.1,34,1.7,0.8790698044733962
E17.1,35,1.75,0.8847477519152732
E17.1,36,1.8,0.8900593531683294
E17.1,37,1.85,0.8950351151432763
E17.1,38,1.9,0.8997024996966401
E17.1,39,1.95,0.9040862665151116
E17.1,40,2.0,0.9082087743823836
E17.1,41,2.05,0.9120902460541211
E17.1,42,2.1,0.915749001324876
E17.1,43,2.15,0.9192016622965912
E17.1,44,2.2,0.9224633343491544
E17.1,45,2.25,0.9255477658648166
E17.1,46,2.3,0.9284674893648214
E17.1,47,2.35,0.9312339463727816
E17.1,48,2.4,0.933857598019642
E17.1,49,2.45,0.9363480231443566
E17.1,50,2.5,0.9387140054178577
E17.1,51,2.55,0.9409636108212458
E17.1,52,2.6,0.9431042566384724
E17.1,53,2.65,0.945142772975739
E17.1,54,2.7,0.9470854576913964
E17.1,55,2.75,0.94893812550866
E17.1,56,2.8,0.9507061519866868
E17.1,57,2.85,0.9523945129415152
E17.1,58,2.9,0.9540078198352956
E17.1,59,2.95,0.9555503515887146
E17.1,60,3.0,0.9570260832161808
E17.1,61,3.05,0.9584387116351604
E17.1,62,3.1,0.9597916789590114
E17.1,63,3.15,0.9610881935459864
E17.1,64,3.2,0.9623312490450098
E17.1,65,3.25,0.9635236416508076
E17.1,66,3.3,0.9646679857564088
E17.1,67,3.35,0.9657667281695214
E17.1,68,3.4,0.9668221610404124
E17.1,69,3.45,0.967836433632322
E17.1,70,3.5,0.9688115630508668
E17.1,71,3.55,0.9697494440360426
E17.1,72,3.6,0.9706518579091192
E17.1,73,3.65,0.9715204807567368
E17.1,74,3.7,0.972356890925692
E17.1,75,3.75,0.973162575894101
E17.1,76,3.8,0.9739389385777252
E17.1,77,3.85,0.9746873031241226
E17.1,78,3.9,0.9754089202418618
E17.1,79,3.94999999999999,0.976104972107209
E17.1,80,3.99999999999999,0.976776576886418
E17.2,0,0.0,0.0
E17.2,1,0.05,0.0028929864571543
E17.2,2,0.1,0.0239074753188134
E17.2,3,0.15,0.0698342832841469
E17.2,4,0.2,0.1359310503714329
E17.2,5,0.25,0.209444749235666
E17.2,6,0.3,0.2807241023439252
E17.2,7,0.35,0.3453984525315467
E17.2,8,0.4,0.4024649214343893
E17.2,9,0.45,0.452431438826074
E17.2,10,0.5,0.4962759610590383
E17.2,11,0.55,0.5349906712495545
E17.2,12,0.6,0.5694272651338925
E17.2,13,0.65,0.6002716472125998
E17.2,14,0.7,0.6280644396822339
E17.2,15,0.75,0.6532318010570781
E17.2,16,0.8,0.6761136353657305
E17.2,17,0.85,0.6969858001576792
E17.2,18,0.9,0.7160764635252719
E17.2,19,0.95,0.733577784686779
E17.2,20,1.0,0.7496541638588634
E17.2,21,1.05,0.7644480829883543
E17.2,22,1.1,0.7780842924905043
E17.2,23,1.15,0.7906728731236369
E17.2,24,1.2,0.8023115326756742
E17.2,25,1.25,0.8130873777406007
E17.2,26,1.3,0.823078319693597
E17.2,27,1.35,0.8323542199974406
E17.2,28,1.4,0.8409778445744125
E17.2,29,1.45,0.8490056739558193
E17.2,30,1.5,0.8564886010080124
E17.2,31,1.55,0.8634725383735948
E17.2,32,1.6,0.8699989514828683
E17.2,33,1.65,0.8761053288662669
E17.2,34,1.7,0.8818255987513384
E17.2,35,1.75,0.8871904990586766
E17.2,36,1.8,0.8922279066034351
E17.2,37,1.85,0.8969631303625973
E17.2,38,1.9,0.9014191729571271
E17.2,39,1.95,0.9056169639432732
E17.2,40,2.0,0.9095755680589211
E17.2,41,2.05,0.913312371197596
E17.2,42,2.1,0.9168432465645552
E17.2,43,2.15,0.920182703193572
E17.2,44,2.2,0.923344018760957
E17.2,45,2.25,0.9263393584193736
E17.2,46,2.3,0.9291798811838968
E17.2,47,2.35,0.9318758352334876
E17.2,48,2.4,0.9344366433401656
E17.2,49,2.45,0.936870979503608
E17.2,50,2.5,0.9391868377490172
E17.2,51,2.55,0.9413915939393028
E17.2,52,2.6,0.9434920613575996
E17.2,53,2.65,0.9454945407316528
E17.2,54,2.7,0.947404865296539
E17.2,55,2.75,0.9492284414255449
E17.2,56,2.8,0.95097028529991
E17.2,57,2.85,0.9526350560356986
E17.2,58,2.9,0.954227085639592
E17.2,59,2.95,0.9557504061242016
E17.2,60,3.0,0.9572087740770018
E17.2,61,3.05,0.9586056929446488
E17.2,62,3.1,0.9599444332657876
E17.2,63,3.15,0.961228051060066
E17.2,64,3.2,0.962459404558554
E17.2,65,3.25,0.9636411694408188
E17.2,66,3.3,0.9647758527261944
E17.2,67,3.35,0.9658658054510832
E17.2,68,3.4,0.9669132342501788
E17.2,69,3.45,0.9679202119471112
E17.2,70,3.5,0.9688886872490068
E17.2,71,3.55,0.9698204936296722
E17.2,72,3.6,0.970717357477388
E17.2,73,3.65,0.9715809055755528
E17.2,74,3.7,0.9724126719774956
E17.2,75,3.75,0.9732141043306214
E17.2,76,3.8,0.9739865696995434
E17.2,77,3.85,0.974731359932954
E17.2,78,3.9,0.9754496966145876
E17.2,79,3.94999999999999,0.9761427356347064
E17.2,80,3.99999999999999,0.9768115714150256
E17.3,0,0.0,0.0
E17.3,1,0.05,0.0039760377476905
E17.3,2,0.1,0.0231904956006049
E17.3,3,0.15,0.0572620308555721
E17.3,4,0.2,0.1020073913036636
E17.3,5,0.25,0.1524962124319716
E17.3,6,0.3,0.204963250766398
E17.3,7,0.35,0.2569971458670222
E17.3,8,0.4,0.307190300580328
E17.3,9,0.45,0.3547865646785201
E17.3,10,0.5,0.3994316103423376
E17.3,11,0.55,0.4410131233033568
E17.3,12,0.6,0.4795618216136684
E17.3,13,0.65,0.5151906148173925
E17.3,14,0.7,0.5480571478245997
E17.3,15,0.75,0.5783406777831468
E17.3,16,0.8,0.606227815223852
E17.3,17,0.85,0.6319038135428552
E17.3,18,0.9,0.6555473713213403
E17.3,19,0.95,0.6773276780200621
E17.3,20,1.0,0.6974028982413338
E17.3,21,1.05,0.7159195765706732
E17.3,22,1.1,0.7330126253850116
E17.3,23,1.15,0.7488056735196369
E17.3,24,1.2,0.7634116288804551
E17.3,25,1.25,0.7769333577392485
E17.3,26,1.3,0.789464416612782
E17.3,27,1.35,0.8010897949667714
E17.3,28,1.4,0.811886642116554
E17.3,29,1.45,0.8219249619653352
E17.3,30,1.5,0.8312682661787318
E17.3,31,1.55,0.839974181080221
E17.3,32,1.6,0.8480950066713044
E17.3,33,1.65,0.855678228216405
E17.3,34,1.7,0.86276698212018
E17.3,35,1.75,0.8694004785968688
E17.3,36,1.8,0.8756143840502368
E17.3,37,1.85,0.8814411662626926
E17.3,38,1.9,0.8869104055132655
E17.3,39,1.95,0.8920490746623498
E17.3,40,2.0,0.8968817910955569
E17.3,41,2.05,0.9014310432367542
E17.3,42,2.1,0.905717394139996
E17.3,43,2.15,0.9097596644641086
E17.3,44,2.2,0.9135750969304838
E17.3,45,2.25,0.917179504169408
E17.3,46,2.3,0.9205874016762086
E17.3,47,2.35,0.9238121274273274
E17.3,48,2.4,0.9268659495488576
E17.3,49,2.45,0.9297601632861466
E17.3,50,2.5,0.9325051783923805
E17.3,51,2.55,0.9351105979359642
E17.3,52,2.6,0.9375852894201826
E17.3,53,2.65,0.9399374490131616
E17.3,54,2.7,0.942174659600653
E17.3,55,2.75,0.9443039432977156
E17.3,56,2.8,0.9463318089871124
E17.3,57,2.85,0.9482642953913628
E17.3,58,2.9,0.9501070101311316
E17.3,59,2.95,0.951865165174312
E17.3,60,3.0,0.9535436090371172
E17.3,61,3.05,0.9551468560601928
E17.3,62,3.1,0.9566791130486484
E17.3,63,3.15,0.9581443035345438
E17.3,64,3.2,0.9595460898933306
E17.3,65,3.25,0.9608878935216634
E17.3,66,3.3,0.962172913262542
E17.3,67,3.35,0.9634041422446208
E17.3,68,3.4,0.9645843832854664
E17.3,69,3.45,0.965716262993336
E17.3,70,3.5,0.9668022446884617
E17.3,71,3.55,0.9678446402527004
E17.3,72,3.6,0.968845621005573
E17.3,73,3.65,0.9698072276950116
E17.3,74,3.7,0.9707313796824756
E17.3,75,3.75,0.9716198833943188
E17.3,76,3.8,0.9724744401043348
E17.3,77,3.85,0.973296653106174
E17.3,78,3.9,0.9740880343287148
E17.3,79,3.94999999999999,0.974850010442459
E17.3,80,3.99999999999999,0.9755839285004908
E17.4,0,0.0,0.0
E17.4,1,0.05,0.0028833067826645
E17.4,2,0.1,0.0234861376239164
E17.4,3,0.15,0.0675678224074523
E17.4,4,0.2,0.13001834969855
E17.4,5,0.25,0.1985683203731586
E17.4,6,0.3,0.2643203056721417
E17.4,7,0.35,0.3235563264936275
E17.4,8,0.4,0.3757126415278322
E17.4,9,0.45,0.4215357432504222
E17.4,10,0.5,0.462092784696038
E17.4,11,0.55,0.4983676757476024
E17.4,12,0.6,0.5311471765476756
E17.4,13,0.65,0.561024098342425
E17.4,14,0.7,0.5884362201526281
E17.4,15,0.75,0.613708182325767
E17.4,16,0.8,0.6370858037273163
E17.4,17,0.85,0.6587611992632775
E17.4,18,0.9,0.678890080512723
E17.4,19,0.95,0.6976032356132577
E17.4,20,1.0,0.7150139633044477
E17.4,21,1.05,0.7312228127618877
E17.4,22,1.1,0.7463205828727326
E17.4,23,1.15,0.7603902237319775
E17.4,24,1.2,0.7735080601887341
E17.4,25,1.25,0.7857446049956384
E17.4,26,1.3,0.7971651283887193
E17.4,27,1.35,0.8078300858597545
E17.4,28,1.4,0.817795464679982
E17.4,29,1.45,0.8271130841306937
E17.4,30,1.5,0.8358308688073004
E17.4,31,1.55,0.8439931051011156
E17.4,32,1.6,0.8516406856342775
E17.4,33,1.65,0.8588113434968274
E17.4,34,1.7,0.8655398766439586
E17.4,35,1.75,0.8718583621531446
E17.4,36,1.8,0.8777963598452387
E17.4,37,1.85,0.8833811048178262
E17.4,38,1.9,0.8886376885922034
E17.4,39,1.95,0.8935892287632257
E17.4,40,2.0,0.8982570272243104
E17.4,41,2.05,0.9026607171990316
E17.4,42,2.1,0.906818399438762
E17.4,43,2.15,0.9107467680420308
E17.4,44,2.2,0.9144612264183054
E17.4,45,2.25,0.9179759939608692
E17.4,46,2.3,0.9213042040148344
E17.4,47,2.35,0.9244579937313716
E17.4,48,2.4,0.9274485863918186
E17.4,49,2.45,0.9302863667686924
E17.4,50,2.5,0.9329809500674764
E17.4,51,2.55,0.9355412449655804
E17.4,52,2.6,0.9379755112347616
E17.4,53,2.65,0.9402914124018972
E17.4,54,2.7,0.9424960638712794
E17.4,55,2.75,0.944596076900326
E17.4,56,2.8,0.9465975987902652
E17.4,57,2.85,0.948506349624322
E17.4,58,2.9,0.9503276558584488
E17.4,59,2.95,0.9520664810438304
E17.4,60,3.0,0.9537274539363017
E17.4,61,3.05,0.9553148942254732
E17.4,62,3.1,0.956832836095726
E17.4,63,3.15,0.9582850498122258
E17.4,64,3.2,0.9596750615076955
E17.4,65,3.25,0.9610061713297284
E17.4,66,3.3,0.9622814700938624
E17.4,67,3.35,0.9635038545743596
E17.4,68,3.4,0.9646760415525562
E17.4,69,3.45,0.9658005807316464
E17.4,70,3.5,0.966879866616804
E17.4,71,3.55,0.9679161494504652
E17.4,72,3.6,0.9689115452843948
E17.4,73,3.65,0.969868045262699
E17.4,74,3.7,0.9707875241831978
E17.4,75,3.75,0.971671748398448
E17.4,76,3.8,0.9725223831121638
E17.4,77,3.85,0.9733409991217578
E17.4,78,3.9,0.974129079053169
E17.4,79,3.94999999999999,0.9748880231300234
E17.4,80,3.99999999999999,0.9756191545154288
E18.1,0,0.0,0.0
E18.1,1,0.05,6.805918751236036e-06
E18.1,2,0.1,0.0021040786754215
E18.1,3,0.15,0.0208438060530872
E18.1,4,0.2,0.0710991150038845
E18.1,5,0.25,0.1501279228467819
E18.1,6,0.3,0.2445382102479672
E18.1,7,0.35,0.3411216325026097
E18.1,8,0.4,0.4313934200808828
E18.1,9,0.45,0.5114780618590664
E18.1,10,0.5,0.5805114348103111
E18.1,11,0.55,0.6391735764199176
E18.1,12,0.6,0.6887477453604414
E18.1,13,0.65,0.7306245639497183
E18.1,14,0.7,0.7660832539342481
E18.1,15,0.75,0.7962192957335728
E18.1,16,0.8,0.8219397018390274
E18.1,17,0.85,0.8439845037336239
E18.1,18,0.9,0.8629549449568404
E18.1,19,0.95,0.8793402729905238
E18.1,20,1.0,0.8935404452388555
E18.1,21,1.05,0.9058844036971676
E18.1,22,1.1,0.9166444391595898
E18.1,23,1.15,0.926047382079256
E18.1,24,1.2,0.93428331743424
E18.1,25,1.25,0.9415124016038487
E18.1,26,1.3,0.9478702325780246
E18.1,27,1.35,0.9534721159175622
E18.1,28,1.4,0.9584164830353342
E18.1,29,1.45,0.962787653485174
E18.1,30,1.5,0.9666580849001312
E18.1,31,1.55,0.970090218937245
E18.1,32,1.6,0.973138005689773
E18.1,33,1.65,0.9758481699414986
E18.1,34,1.7,0.97826126846681
E18.1,35,1.75,0.980412576961056
E18.1,36,1.8,0.9823328371461348
E18.1,37,1.85,0.9840488884449856
E18.1,38,1.9,0.9855842038627324
E18.1,39,1.95,0.9869593459982614
E18.1,40,2.0,0.9881923561825194
E18.1,41,2.05,0.9892990874123744
E18.1,42,2.1,0.9902934898839708
E18.1,43,2.15,0.9911878564246592
E18.1,44,2.2,0.9919930339005324
E18.1,45,2.25,0.9927186056785172
E18.1,46,2.3,0.9933730494026506
E18.1,47,2.35,0.9939638736684108
E18.1,48,2.4,0.994497736619334
E18.1,49,2.45,0.9949805490248568
E18.1,50,2.5,0.9954175640101364
E18.1,51,2.55,0.9958134552836948
E18.1,52,2.6,0.9961723854359708
E18.1,53,2.65,0.9964980656522532
E18.1,54,2.7,0.996793807989672
E18.1,55,2.75,0.9970625712039644
E18.1,56,2.8,0.9973070009726904
E18.1,57,2.85,0.9975294652434143
E18.1,58,2.9,0.9977320853347432
E18.1,59,2.95,0.9979167633322548
E18.1,60,3.0,0.99808520624795
E18.1,61,3.05,0.9982389473490154
E18.1,62,3.1,0.9983793650077496
E18.1,63,3.15,0.9985076993781914
E18.1,64,3.2,0.9986250671650988
E18.1,65,3.25,0.9987324747165688
E18.1,66,3.3,0.9988308296419136
E18.1,67,3.35,0.9989209511307692
E18.1,68,3.4,0.9990035791272024
E18.1,69,3.45,0.9990793824933536
E18.1,70,3.5,0.9991489662804302
E18.1,71,3.55,0.999212878210377
E18.1,72,3.6,0.9992716144588972
E18.1,73,3.65,0.9993256248195134
E18.1,74,3.7,0.9993753173187576
E18.1,75,3.75,0.9994210623442006
E18.1,76,3.8,0.999463196339711
E18.1,77,3.85,0.9995020251159312
E18.1,78,3.9,0.9995378268183338
E18.1,79,3.94999999999999,0.9995708545903152
E18.1,80,3.99999999999999,0.9996013389644492
E18.2,0,0.0,0.0
E18.2,1,0.05,0.000152753712726
E18.2,2,0.1,0.0126378580421761
E18.2,3,0.15,0.0658974041805305
E18.2,4,0.2,0.1549629430567155
E18.2,5,0.25,0.2564042877714849
E18.2,6,0.3,0.3528788109719111
E18.2,7,0.35,0.4376781092090684
E18.2,8,0.4,0.5102967109040971
E18.2,9,0.45,0.5723546004322344
E18.2,10,0.5,0.6257002185857055
E18.2,11,0.55,0.6718539420372192
E18.2,12,0.6,0.7119722311188001
E18.2,13,0.65,0.7469405605323072
E18.2,14,0.7,0.7774632674194348
E18.2,15,0.75,0.804123729119776
E18.2,16,0.8,0.8274196040963187
E18.2,17,0.85,0.8477826014249226
E18.2,18,0.9,0.8655899459622606
E18.2,19,0.95,0.8811717837760596
E18.2,20,1.0,0.8948167161071072
E18.2,21,1.05,0.906776465537336
E18.2,22,1.1,0.9172700753797948
E18.2,23,1.15,0.9264877701308252
E18.2,24,1.2,0.9345944990474652
E18.2,25,1.25,0.941733155833296
E18.2,26,1.3,0.9480274688117192
E18.2,27,1.35,0.9535845662929824
E18.2,28,1.4,0.9584972321850208
E18.2,29,1.45,0.9628458743315867
E18.2,30,1.5,0.966700232233412
E18.2,31,1.55,0.9701208523017392
E18.2,32,1.6,0.9731603583939776
E18.2,33,1.65,0.9758645437917878
E18.2,34,1.7,0.9782733085416656
E18.2,35,1.75,0.9804214635637226
E18.2,36,1.8,0.9823394203902864
E18.2,37,1.85,0.9840537829690256
E18.2,38,1.9,0.9855878557347384
E18.2,39,1.95,0.9869620801545465
E18.2,40,2.0,0.9881944101899982
E18.2,41,2.05,0.9893006355872732
E18.2,42,2.1,0.9902946605853024
E18.2,43,2.15,0.991188744499405
E18.2,44,2.2,0.9919937096722364
E18.2,45,2.25,0.9927191214625656
E18.2,46,2.3,0.9933734442454344
E18.2,47,2.35,0.9939641768065166
E18.2,48,2.4,0.9944979700130724
E18.2,49,2.45,0.9949807292200532
E18.2,50,2.5,0.9954177035107944
E18.2,51,2.55,0.995813563567306
E18.2,52,2.6,0.9961724697068868
E18.2,53,2.65,0.9964981314024366
E18.2,54,2.7,0.9967938594173515
E18.2,55,2.75,0.9970626115271368
E18.2,56,2.8,0.99730703266457
E18.2,57,2.85,0.9975294902097738
E18.2,58,2.9,0.997732105047862
E18.2,59,2.95,0.9979167789323752
E18.2,60,3.0,0.9980852186203296
E18.2,61,3.05,0.9982389571826008
E18.2,62,3.1,0.9983793728399764
E18.2,63,3.15,0.998507705629272
E18.2,64,3.2,0.9986250721643366
E18.2,65,3.25,0.9987324787225982
E18.2,66,3.3,0.9988308328583092
E18.2,67,3.35,0.9989209537181092
E18.2,68,3.4,0.9990035812124164
E18.2,69,3.45,0.9990793841769788
E18.2,70,3.5,0.9991489676422604
E18.2,71,3.55,0.999212879313868
E18.2,72,3.6,0.99927161535461
E18.2,73,3.65,0.9993256255478118
E18.2,74,3.7,0.9993753179119248
E18.2,75,3.75,0.999421062828104
E18.2,76,3.8,0.999463196735116
E18.2,77,3.85,0.9995020254395356
E18.2,78,3.9,0.9995378270835892
E18.2,79,3.94999999999999,0.9995708548080756
E18.2,80,3.99999999999999,0.9996013391434888
E18.3,0,0.0,0.0
E18.3,1,0.05,9.877060372692429e-08
E18.3,2,0.1,0.0001282664155599
E18.3,3,0.15,0.0025709258422763
E18.3,4,0.2,0.0135396767248034
E18.3,5,0.25,0.0388334528287375
E18.3,6,0.3,0.0798974657033559
E18.3,7,0.35,0.1341262368128613
E18.3,8,0.4,0.1969360639590504
E18.3,9,0.45,0.2636075126970774
E18.3,10,0.5,0.3302914712617635
E18.3,11,0.55,0.3943074829493251
E18.3,12,0.6,0.4540456448149553
E18.3,13,0.65,0.508719613379862
E18.3,14,0.7,0.5581085980150978
E18.3,15,0.75,0.6023449370114816
E18.3,16,0.8,0.6417593949520365
E18.3,17,0.85,0.6767773240874211
E18.3,18,0.9,0.7078534522140543
E18.3,19,0.95,0.7354336106745385
E18.3,20,1.0,0.7599341809540885
E18.3,21,1.05,0.7817326505703432
E18.3,22,1.1,0.8011648147129328
E18.3,23,1.15,0.8185257343322796
E18.3,24,1.2,0.834072644384833
E18.3,25,1.25,0.8480287203421518
E18.3,26,1.3,0.8605870680580983
E18.3,27,1.35,0.8719145870743699
E18.3,28,1.4,0.8821555308903182
E18.3,29,1.45,0.8914346904289931
E18.3,30,1.5,0.8998601855958033
E18.3,31,1.55,0.9075258815501528
E18.3,32,1.6,0.9145134618737472
E18.3,33,1.65,0.9208941969276092
E18.3,34,1.7,0.9267304464622678
E18.3,35,1.75,0.9320769334775096
E18.3,36,1.8,0.9369818229051312
E18.3,37,1.85,0.941487634773324
E18.3,38,1.9,0.9456320175875474
E18.3,39,1.95,0.9494484039834782
E18.3,40,2.0,0.9529665673902786
E18.3,41,2.05,0.9562130955257154
E18.3,42,2.1,0.9592117940234608
E18.3,43,2.15,0.9619840313394924
E18.3,44,2.2,0.9645490342608936
E18.3,45,2.25,0.9669241418056
E18.3,46,2.3,0.969125024015852
E18.3,47,2.35,0.9711658710743712
E18.3,48,2.4,0.9730595572777304
E18.3,49,2.45,0.9748177836572368
E18.3,50,2.5,0.9764512024191988
E18.3,51,2.55,0.9779695258627056
E18.3,52,2.6,0.9793816220062584
E18.3,53,2.65,0.9806955987999372
E18.3,54,2.7,0.9819188785048596
E18.3,55,2.75,0.9830582635762032
E18.3,56,2.8,0.9841199951814866
E18.3,57,2.85,0.9851098053150488
E18.3,58,2.9,0.9860329633269505
E18.3,59,2.95,0.9868943175649714
E18.3,60,3.0,0.9876983327280572
E18.3,61,3.05,0.988449123445201
E18.3,62,3.1,0.9891504845226116
E18.3,63,3.15,0.9898059182419056
E18.3,64,3.2,0.9904186590411328
E18.3,65,3.25,0.9909916958671584
E18.3,66,3.3,0.9915277924510686
E18.3,67,3.35,0.9920295057267507
E18.3,68,3.4,0.992499202585814
E18.3,69,3.45,0.9929390751388012
E18.3,70,3.5,0.9933511546326532
E18.3,71,3.55,0.9937373241570798
E18.3,72,3.6,0.9940993302574982
E18.3,73,3.65,0.994438793559152
E18.3,74,3.7,0.9947572184956404
E18.3,75,3.75,0.9950560022251346
E18.3,76,3.8,0.9953364428088116
E18.3,77,3.85,0.9955997467183648
E18.3,78,3.9,0.9958470357326578
E18.3,79,3.94999999999999,0.996079353277602
E18.3,80,3.99999999999999,0.9962976702580192
E18.4,0,0.0,0.0
E18.4,1,0.05,2.1534483500683607e-05
E18.4,2,0.1,0.0037821902749565
E18.4,3,0.15,0.0268032616673978
E18.4,4,0.2,0.0747984995391388
E18.4,5,0.25,0.1394719052963181
E18.4,6,0.3,0.209669568531945
E18.4,7,0.35,0.2776484550564738
E18.4,8,0.4,0.3400380803374314
E18.4,9,0.45,0.3963035706601667
E18.4,10,0.5,0.4470989043288869
E18.4,11,0.55,0.4933000644652885
E18.4,12,0.6,0.535624401820236
E18.4,13,0.65,0.5745637890672127
E18.4,14,0.7,0.6104353399855398
E18.4,15,0.75,0.6434520703521073
E18.4,16,0.8,0.6737780677319339
E18.4,17,0.85,0.7015620368426179
E18.4,18,0.9,0.7269535377235945
E18.4,19,0.95,0.750108148635533
E18.4,20,1.0,0.7711866782522321
E18.4,21,1.05,0.7903518493304926
E18.4,22,1.1,0.8077644372453803
E18.4,23,1.15,0.8235798535891856
E18.4,24,1.2,0.8379455593129049
E18.4,25,1.25,0.8509993609031519
E18.4,26,1.3,0.8628684857817843
E18.4,27,1.35,0.8736692761696581
E18.4,28,1.4,0.883507336454089
E18.4,29,1.45,0.8924779890711144
E18.4,30,1.5,0.900666922123407
E18.4,31,1.55,0.908150940258313
E18.4,32,1.6,0.914998755101756
E18.4,33,1.65,0.9212717716145544
E18.4,34,1.7,0.9270248421698783
E18.4,35,1.75,0.9323069715403106
E18.4,36,1.8,0.9371619640892264
E18.4,37,1.85,0.941629010022992
E18.4,38,1.9,0.9457432112191256
E18.4,39,1.95,0.9495360494224092
E18.4,40,2.0,0.9530358009018124
E18.4,41,2.05,0.9562679022919538
E18.4,42,2.1,0.9592552725285364
E18.4,43,2.15,0.9620185956891985
E18.4,44,2.2,0.9645765692830636
E18.4,45,2.25,0.966946122171825
E18.4,46,2.3,0.9691426059046732
E18.4,47,2.35,0.9711799628424264
E18.4,48,2.4,0.9730708740537596
E18.4,49,2.45,0.9748268896003895
E18.4,50,2.5,0.9764585434945118
E18.4,51,2.55,0.9779754553128256
E18.4,52,2.6,0.9793864201868204
E18.4,53,2.65,0.9806994886568148
E18.4,54,2.7,0.9819220376749996
E18.4,55,2.75,0.983060833867452
E18.4,56,2.8,0.9841220900137916
E18.4,57,2.85,0.985111515572904
E18.4,58,2.9,0.9860343619712468
E18.4,59,2.95,0.9868954632742342
E18.4,60,3.0,0.9876992727788256
E18.4,61,3.05,0.9884498959948343
E18.4,62,3.1,0.9891511204218671
E18.4,63,3.15,0.9898064424768
E18.4,64,3.2,0.9904190918819948
E18.4,65,3.25,0.9909920537859798
E18.4,66,3.3,0.9915280888551722
E18.4,67,3.35,0.992029751546584
E18.4,68,3.4,0.9924994067466804
E18.4,69,3.45,0.9929392449400952
E18.4,70,3.5,0.9933512960532446
E18.4,71,3.55,0.9937374421016356
E18.4,72,3.6,0.9940994287554916
E18.4,73,3.65,0.9944388759259014
E18.4,74,3.7,0.994757287462834
E18.4,75,3.75,0.9950560600467828
E18.4,76,3.8,0.9953364913473908
E18.4,77,3.85,0.9955997875149584
E18.4,78,3.9,0.9958470700641552
E18.4,79,3.94999999999999,0.9960793822034112
E18.4,80,3.99999999999999,0.9962976946582704
E18.5,0,0.0,0.0
E18.5,1,0.05,8.278872502161688e-09
E18.5,2,0.1,2.3819171028010558e-05
E18.5,3,0.15,0.0007296628512987
E18.5,4,0.2,0.0049947934588159
E18.5,5,0.25,0.0170579732486594
E18.5,6,0.3,0.0397337200189827
E18.5,7,0.35,0.0732653338773481
E18.5,8,0.4,0.1159183850613378
E18.5,9,0.45,0.1650489370344568
E18.5,10,0.5,0.2179316008823978
E18.5,11,0.55,0.2722088718236717
E18.5,12,0.6,0.3260541597246451
E18.5,13,0.65,0.3781713354321155
E18.5,14,0.7,0.427720145398035
E18.5,15,0.75,0.4742192553645593
E18.5,16,0.8,0.517452546497894
E18.5,17,0.85,0.5573891929946186
E18.5,18,0.9,0.5941202654288381
E18.5,19,0.95,0.6278109831062217
E18.5,20,1.0,0.6586663037026406
E18.5,21,1.05,0.6869071868167138
E18.5,22,1.1,0.7127550188660565
E18.5,23,1.15,0.7364220420452088
E18.5,24,1.2,0.7581060398345689
E18.5,25,1.25,0.7779879229937066
E18.5,26,1.3,0.796231201082259
E18.5,27,1.35,0.812982605055631
E18.5,28,1.4,0.8283733474556383
E18.5,29,1.45,0.8425206747064579
E18.5,30,1.5,0.8555294896891602
E18.5,31,1.55,0.8674939109781767
E18.5,32,1.6,0.8784986959898332
E18.5,33,1.65,0.88862049573014
E18.5,34,1.7,0.8979289344493468
E18.5,35,1.75,0.9064875227014316
E18.5,36,1.8,0.9143544203886802
E18.5,37,1.85,0.9215830697874228
E18.5,38,1.9,0.9282227190484342
E18.5,39,1.95,0.9343188554598127
E18.5,40,2.0,0.939913565670466
E18.5,41,2.05,0.945045837630475
E18.5,42,2.1,0.9497518165392762
E18.5,43,2.15,0.9540650247928262
E18.5,44,2.2,0.9580165538824168
E18.5,45,2.25,0.9616352344564344
E18.5,46,2.3,0.9649477893111998
E18.5,47,2.35,0.9679789729064302
E18.5,48,2.4,0.9707517000728608
E18.5,49,2.45,0.97328716585853
E18.5,50,2.5,0.975604957911046
E18.5,51,2.55,0.9777231623833676
E18.5,52,2.6,0.9796584640516552
E18.5,53,2.65,0.9814262411211502
E18.5,54,2.7,0.9830406550495104
E18.5,55,2.75,0.9845147356200468
E18.5,56,2.8,0.9858604614366296
E18.5,57,2.85,0.9870888359773312
E18.5,58,2.9,0.9882099593271306
E18.5,59,2.95,0.98923309570517
E18.5,60,3.0,0.9901667369046429
E18.5,61,3.05,0.9910186617701108
E18.5,62,3.1,0.991795991845612
E18.5,63,3.15,0.9925052433357264
E18.5,64,3.2,0.9931523755298136
E18.5,65,3.25,0.9937428358462688
E18.5,66,3.3,0.9942816016585858
E18.5,67,3.35,0.9947732190681128
E18.5,68,3.4,0.9952218387896776
E18.5,69,3.45,0.9956312493158792
E18.5,70,3.5,0.9960049075239402
E18.5,71,3.55,0.9963459668858085
E18.5,72,3.6,0.9966573034378868
E18.5,73,3.65,0.9969415396615828
E18.5,74,3.7,0.9972010664199774
E18.5,75,3.75,0.997438063089508
E18.5,76,3.8,0.9976545160188168
E18.5,77,3.85,0.9978522354399368
E18.5,78,3.9,0.9980328709499268
E18.5,79,3.94999999999999,0.9981979256740215
E18.5,80,3.99999999999999,0.9983487692143794
E18.6,0,0.0,0.0
E18.6,1,0.05,8.672009498989607e-06
E18.6,2,0.1,0.00222619757233
E18.6,3,0.15,0.0190007488759691
E18.6,4,0.2,0.0584166511220752
E18.6,5,0.25,0.1145216242859862
E18.6,6,0.3,0.1763350424169285
E18.6,7,0.35,0.2354968853934937
E18.6,8,0.4,0.2883166302265073
E18.6,9,0.45,0.3345393011712226
E18.6,10,0.5,0.3754856760633469
E18.6,11,0.55,0.4127578889953274
E18.6,12,0.6,0.4476364158548715
E18.6,13,0.65,0.4809319468675996
E18.6,14,0.7,0.5130513234985752
E18.6,15,0.75,0.5441265187072329
E18.6,16,0.8,0.5741349965262441
E18.6,17,0.85,0.602987695776465
E18.6,18,0.9,0.630583797184497
E18.6,19,0.95,0.6568396907559764
E18.6,20,1.0,0.6817007523590868
E18.6,21,1.05,0.7051430202687252
E18.6,22,1.1,0.7271697498142238
E18.6,23,1.15,0.7478059693736494
E18.6,24,1.2,0.7670927971710724
E18.6,25,1.25,0.7850823799998268
E18.6,26,1.3,0.8018337747551214
E18.6,27,1.35,0.8174097991262135
E18.6,28,1.4,0.8318747382227936
E18.6,29,1.45,0.8452927446503934
E18.6,30,1.5,0.8577267682441982
E18.6,31,1.55,0.8692378724252883
E18.6,32,1.6,0.8798848222218869
E18.6,33,1.65,0.8897238567438984
E18.6,34,1.7,0.8988085828833933
E18.6,35,1.75,0.907189946170392
E18.6,36,1.8,0.9149162491816384
E18.6,37,1.85,0.9220331983464816
E18.6,38,1.9,0.92858396723841
E18.6,39,1.95,0.9346092692685533
E18.6,40,2.0,0.9401474357789072
E18.6,41,2.05,0.9452344974014658
E18.6,42,2.1,0.949904267608174
E18.6,43,2.15,0.9541884279185132
E18.6,44,2.2,0.9581166144612904
E18.6,45,2.25,0.9617165056427642
E18.6,46,2.3,0.9650139106436432
E18.6,47,2.35,0.9680328584073276
E18.6,48,2.4,0.9707956867221412
E18.6,49,2.45,0.9733231309568244
E18.6,50,2.5,0.9756344119872252
E18.6,51,2.55,0.977747322853139
E18.6,52,2.6,0.9796783137047832
E18.6,53,2.65,0.981442574634263
E18.6,54,2.7,0.9830541160340962
E18.6,55,2.75,0.9845258461781906
E18.6,56,2.8,0.9858696457770182
E18.6,57,2.85,0.9870964393151588
E18.6,58,2.9,0.9882162630336948
E18.6,59,2.95,0.9892383294705528
E18.6,60,3.0,0.9901710885177796
E18.6,61,3.05,0.9910222849953346
E18.6,62,3.1,0.9917990127760584
E18.6,63,3.15,0.9925077655260844
E18.6,64,3.2,0.9931544841493182
E18.6,65,3.25,0.993744601044081
E18.6,66,3.3,0.994283081295056
E18.6,67,3.35,0.994774460934726
E18.6,68,3.4,0.9952228824160833
E18.6,69,3.45,0.9956321274429656
E18.6,70,3.5,0.9960056473064168
E18.6,71,3.55,0.9963465908753716
E18.6,72,3.6,0.9966578303881478
E18.6,73,3.65,0.9969419851879926
E18.6,74,3.7,0.9972014435416204
E18.6,75,3.75,0.997438382674524
E18.6,76,3.8,0.997654787151084
E18.6,77,3.85,0.9978524657213416
E18.6,78,3.9,0.9980330667498656
E18.6,79,3.94999999999999,0.9981980923356124
E18.6,80,3.99999999999999,0.9983489112251156
E2.1,0,0.0,0.0
E2.1,1,0.05,0.0029556196787762
E2.1,2,0.1,0.015830343469462
E2.1,3,0.15,0.0351546177134675
E2.1,4,0.2,0.0638766739663663
E2.1,5,0.25,0.1051012587953404
E2.1,6,0.3,0.1575804218390517
E2.1,7,0.35,0.2172715096541013
E2.1,8,0.4,0.2798786381960753
E2.1,9,0.45,0.3421381970502601
E2.1,10,0.5,0.4020157081672388
E2.1,11,0.55,0.4584372009974838
E2.1,12,0.6,0.5109469280050112
E2.1,13,0.65,0.5594398793861002
E2.1,14,0.7,0.6039911051274716
E2.1,15,0.75,0.6447600383069482
E2.1,16,0.8,0.6819421654720819
E2.1,17,0.85,0.7157468287869797
E2.1,18,0.9,0.7463878243413422
E2.1,19,0.95,0.7740794552372985
E2.1,20,1.0,0.7990344712589398
E2.1,21,1.05,0.8214624216992874
E2.1,22,1.1,0.8415679813730479
E2.1,23,1.15,0.8595492459526501
E2.1,24,1.2,0.8755961265863238
E2.1,25,1.25,0.8898889738482364
E2.1,26,1.3,0.9025975150812974
E2.1,27,1.35,0.913880137899078
E2.1,28,1.4,0.9238835118013692
E2.1,29,1.45,0.932742513162924
E2.1,30,1.5,0.940580404750967
E2.1,31,1.55,0.9475092162540226
E2.1,32,1.6,0.9536302738733222
E2.1,33,1.65,0.9590348322271552
E2.1,34,1.7,0.963804768743198
E2.1,35,1.75,0.9680133080923152
E2.1,36,1.8,0.9717257512733096
E2.1,37,1.85,0.9750001902715608
E2.1,38,1.9,0.9778881946046868
E2.1,39,1.95,0.9804354605050304
E2.1,40,2.0,0.9826824170285544
E2.1,41,2.05,0.9846647861236508
E2.1,42,2.1,0.9864140957591953
E2.1,43,2.15,0.987958146717102
E2.1,44,2.2,0.98932143470997
E2.1,45,2.25,0.9905255301853694
E2.1,46,2.3,0.9915894186065396
E2.1,47,2.35,0.9925298042221672
E2.1,48,2.4,0.9933613804099825
E2.1,49,2.45,0.9940970696433192
E2.1,50,2.5,0.9947482360201344
E2.1,51,2.55,0.9953248731360594
E2.1,52,2.6,0.9958357698961996
E2.1,53,2.65,0.9962886566589232
E2.1,54,2.7,0.9966903338991168
E2.1,55,2.75,0.9970467853755588
E2.1,56,2.8,0.9973632775920984
E2.1,57,2.85,0.9976444471583176
E2.1,58,2.9,0.9978943774841748
E2.1,59,2.95,0.998116666085591
E2.1,60,3.0,0.998314483634288
E2.1,61,3.05,0.9984906257551156
E2.1,62,3.1,0.99864755845704
E2.1,63,3.15,0.9987874579791266
E2.1,64,3.2,0.998912245739343
E2.1,65,3.25,0.9990236189909116
E2.1,66,3.3,0.9991230777172884
E2.1,67,3.35,0.999211948231753
E2.1,68,3.4,0.9992914038901702
E2.1,69,3.45,0.999362483274918
E2.1,70,3.5,0.999426106163522
E2.1,71,3.55,0.9994830875565016
E2.1,72,3.6,0.9995341500046884
E2.1,73,3.65,0.9995799344462672
E2.1,74,3.7,0.9996210097375144
E2.1,75,3.75,0.9996578810382022
E2.1,76,3.8,0.9996909971925094
E2.1,77,3.85,0.9997207572286936
E2.1,78,3.9,0.99974751608538
E2.1,79,3.94999999999999,0.999771589658884
E2.1,80,3.99999999999999,0.9997932592542208
E2.2,0,0.0,0.0
E2.2,1,0.05,0.0035685713113212
E2.2,2,0.1,0.0193300164441651
E2.2,3,0.15,0.0464811135879428
E2.2,4,0.2,0.0961702153729522
E2.2,5,0.25,0.1690189430798341
E2.2,6,0.3,0.2531584680846166
E2.2,7,0.35,0.3367326841610786
E2.2,8,0.4,0.4135551296852569
E2.2,9,0.45,0.4821381770360911
E2.2,10,0.5,0.5432064642096446
E2.2,11,0.55,0.597987275769184
E2.2,12,0.6,0.6474808054793784
E2.2,13,0.65,0.6923169258601145
E2.2,14,0.7,0.7328465350826097
E2.2,15,0.75,0.7692758513280225
E2.2,16,0.8,0.8017696477940007
E2.2,17,0.85,0.8305095357621566
E2.2,18,0.9,0.8557162890456846
E2.2,19,0.95,0.8776498530945462
E2.2,20,1.0,0.896598400928849
E2.2,21,1.05,0.9128639679203204
E2.2,22,1.1,0.9267488752431566
E2.2,23,1.15,0.9385448415758864
E2.2,24,1.2,0.9485252891992388
E2.2,25,1.25,0.956940619538309
E2.2,26,1.3,0.964015922293766
E2.2,27,1.35,0.969950510719492
E2.2,28,1.4,0.9749187242418792
E2.2,29,1.45,0.9790715370225668
E2.2,30,1.5,0.9825386180957864
E2.2,31,1.55,0.985430586331428
E2.2,32,1.6,0.987841284278016
E2.2,33,1.65,0.9898499577083988
E2.2,34,1.7,0.9915232741380522
E2.2,35,1.75,0.9929171465213228
E2.2,36,1.8,0.994078350706548
E2.2,37,1.85,0.9950459396986444
E2.2,38,1.9,0.9958524665304054
E2.2,39,1.95,0.9965250323007327
E2.2,40,2.0,0.9970861779964318
E2.2,41,2.05,0.9975546390223624
E2.2,42,2.1,0.9979459805973324
E2.2,43,2.15,0.9982731307972202
E2.2,44,2.2,0.9985468263567024
E2.2,45,2.25,0.9987759845809075
E2.2,46,2.3,0.9989680129952142
E2.2,47,2.35,0.9991290667489512
E2.2,48,2.4,0.9992642623249428
E2.2,49,2.45,0.9993778548063706
E2.2,50,2.5,0.9994733848154752
E2.2,51,2.55,0.9995538002567452
E2.2,52,2.6,0.9996215571573156
E2.2,53,2.65,0.9996787031842572
E2.2,54,2.7,0.9997269468167
E2.2,55,2.75,0.999767714645456
E2.2,56,2.8,0.9998021988501288
E2.2,57,2.85,0.9998313965512852
E2.2,58,2.9,0.9998561424421696
E2.2,59,2.95,0.9998771358611984
E2.2,60,3.0,0.9998949632649174
E2.2,61,3.05,0.9999101168943264
E2.2,62,3.1,0.9999230102896048
E2.2,63,3.15,0.999933991194382
E2.2,64,3.2,0.9999433522966724
E2.2,65,3.25,0.9999513401759872
E2.2,66,3.3,0.999958162762102
E2.2,67,3.35,0.9999639955581252
E2.2,68,3.4,0.9999689868369084
E2.2,69,3.45,0.9999732619838496
E2.2,70,3.5,0.9999769271294447
E2.2,71,3.55,0.9999800721903952
E2.2,72,3.6,0.9999827734178154
E2.2,73,3.65,0.9999850955343312
E2.2,74,3.7,0.9999870935279948
E2.2,75,3.75,0.9999888141594824
E2.2,76,3.8,0.999990297229542
E2.2,77,3.85,0.9999915766457927
E2.2,78,3.9,0.9999926813214493
E2.2,79,3.94999999999999,0.99999363593314
E2.2,80,3.99999999999999,0.9999944615604868
E2.3,0,0.0,0.0
E2.3,1,0.05,0.0017162975148824
E2.3,2,0.1,0.0148678719921707
E2.3,3,0.15,0.0417487936011373
E2.3,4,0.2,0.0898586110006805
E2.3,5,0.25,0.1604518911587258
E2.3,6,0.3,0.2440144804608154
E2.3,7,0.35,0.3297247798109646
E2.3,8,0.4,0.4109641472999469
E2.3,9,0.45,0.4851716395479714
E2.3,10,0.5,0.5520027458537593
E2.3,11,0.55,0.6119071927055355
E2.3,12,0.6,0.6654495463638808
E2.3,13,0.65,0.7131074031743054
E2.3,14,0.7,0.7552734932368377
E2.3,15,0.75,0.7923073637576838
E2.3,16,0.8,0.8245758083497393
E2.3,17,0.85,0.8524693769480058
E2.3,18,0.9,0.8764003447426245
E2.3,19,0.95,0.89679097765516
E2.3,20,1.0,0.91405908484409
E2.3,21,1.05,0.9286049991005612
E2.3,22,1.1,0.9408018173983456
E2.3,23,1.15,0.9509892672568028
E2.3,24,1.2,0.9594707971623476
E2.3,25,1.25,0.9665131868551416
E2.3,26,1.3,0.9723479362531704
E2.3,27,1.35,0.9771737829043518
E2.3,28,1.4,0.9811598344630064
E2.3,29,1.45,0.9844489406829358
E2.3,30,1.5,0.9871610488178688
E2.3,31,1.55,0.9893963807837476
E2.3,32,1.6,0.9912383405559348
E2.3,33,1.65,0.9927561096029286
E2.3,34,1.7,0.9940069210702828
E2.3,35,1.75,0.9950380240711388
E2.3,36,1.8,0.9958883613108483
E2.3,37,1.85,0.99658998912462
E2.3,38,1.9,0.9971692709018772
E2.3,39,1.95,0.9976478742973084
E2.3,40,2.0,0.9980436006246792
E2.3,41,2.05,0.9983710720958546
E2.3,42,2.1,0.9986422995598172
E2.3,43,2.15,0.998867150397746
E2.3,44,2.2,0.9990537334051278
E2.3,45,2.25,0.9992087149260866
E2.3,46,2.3,0.999337578233459
E2.3,47,2.35,0.9994448361738082
E2.3,48,2.4,0.9995342054044688
E2.3,49,2.45,0.999608749114978
E2.3,50,2.5,0.9996709939189397
E2.3,51,2.55,0.9997230255948542
E2.3,52,2.6,0.9997665675174324
E2.3,53,2.65,0.9998030449284906
E2.3,54,2.7,0.9998336376256856
E2.3,55,2.75,0.9998593231780178
E2.3,56,2.8,0.9998809123919874
E2.3,57,2.85,0.999899078436954
E2.3,58,2.9,0.999914380780325
E2.3,59,2.95,0.9999272848724448
E2.3,60,3.0,0.999938178348978
E2.3,61,3.05,0.9999473843781398
E2.3,62,3.1,0.9999551726655338
E2.3,63,3.15,0.999961768535885
E2.3,64,3.2,0.9999673604346802
E2.3,65,3.25,0.9999721061305004
E2.3,66,3.3,0.9999761378480316
E2.3,67,3.35,0.9999795665202624
E2.3,68,3.4,0.999982485314494
E2.3,69,3.45,0.999984972559098
E2.3,70,3.5,0.9999870941753006
E2.3,71,3.55,0.9999889056997434
E2.3,72,3.6,0.999990453968384
E2.3,73,3.65,0.9999917785198652
E2.3,74,3.7,0.9999929127662728
E2.3,75,3.75,0.999993884970828
E2.3,76,3.8,0.9999947190651776
E2.3,77,3.85,0.9999954353332876
E2.3,78,3.9,0.9999960509842892
E2.3,79,3.94999999999999,0.9999965806327872
E2.3,80,3.99999999999999,0.999997036701985
E2.4,0,0.0,0.0
E2.4,1,0.05,0.0063682354964939
E2.4,2,0.1,0.0313076507399086
E2.4,3,0.15,0.0733459166363705
E2.4,4,0.2,0.1471091871224968
E2.4,5,0.25,0.2485488465610586
E2.4,6,0.3,0.3611558076977939
E2.4,7,0.35,0.4710239580959667
E2.4,8,0.4,0.5704772415483151
E2.4,9,0.45,0.6564411041734237
E2.4,10,0.5,0.7284637938972326
E2.4,11,0.55,0.7874398885388806
E2.4,12,0.6,0.8348835785522783
E2.4,13,0.65,0.8725164899284953
E2.4,14,0.7,0.9020341598031766
E2.4,15,0.75,0.92498147301202
E2.4,16,0.8,0.9426971616333149
E2.4,17,0.85,0.9563010728903376
E2.4,18,0.9,0.9667059415083132
E2.4,19,0.95,0.9746412925193736
E2.4,20,1.0,0.9806816057245183
E2.4,21,1.05,0.9852741579094996
E2.4,22,1.1,0.9887641898463532
E2.4,23,1.15,0.9914164497255832
E2.4,24,1.2,0.993432977944256
E2.4,25,1.25,0.9949674200405048
E2.4,26,1.3,0.9961363351756328
E2.4,27,1.35,0.9970280102293804
E2.4,28,1.4,0.9977092606144712
E2.4,29,1.45,0.9982306383356426
E2.4,30,1.5,0.9986303981948792
E2.4,31,1.55,0.9989375060733338
E2.4,32,1.6,0.9991739141538748
E2.4,33,1.65,0.9993562784437824
E2.4,34,1.7,0.9994972538167736
E2.4,35,1.75,0.9996064699773392
E2.4,36,1.8,0.9996912669368216
E2.4,37,1.85,0.999757249464895
E2.4,38,1.9,0.9998087053653024
E2.4,39,1.95,0.99984892132784
E2.4,40,2.0,0.9998804217219834
E2.4,41,2.05,0.9999051493804488
E2.4,42,2.1,0.999924602673671
E2.4,43,2.15,0.999939939613984
E2.4,44,2.2,0.9999520570575852
E2.4,45,2.25,0.9999616510707542
E2.4,46,2.3,0.9999692630264796
E2.4,47,2.35,0.9999753148725914
E2.4,48,2.4,0.999980136168229
E2.4,49,2.45,0.9999839848512968
E2.4,50,2.5,0.99998706322266
E2.4,51,2.55,0.9999895302737152
E2.4,52,2.6,0.999991511213166
E2.4,53,2.65,0.9999931048443098
E2.4,54,2.7,0.999994389289412
E2.4,55,2.75,0.9999954264404972
E2.4,56,2.8,0.999996265426874
E2.4,57,2.85,0.9999969453220204
E2.4,58,2.9,0.9999974972608816
E2.4,59,2.95,0.9999979460992572
E2.4,60,3.0,0.9999983117168498
E2.4,61,3.05,0.9999986100424708
E2.4,62,3.1,0.9999988538621888
E2.4,63,3.15,0.9999990534575808
E2.4,64,3.2,0.999999217110743
E2.4,65,3.25,0.9999993515046182
E2.4,66,3.3,0.9999994620409128
E2.4,67,3.35,0.9999995530930272
E2.4,68,3.4,0.9999996282076402
E2.4,69,3.45,0.9999996902656498
E2.4,70,3.5,0.9999997416108916
E2.4,71,3.55,0.9999997841532589
E2.4,72,3.6,0.999999819451456
E2.4,73,3.65,0.9999998487795156
E2.4,74,3.7,0.9999998731803564
E2.4,75,3.75,0.999999893508972
E2.4,76,3.8,0.9999999104673156
E2.4,77,3.85,0.999999924632524
E2.4,78,3.9,0.9999999364797818
E2.4,79,3.94999999999999,0.999999946400878
E2.4,80,3.99999999999999,0.999999954719286
E2.5,0,0.0,0.0
E2.5,1,0.05,0.0033257755025628
E2.5,2,0.1,0.042756673312237
E2.5,3,0.15,0.1580345722318808
E2.5,4,0.2,0.3158776097435786
E2.5,5,0.25,0.4503356559189622
E2.5,6,0.3,0.549791166674088
E2.5,7,0.35,0.6272804400014985
E2.5,8,0.4,0.6929266019558686
E2.5,9,0.45,0.7504503743543105
E2.5,10,0.5,0.8004286198193993
E2.5,11,0.55,0.8427766279465556
E2.5,12,0.6,0.8777021266358827
E2.5,13,0.65,0.9058309793084484
E2.5,14,0.7,0.9280546889737964
E2.5,15,0.75,0.945351822963673
E2.5,16,0.8,0.9586617465052946
E2.5,17,0.85,0.9688166565535998
E2.5,18,0.9,0.9765163820705486
E2.5,19,0.95,0.9823289024061088
E2.5,20,1.0,0.986703821704902
E2.5,21,1.05,0.989990734462173
E2.5,22,1.1,0.9924579834488128
E2.5,23,1.15,0.9943096300341876
E2.5,24,1.2,0.9956998180850336
E2.5,25,1.25,0.9967444391715604
E2.5,26,1.3,0.9975303492773276
E2.5,27,1.35,0.9981225138927337
E2.5,28,1.4,0.9985694732452534
E2.5,29,1.45,0.9989074827637944
E2.5,30,1.5,0.999163628579544
E2.5,31,1.55,0.999358160599339
E2.5,32,1.6,0.9995062339771992
E2.5,33,1.65,0.9996192063000754
E2.5,34,1.7,0.9997056027099536
E2.5,35,1.75,0.9997718336452384
E2.5,36,1.8,0.9998227286742092
E2.5,37,1.85,0.9998619337706672
E2.5,38,1.9,0.9998922072401648
E2.5,39,1.95,0.9999156404219736
E2.5,40,2.0,0.999933822528562
E2.5,41,2.05,0.9999479639644476
E2.5,42,2.1,0.9999589887482632
E2.5,43,2.15,0.9999676039114426
E2.5,44,2.2,0.9999743517133916
E2.5,45,2.25,0.9999796490095068
E2.5,46,2.3,0.999983816996306
E2.5,47,2.35,0.9999871037347068
E2.5,48,2.4,0.9999897012424376
E2.5,49,2.45,0.999991758493927
E2.5,50,2.5,0.9999933913296564
E2.5,51,2.55,0.999994690026618
E2.5,52,2.6,0.9999957250948648
E2.5,53,2.65,0.9999965517257108
E2.5,54,2.7,0.9999972132128114
E2.5,55,2.75,0.9999977435890904
E2.5,56,2.8,0.9999981696637086
E2.5,57,2.85,0.9999985125989884
E2.5,58,2.9,0.999998789133824
E2.5,59,2.95,0.9999990125348416
E2.5,60,3.0,0.9999991933374568
E2.5,61,3.05,0.9999993399244343
E2.5,62,3.1,0.9999994589785116
E2.5,63,3.15,0.9999995558372196
E2.5,64,3.2,0.9999996347715856
E2.5,65,3.25,0.9999996992054856
E2.5,66,3.3,0.9999997518886156
E2.5,67,3.35,0.999999795033154
E2.5,68,3.4,0.999999830421942
E2.5,69,3.45,0.9999998594942752
E2.5,70,3.5,0.999999883414066
E2.5,71,3.55,0.999999903124099
E2.5,72,3.6,0.9999999193892928
E2.5,73,3.65,0.999999932831256
E2.5,74,3.7,0.9999999439559372
E2.5,75,3.75,0.9999999531757896
E2.5,76,3.8,0.9999999608275644
E2.5,77,3.85,0.9999999671866218
E2.5,78,3.9,0.9999999724784572
E2.5,79,3.94999999999999,0.9999999768880032
E2.5,80,3.99999999999999,0.9999999805671452
E2.6,0,0.0,0.0
E2.6,1,0.05,0.0066049800690178
E2.6,2,0.1,0.0730493212812199
E2.6,3,0.15,0.2410305176757079
E2.6,4,0.2,0.4124710632248619
E2.6,5,0.25,0.5385040401611026
E2.6,6,0.3,0.6378539115620545
E2.6,7,0.35,0.7240395223936975
E2.6,8,0.4,0.7978069201210043
E2.6,9,0.45,0.8571849034274779
E2.6,10,0.5,0.9020901437652
E2.6,11,0.55,0.9343837968807645
E2.6,12,0.6,0.9567491561757716
E2.6,13,0.65,0.9718210751624552
E2.6,14,0.7,0.9817828304255644
E2.6,15,0.75,0.9882790488741192
E2.6,16,0.8,0.9924773747449944
E2.6,17,0.85,0.995175326545955
E2.6,18,0.9,0.9969036707339984
E2.6,19,0.95,0.9980095175212904
E2.6,20,1.0,0.9987172362625966
E2.6,21,1.05,0.999170770364352
E2.6,22,1.1,0.999462050655439
E2.6,23,1.15,0.9996496558779676
E2.6,24,1.2,0.9997708898800896
E2.6,25,1.25,0.9998495238049236
E2.6,26,1.3,0.9999007297630688
E2.6,27,1.35,0.9999342141748748
E2.6,28,1.4,0.999956204795316
E2.6,29,1.45,0.9999707107277536
E2.6,30,1.5,0.9999803222423318
E2.6,31,1.55,0.9999867194125054
E2.6,32,1.6,0.9999909963767848
E2.6,33,1.65,0.9999938686695042
E2.6,34,1.7,0.9999958062264688
E2.6,35,1.75,0.999997119016645
E2.6,36,1.8,0.999998012383112
E2.6,37,1.85,0.9999986229494658
E2.6,38,1.9,0.9999990420112598
E2.6,39,1.95,0.9999993308374664
E2.6,40,2.0,0.9999995307217004
E2.6,41,2.05,0.9999996696123816
E2.6,42,2.1,0.9999997665046092
E2.6,43,2.15,0.9999998343615631
E2.6,44,2.2,0.9999998820658708
E2.6,45,2.25,0.9999999157284136
E2.6,46,2.3,0.9999999395697614
E2.6,47,2.35,0.9999999565161836
E2.6,48,2.4,0.999999968604275
E2.6,49,2.45,0.9999999772567338
E2.6,50,2.5,0.9999999834710536
E2.6,51,2.55,0.9999999879491196
E2.6,52,2.6,0.9999999911865586
E2.6,53,2.65,0.9999999935345611
E2.6,54,2.7,0.9999999952428216
E2.6,55,2.75,0.9999999964894614
E2.6,56,2.8,0.999999997401962
E2.6,57,2.85,0.999999998071854
E2.6,58,2.9,0.9999999985650628
E2.6,59,2.95,0.9999999989292184
E2.6,60,3.0,0.9999999991988368
E2.6,61,3.05,0.9999999993990047
E2.6,62,3.1,0.9999999995480098
E2.6,63,3.15,0.99999999965922
E2.6,64,3.2,0.9999999997424356
E2.6,65,3.25,0.999999999804861
E2.6,66,3.3,0.9999999998518064
E2.6,67,3.35,0.9999999998871966
E2.6,68,3.4,0.9999999999139392
E2.6,69,3.45,0.999999999934195
E2.6,70,3.5,0.9999999999495724
E2.6,71,3.55,0.9999999999612732
E2.6,72,3.6,0.9999999999701956
E2.6,73,3.65,0.9999999999770148
E2.6,74,3.7,0.9999999999822372
E2.6,75,3.75,0.9999999999862456
E2.6,76,3.8,0.9999999999893284
E2.6,77,3.85,0.999999999991704
E2.6,78,3.9,0.9999999999935386
E2.6,79,3.94999999999999,0.999999999994958
E2.6,80,3.99999999999999,0.9999999999960584
E20.1,0,0.0,0.0
E20.1,1,0.05,0.0033250424940385
E20.1,2,0.1,0.0229533483230548
E20.1,3,0.15,0.0595284917322667
E20.1,4,0.2,0.1084251256059876
E20.1,5,0.25,0.1641292718793298
E20.1,6,0.3,0.2221998672591577
E20.1,7,0.35,0.2796511257365084
E20.1,8,0.4,0.3346873723705664
E20.1,9,0.45,0.3863429351823138
E20.1,10,0.5,0.434189510186283
E20.1,11,0.55,0.4781303623644869
E20.1,12,0.6,0.5182641424259524
E20.1,13,0.65,0.5547976057079124
E20.1,14,0.7,0.5879908914948273
E20.1,15,0.75,0.618123942256277
E20.1,16,0.8,0.6454764606434236
E20.1,17,0.85,0.6703164519796214
E20.1,18,0.9,0.6928941581207885
E20.1,19,0.95,0.713439332655592
E20.1,20,1.0,0.7321605460592723
E20.1,21,1.05,0.7492456850748148
E20.1,22,1.1,0.7648631168188789
E20.1,23,1.15,0.7791631853076413
E20.1,24,1.2,0.7922798350492108
E20.1,25,1.25,0.8043322379352789
E20.1,26,1.3,0.8154263518835559
E20.1,27,1.35,0.8256563728567412
E20.1,28,1.4,0.8351060626990434
E20.1,29,1.45,0.8438499480337308
E20.1,30,1.5,0.8519543930887405
E20.1,31,1.55,0.8594785536139138
E20.1,32,1.6,0.8664752212343234
E20.1,33,1.65,0.8729915684413783
E20.1,34,1.7,0.8790698044733962
E20.1,35,1.75,0.8847477519152732
E20.1,36,1.8,0.8900593531683294
E20.1,37,1.85,0.8950351151432763
E20.1,38,1.9,0.8997024996966401
E20.1,39,1.95,0.9040862665151116
E20.1,40,2.0,0.9082087743823836
E20.1,41,2.05,0.9120902460541211
E20.1,42,2.1,0.915749001324876
E20.1,43,2.15,0.9192016622965912
E20.1,44,2.2,0.9224633343491544
E20.1,45,2.25,0.9255477658648166
E20.1,46,2.3,0.9284674893648214
E20.1,47,2.35,0.9312339463727816
E20.1,48,2.4,0.933857598019642
E20.1,49,2.45,0.9363480231443566
E20.1,50,2.5,0.9387140054178577
E20.1,51,2.55,0.9409636108212458
E20.1,52,2.6,0.9431042566384724
E20.1,53,2.65,0.945142772975739
E20.1,54,2.7,0.9470854576913964
E20.1,55,2.75,0.94893812550866
E20.1,56,2.8,0.9507061519866868
E20.1,57,2.85,0.9523945129415152
E20.1,58,2.9,0.9540078198352956
E20.1,59,2.95,0.9555503515887146
E20.1,60,3.0,0.9570260832161808
E20.1,61,3.05,0.9584387116351604
E20.1,62,3.1,0.9597916789590114
E20.1,63,3.15,0.9610881935459864
E20.1,64,3.2,0.9623312490450098
E20.1,65,3.25,0.9635236416508076
E20.1,66,3.3,0.9646679857564088
E20.1,67,3.35,0.9657667281695214
E20.1,68,3.4,0.9668221610404124
E20.1,69,3.45,0.967836433632322
E20.1,70,3.5,0.9688115630508668
E20.1,71,3.55,0.9697494440360426
E20.1,72,3.6,0.9706518579091192
E20.1,73,3.65,0.9715204807567368
E20.1,74,3.7,0.972356890925692
E20.1,75,3.75,0.973162575894101
E20.1,76,3.8,0.9739389385777252
E20.1,77,3.85,0.9746873031241226
E20.1,78,3.9,0.9754089202418618
E20.1,79,3.94999999999999,0.976104972107209
E20.1,80,3.99999999999999,0.976776576886418
E20.2,0,0.0,0.0
E20.2,1,0.05,0.0028929864571543
E20.2,2,0.1,0.0239074753188134
E20.2,3,0.15,0.0698342832841469
E20.2,4,0.2,0.1359310503714329
E20.2,5,0.25,0.209444749235666
E20.2,6,0.3,0.2807241023439252
E20.2,7,0.35,0.3453984525315467
E20.2,8,0.4,0.4024649214343893
E20.2,9,0.45,0.452431438826074
E20.2,10,0.5,0.4962759610590383
E20.2,11,0.55,0.5349906712495545
E20.2,12,0.6,0.5694272651338925
E20.2,13,0.65,0.6002716472125998
E20.2,14,0.7,0.6280644396822339
E20.2,15,0.75,0.6532318010570781
E20.2,16,0.8,0.6761136353657305
E20.2,17,0.85,0.6969858001576792
E20.2,18,0.9,0.7160764635252719
E20.2,19,0.95,0.733577784686779
E20.2,20,1.0,0.7496541638588634
E20.2,21,1.05,0.7644480829883543
E20.2,22,1.1,0.7780842924905043
E20.2,23,1.15,0.7906728731236369
E20.2,24,1.2,0.8023115326756742
E20.2,25,1.25,0.8130873777406007
E20.2,26,1.3,0.823078319693597
E20.2,27,1.35,0.8323542199974406
E20.2,28,1.4,0.8409778445744125
E20.2,29,1.45,0.8490056739558193
E20.2,30,1.5,0.8564886010080124
E20.2,31,1.55,0.8634725383735948
E20.2,32,1.6,0.8699989514828683
E20.2,33,1.65,0.8761053288662669
E20.2,34,1.7,0.8818255987513384
E20.2,35,1.75,0.8871904990586766
E20.2,36,1.8,0.8922279066034351
E20.2,37,1.85,0.8969631303625973
E20.2,38,1.9,0.9014191729571271
E20.2,39,1.95,0.9056169639432732
E20.2,40,2.0,0.9095755680589211
E20.2,41,2.05,0.913312371197596
E20.2,42,2.1,0.9168432465645552
E20.2,43,2.15,0.920182703193572
E20.2,44,2.2,0.923344018760957
E20.2,45,2.25,0.9263393584193736
E20.2,46,2.3,0.9291798811838968
E20.2,47,2.35,0.9318758352334876
E20.2,48,2.4,0.9344366433401656
E20.2,49,2.45,0.936870979503608
E20.2,50,2.5,0.9391868377490172
E20.2,51,2.55,0.9413915939393028
E20.2,52,2.6,0.9434920613575996
E20.2,53,2.65,0.9454945407316528
E20.2,54,2.7,0.947404865296539
E20.2,55,2.75,0.9492284414255449
E20.2,56,2.8,0.95097028529991
E20.2,57,2.85,0.9526350560356986
E20.2,58,2.9,0.954227085639592
E20.2,59,2.95,0.9557504061242016
E20.2,60,3.0,0.9572087740770018
E20.2,61,3.05,0.9586056929446488
E20.2,62,3.1,0.9599444332657876
E20.2,63,3.15,0.961228051060066
E20.2,64,3.2,0.962459404558554
E20.2,65,3.25,0.9636411694408188
E20.2,66,3.3,0.9647758527261944
E20.2,67,3.35,0.9658658054510832
E20.2,68,3.4,0.9669132342501788
E20.2,69,3.45,0.9679202119471112
E20.2,70,3.5,0.9688886872490068
E20.2,71,3.55,0.9698204936296722
E20.2,72,3.6,0.970717357477388
E20.2,73,3.65,0.9715809055755528
E20.2,74,3.7,0.9724126719774956
E20.2,75,3.75,0.9732141043306214
E20.2,76,3.8,0.9739865696995434
E20.2,77,3.85,0.974731359932954
E20.2,78,3.9,0.9754496966145876
E20.2,79,3.94999999999999,0.9761427356347064
E20.2,80,3.99999999999999,0.9768115714150256
E20.3,0,0.0,0.0
E20.3,1,0.05,0.0039760377476905
E20.3,2,0.1,0.0231904956006049
E20.3,3,0.15,0.0572620308555721
E20.3,4,0.2,0.1020073913036636
E20.3,5,0.25,0.1524962124319716
E20.3,6,0.3,0.204963250766398
E20.3,7,0.35,0.2569971458670222
E20.3,8,0.4,0.307190300580328
E20.3,9,0.45,0.3547865646785201
E20.3,10,0.5,0.3994316103423376
E20.3,11,0.55,0.4410131233033568
E20.3,12,0.6,0.4795618216136684
E20.3,13,0.65,0.5151906148173925
E20.3,14,0.7,0.5480571478245997
E20.3,15,0.75,0.5783406777831468
E20.3,16,0.8,0.606227815223852
E20.3,17,0.85,0.6319038135428552
E20.3,18,0.9,0.6555473713213403
E20.3,19,0.95,0.6773276780200621
E20.3,20,1.0,0.6974028982413338
E20.3,21,1.05,0.7159195765706732
E20.3,22,1.1,0.7330126253850116
E20.3,23,1.15,0.7488056735196369
E20.3,24,1.2,0.7634116288804551
E20.3,25,1.25,0.7769333577392485
E20.3,26,1.3,0.789464416612782
E20.3,27,1.35,0.8010897949667714
E20.3,28,1.4,0.811886642116554
E20.3,29,1.45,0.8219249619653352
E20.3,30,1.5,0.8312682661787318
E20.3,31,1.55,0.839974181080221
E20.3,32,1.6,0.8480950066713044
E20.3,33,1.65,0.855678228216405
E20.3,34,1.7,0.86276698212018
E20.3,35,1.75,0.8694004785968688
E20.3,36,1.8,0.8756143840502368
E20.3,37,1.85,0.8814411662626926
E20.3,38,1.9,0.8869104055132655
E20.3,39,1.95,0.8920490746623498
E20.3,40,2.0,0.8968817910955569
E20.3,41,2.05,0.9014310432367542
E20.3,42,2.1,0.905717394139996
E20.3,43,2.15,0.9097596644641086
E20.3,44,2.2,0.9135750969304838
E20.3,45,2.25,0.917179504169408
E20.3,46,2.3,0.9205874016762086
E20.3,47,2.35,0.9238121274273274
E20.3,48,2.4,0.9268659495488576
E20.3,49,2.45,0.9297601632861466
E20.3,50,2.5,0.9325051783923805
E20.3,51,2.55,0.9351105979359642
E20.3,52,2.6,0.9375852894201826
E20.3,53,2.65,0.9399374490131616
E20.3,54,2.7,0.942174659600653
E20.3,55,2.75,0.9443039432977156
E20.3,56,2.8,0.9463318089871124
E20.3,57,2.85,0.9482642953913628
E20.3,58,2.9,0.9501070101311316
E20.3,59,2.95,0.951865165174312
E20.3,60,3.0,0.9535436090371172
E20.3,61,3.05,0.9551468560601928
E20.3,62,3.1,0.9566791130486484
E20.3,63,3.15,0.9581443035345438
E20.3,64,3.2,0.9595460898933306
E20.3,65,3.25,0.9608878935216634
E20.3,66,3.3,0.962172913262542
E20.3,67,3.35,0.9634041422446208
E20.3,68,3.4,0.9645843832854664
E20.3,69,3.45,0.965716262993336
E20.3,70,3.5,0.9668022446884617
E20.3,71,3.55,0.9678446402527004
E20.3,72,3.6,0.968845621005573
E20.3,73,3.65,0.9698072276950116
E20.3,74,3.7,0.9707313796824756
E20.3,75,3.75,0.9716198833943188
E20.3,76,3.8,0.9724744401043348
E20.3,77,3.85,0.973296653106174
E20.3,78,3.9,0.9740880343287148
E20.3,79,3.94999999999999,0.974850010442459
E20.3,80,3.99999999999999,0.9755839285004908
E20.4,0,0.0,0.0
E20.4,1,0.05,0.0028833067826645
E20.4,2,0.1,0.0234861376239164
E20.4,3,0.15,0.0675678224074523
E20.4,4,0.2,0.13001834969855
E20.4,5,0.25,0.1985683203731586
E20.4,6,0.3,0.2643203056721417
E20.4,7,0.35,0.3235563264936275
E20.4,8,0.4,0.3757126415278322
E20.4,9,0.45,0.4215357432504222
E20.4,10,0.5,0.462092784696038
E20.4,11,0.55,0.4983676757476024
E20.4,12,0.6,0.5311471765476756
E20.4,13,0.65,0.561024098342425
E20.4,14,0.7,0.5884362201526281
E20.4,15,0.75,0.613708182325767
E20.4,16,0.8,0.6370858037273163
E20.4,17,0.85,0.6587611992632775
E20.4,18,0.9,0.678890080512723
E20.4,19,0.95,0.6976032356132577
E20.4,20,1.0,0.7150139633044477
E20.4,21,1.05,0.7312228127618877
E20.4,22,1.1,0.7463205828727326
E20.4,23,1.15,0.7603902237319775
E20.4,24,1.2,0.7735080601887341
E20.4,25,1.25,0.7857446049956384
E20.4,26,1.3,0.7971651283887193
E20.4,27,1.35,0.8078300858597545
E20.4,28,1.4,0.817795464679982
E20.4,29,1.45,0.8271130841306937
E20.4,30,1.5,0.8358308688073004
E20.4,31,1.55,0.8439931051011156
E20.4,32,1.6,0.8516406856342775
E20.4,33,1.65,0.8588113434968274
E20.4,34,1.7,0.8655398766439586
E20.4,35,1.75,0.8718583621531446
E20.4,36,1.8,0.8777963598452387
E20.4,37,1.85,0.8833811048178262
E20.4,38,1.9,0.8886376885922034
E20.4,39,1.95,0.8935892287632257
E20.4,40,2.0,0.8982570272243104
E20.4,41,2.05,0.9026607171990316
E20.4,42,2.1,0.906818399438762
E20.4,43,2.15,0.9107467680420308
E20.4,44,2.2,0.9144612264183054
E20.4,45,2.25,0.9179759939608692
E20.4,46,2.3,0.9213042040148344
E20.4,47,2.35,0.9244579937313716
E20.4,48,2.4,0.9274485863918186
E20.4,49,2.45,0.9302863667686924
E20.4,50,2.5,0.9329809500674764
E20.4,51,2.55,0.9355412449655804
E20.4,52,2.6,0.9379755112347616
E20.4,53,2.65,0.9402914124018972
E20.4,54,2.7,0.9424960638712794
E20.4,55,2.75,0.944596076900326
E20.4,56,2.8,0.9465975987902652
E20.4,57,2.85,0.948506349624322
E20.4,58,2.9,0.9503276558584488
E20.4,59,2.95,0.9520664810438304
E20.4,60,3.0,0.9537274539363017
E20.4,61,3.05,0.9553148942254732
E20.4,62,3.1,0.956832836095726
E20.4,63,3.15,0.9582850498122258
E20.4,64,3.2,0.9596750615076955
E20.4,65,3.25,0.9610061713297284
E20.4,66,3.3,0.9622814700938624
E20.4,67,3.35,0.9635038545743596
E20.4,68,3.4,0.9646760415525562
E20.4,69,3.45,0.9658005807316464
E20.4,70,3.5,0.966879866616804
E20.4,71,3.55,0.9679161494504652
E20.4,72,3.6,0.9689115452843948
E20.4,73,3.65,0.969868045262699
E20.4,74,3.7,0.9707875241831978
E20.4,75,3.75,0.971671748398448
E20.4,76,3.8,0.9725223831121638
E20.4,77,3.85,0.9733409991217578
E20.4,78,3.9,0.974129079053169
E20.4,79,3.94999999999999,0.9748880231300234
E20.4,80,3.99999999999999,0.9756191545154288
E21.11,0,0.0,0.0
E21.11,1,0.05,0.0050280888685706
E21.11,2,0.1,0.0708276933615179
E21.11,3,0.15,0.1631812275689987
E21.11,4,0.2,0.2312590173502933
E21.11,5,0.25,0.2794476165687923
E21.11,6,0.3,0.3183225482191861
E21.11,7,0.35,0.3533907781494283
E21.11,8,0.4,0.3867646212300316
E21.11,9,0.45,0.4190785984228
E21.11,10,0.5,0.4504283025904894
E21.11,11,0.55,0.4807517911745102
E21.11,12,0.6,0.5099684828700739
E21.11,13,0.65,0.5380213221322239
E21.11,14,0.7,0.5648828536227759
E21.11,15,0.75,0.5905496210111563
E21.11,16,0.8,0.6150343826748266
E21.11,17,0.85,0.6383594811918502
E21.11,18,0.9,0.6605521857784435
E21.11,19,0.95,0.6816418585511437
E21.11,20,1.0,0.7016584956471854
E21.11,21,1.05,0.7206321742643238
E21.11,22,1.1,0.7385930201310698
E21.11,23,1.15,0.7555714172029475
E21.11,24,1.2,0.7715982790268395
E21.11,25,1.25,0.7867052778964532
E21.11,26,1.3,0.8009249825516805
E21.12,0,0.0,0.0
E21.12,1,1.0,2.600174337593177e-11
E21.12,2,2.0,2.994066194836276e-07
E21.12,3,3.0,2.1125202717906177e-05
E21.12,4,4.0,0.0002536832544414
E21.12,5,5.0,0.0012932782236261
E21.12,6,6.0,0.0040502182804955
E21.12,7,7.0,0.0093461273222422
E21.12,8,8.0,0.0175828165038578
E21.12,9,9.0,0.0286708266960741
E21.12,10,10.0,0.0421505890922156
E21.12,11,11.0,0.0573752615424427
E21.12,12,12.0,0.073668358048976
E21.12,13,13.0,0.0904251911277079
E21.12,14,14.0,0.1071609482542697
E21.12,15,15.0,0.1235208264286018
E21.12,16,16.0,0.1392683212393709
E21.12,17,17.0,0.1542638848878733
E21.12,18,18.0,0.1684416629336947
E21.12,19,19.0,0.1817884151183043
E21.12,20,20.0,0.1943263128557973
E21.12,21,21.0,0.2060998940985008
E21.12,22,22.0,0.2171667438599439
E21.12,23,23.0,0.2275911901079551
E21.12,24,24.0,0.237440267999628
E21.12,25,25.0,0.246781286646202
E21.12,26,26.0,0.2556804585945116
E21.12,27,27.0,0.2642021834336695
E21.12,28,28.0,0.2724086944087879
E21.12,29,29.0,0.2803598734465112
E21.12,30,30.0,0.2881131146165112
E21.12,31,31.0,0.2957231708028557
E21.12,32,32.0,0.3032419564392089
E21.12,33,33.0,0.3107183039811864
E21.12,34,34.0,0.3181976865052723
E21.12,35,35.0,0.3257219261535118
E21.12,36,36.0,0.3333289103165633
E21.12,37,37.0,0.3410523362297893
E21.12,38,38.0,0.3489215014010652
E21.12,39,39.0,0.3569611529984674
E21.12,40,40.0,0.3651914047173115
E21.12,41,41.0,0.3736277252054196
E21.12,42,42.0,0.3822809981598398
E21.12,43,43.0,0.3911576508880199
E21.12,44,44.0,0.4002598455219531
E21.12,45,45.0,0.40958572518457
E21.12,46,46.0,0.4191297061859526
E21.12,47,47.0,0.4288828066962226
E21.12,48,48.0,0.4388330022107128
E21.12,49,49.0,0.4489655983950215
E21.12,50,50.0,0.4592636124790483
E21.12,51,51.0,0.4697081551734735
E21.12,52,52.0,0.4802788060328679
E21.12,53,53.0,0.490953976221509
E21.12,54,54.0,0.5017112536975886
E21.12,55,55.0,0.5125277268766772
E21.12,56,56.0,0.5233802838341483
E21.12,57,57.0,0.5342458850359756
E21.12,58,58.0,0.5451018084326195
E21.12,59,59.0,0.5559258665025378
E21.12,60,60.0,0.566696595485757
E21.12,61,61.0,0.5773934176029349
E21.12,62,62.0,0.5879967775126753
E21.12,63,63.0,0.5984882546223231
E21.12,64,64.0,0.6088506531384286
E21.12,65,65.0,0.6190680719265808
E21.12,66,66.0,0.6291259563504841
E21.12,67,67.0,0.6390111342816258
E21.12,68,68.0,0.6487118384188505
E21.12,69,69.0,0.6582177169378013
E21.12,70,70.0,0.6675198343109564
E21.12,71,71.0,0.6766106639089203
E21.12,72,72.0,0.6854840737235555
E21.12,73,73.0,0.6941353062559181
E21.12,74,74.0,0.7025609533008667
E21.12,75,75.0,0.7107589260506397
E21.12,76,76.0,0.7187284206472243
E21.12,77,77.0,0.726469879052954
E21.12,78,78.0,0.7339849448945702
E21.12,79,79.0,0.7412764137795602
E21.12,80,80.0,0.7483481774940656
E21.12,81,81.0,0.7552051614743426
E21.12,82,82.0,0.7618532550001367
E21.12,83,83.0,0.7682992336857434
E21.12,84,84.0,0.7745506740361998
E21.12,85,85.0,0.7806158600816411
E21.12,86,86.0,0.7865036823888027
E21.12,87,87.0,0.7922235300592955
E21.12,88,88.0,0.7977851766424033
E21.12,89,89.0,0.8031986611984704
E21.12,90,90.0,0.8084741660305466
E21.12,91,91.0,0.8136218928417643
E21.12,92,92.0,0.8186519392611116
E21.12,93,93.0,0.8235741778010255
E21.12,94,94.0,0.8283981393602629
E21.12,95,95.0,0.8331329033620122
E21.12,96,96.0,0.8377869965210928
E21.12,97,97.0,0.8423683020695877
E21.12,98,98.0,0.8468839810445958
E21.12,99,99.0,0.8513404069647023
E21.12,100,100.0,0.8557431149048068
E21.12,101,101.0,0.8600967656348534
E21.12,102,102.0,0.864405125130071
E21.12,103,103.0,0.868671059401634
E21.12,104,104.0,0.8728965442496586
E21.12,105,105.0,0.8770826892163399
E21.12,106,106.0,0.8812297747254167
E21.12,107,107.0,0.8853373011427763
E21.12,108,108.0,0.8894040482875638
E21.12,109,109.0,0.8934281437672313
E21.12,110,110.0,0.897407138405138
E21.12,111,111.0,0.901338086975164
E21.12,112,112.0,0.9052176324523442
E21.12,113,113.0,0.9090420920280944
E21.12,114,114.0,0.912807543218578
E21.12,115,115.0,0.9165099085094456
E21.12,116,116.0,0.9201450371234152
E21.12,117,117.0,0.9237087826624552
E21.12,118,118.0,0.9271970755571212
E21.12,119,119.0,0.9306059894456222
E21.12,120,120.0,0.9339318007984108
E21.13,0,0.0,0.0
E21.13,1,0.5,1.727988084680775e-17
E21.13,2,1.0,7.68074831106166e-12
E21.13,3,1.5,3.95028799570823e-09
E21.13,4,2.0,1.807350129552439e-07
E21.13,5,2.5,2.486864913859472e-06
E21.13,6,3.0,1.697941446368891e-05
E21.13,7,3.5,7.387378294077084e-05
E21.13,8,4.0,0.0002358486599285
E21.13,9,4.5,0.000602471304954
E21.13,10,5.0,0.0013029095326341
E21.13,11,5.5,0.0024793119044828
E21.13,12,6.0,0.004266666985822
E21.13,13,6.5,0.0067748292397959
E21.13,14,7.0,0.0100762693461537
E21.13,15,7.5,0.0142006636109254
E21.13,16,8.0,0.019135627530015
E21.13,17,8.5,0.0248319580925129
E21.13,18,9.0,0.0312115231928223
E21.13,19,9.5,0.0381761516135566
E21.13,20,10.0,0.0456162891089505
E21.13,21,10.5,0.0534186288848977
E21.13,22,11.0,0.0614723079782383
E21.13,23,11.5,0.0696735498110149
E21.13,24,12.0,0.0779288259743459
E21.13,25,12.5,0.0861567218214505
E21.13,26,13.0,0.09428874082156
E21.13,27,13.5,0.1022692912987166
E21.13,28,14.0,0.1100550822786136
E21.13,29,14.5,0.1176141247821968
E21.13,30,15.0,0.1249244993809
E21.18,0,0.0,0.0
E21.18,1,0.05,0.003
E21.18,2,0.1,0.002
E21.18,3,0.15,0.004
E21.18,4,0.2,0.013
E21.18,5,0.25,0.027
E21.18,6,0.3,0.044
E21.18,7,0.35,0.064
E21.18,8,0.4,0.086
E21.18,9,0.45,0.118
E21.18,10,0.5,0.147
E21.18,11,0.55,0.182
E21.18,12,0.6,0.214
E21.18,13,0.65,0.245
E21.18,14,0.7,0.28
E21.18,15,0.75,0.319
E21.18,16,0.8,0.357
E21.18,17,0.85,0.391
E21.18,18,0.9,0.422
E21.18,19,0.95,0.455
E21.18,20,1.0,0.485
E21.18,21,1.05,0.515
E21.18,22,1.1,0.544
E21.18,23,1.15,0.571
E21.18,24,1.2,0.599
E21.18,25,1.25,0.627
E21.18,26,1.3,0.653
E21.18,27,1.35,0.677
E21.18,28,1.4,0.698
E21.18,29,1.45,0.718
E21.18,30,1.5,0.737
E21.18,31,1.55,0.757
E21.18,32,1.6,0.776
E21.18,33,1.65,0.791
E21.18,34,1.7,0.805
E21.18,35,1.75,0.82
E21.18,36,1.8,0.835
E21.18,37,1.85,0.848
E21.18,38,1.9,0.86
E21.18,39,1.95,0.871
E21.18,40,2.0,0.881
E21.18,41,2.05,0.891
E21.18,42,2.1,0.901
E21.18,43,2.15,0.908
E21.18,44,2.2,0.914
E21.18,45,2.25,0.92
E21.18,46,2.3,0.926
E21.18,47,2.35,0.931
E21.18,48,2.4,0.937
E21.18,49,2.45,0.943
E21.18,50,2.5,0.95
E21.18,51,2.55,0.954
E21.18,52,2.6,0.957
E21.18,53,2.65,0.962
E21.18,54,2.7,0.966
E21.18,55,2.75,0.971
E21.18,56,2.8,0.974
E21.18,57,2.85,0.975
E21.18,58,2.9,0.976
E21.18,59,2.95,0.977
E21.18,60,3.0,0.98
E21.21,0,0.0,0.0
E21.21,1,0.05,0.046
E21.21,2,0.1,0.121
E21.21,3,0.15,0.259
E21.21,4,0.2,0.392
E21.21,5,0.25,0.488
E21.21,6,0.3,0.578
E21.21,7,0.35,0.681
E21.21,8,0.4,0.772
E21.21,9,0.45,0.847
E21.21,10,0.5,0.904
E21.21,11,0.55,0.944
E21.21,12,0.6,0.963
E21.21,13,0.65,0.981
E21.21,14,0.7,0.988
E21.21,15,0.75,0.994
E21.21,16,0.8,0.999
E21.21,17,0.85,1.0
E21.21,18,0.9,1.0
E21.21,19,0.95,1.0
E21.21,20,1.0,1.0
E21.21,21,1.05,1.0
E21.21,22,1.1,1.0
E21.21,23,1.15,1.0
E21.21,24,1.2,1.0
E21.21,25,1.25,1.0
E21.21,26,1.3,1.0
E21.21,27,1.35,1.0
E21.21,28,1.4,1.0
E21.21,29,1.45,1.0
E21.21,30,1.5,1.0
E21.21,31,1.55,1.0
E21.21,32,1.6,1.0
E21.21,33,1.65,1.0
E21.21,34,1.7,1.0
E21.21,35,1.75,1.0
E21.21,36,1.8,1.0
E21.21,37,1.85,1.0
E21.21,38,1.9,1.0
E21.21,39,1.95,1.0
E21.21,40,2.0,1.0
E21.21,41,2.05,1.0
E21.21,42,2.1,1.0
E21.21,43,2.15,1.0
E21.21,44,2.2,1.0
E21.21,45,2.25,1.0
E21.21,46,2.3,1.0
E21.21,47,2.35,1.0
E21.21,48,2.4,1.0
E21.21,49,2.45,1.0
E21.21,50,2.5,1.0
E21.22,0,0.0,0.0
E21.22,1,0.05,0.025
E21.22,2,0.1,0.077
E21.22,3,0.15,0.142
E21.22,4,0.2,0.209
E21.22,5,0.25,0.272
E21.22,6,0.3,0.335
E21.22,7,0.35,0.394
E21.22,8,0.4,0.439
E21.22,9,0.45,0.481
E21.22,10,0.5,0.522
E21.22,11,0.55,0.559
E21.22,12,0.6,0.589
E21.22,13,0.65,0.616
E21.22,14,0.7,0.643
E21.22,15,0.75,0.674
E21.22,16,0.8,0.706
E21.22,17,0.85,0.733
E21.22,18,0.9,0.756
E21.22,19,0.95,0.779
E21.22,20,1.0,0.798
E21.22,21,1.05,0.818
E21.22,22,1.1,0.835
E21.22,23,1.15,0.851
E21.22,24,1.2,0.867
E21.22,25,1.25,0.882
E21.22,26,1.3,0.898
E21.22,27,1.35,0.914
E21.22,28,1.4,0.923
E21.22,29,1.45,0.931
E21.22,30,1.5,0.94
E21.22,31,1.55,0.948
E21.22,32,1.6,0.954
E21.22,33,1.65,0.958
E21.22,34,1.7,0.963
E21.22,35,1.75,0.967
E21.22,36,1.8,0.971
E21.22,37,1.85,0.975
E21.22,38,1.9,0.979
E21.22,39,1.95,0.983
E21.22,40,2.0,0.986
E21.22,41,2.05,0.99
E21.22,42,2.1,0.994
E21.22,43,2.15,0.996
E21.22,44,2.2,0.996
E21.22,45,2.25,0.996
E21.22,46,2.3,0.996
E21.22,47,2.35,0.996
E21.22,48,2.4,0.996
E21.22,49,2.45,0.996
E21.22,50,2.5,0.997
E4.1,0,0.0,0.0
E4.1,1,0.05,2.331459852512934e-10
E4.1,2,0.1,1.4975114782867255e-05
E4.1,3,0.15,0.000937006406429
E4.1,4,0.2,0.0065775281114514
E4.1,5,0.25,0.0185788046403129
E4.1,6,0.3,0.0370631280612214
E4.1,7,0.35,0.0637932130985395
E4.1,8,0.4,0.0941582280638771
E4.1,9,0.45,0.1197489919770091
E4.1,10,0.5,0.1388294417148975
E4.1,11,0.55,0.1601512750267358
E4.1,12,0.6,0.1980438756827874
E4.1,13,0.65,0.2606543777010433
E4.1,14,0.7,0.3416850167333994
E4.1,15,0.75,0.4252855144052977
E4.1,16,0.8,0.4981660465751323
E4.1,17,0.85,0.556706179586549
E4.1,18,0.9,0.6053957428273837
E4.1,19,0.95,0.6511434221879313
E4.1,20,1.0,0.6986150647121
E4.1,21,1.05,0.7486155743850451
E4.1,22,1.1,0.7989374588111396
E4.1,23,1.15,0.8462021476562924
E4.1,24,1.2,0.8874786785869371
E4.1,25,1.25,0.921128896127122
E4.1,26,1.3,0.9468994859032844
E4.1,27,1.35,0.965561737694506
E4.1,28,1.4,0.9784197906253088
E4.1,29,1.45,0.9868951860371044
E4.1,30,1.5,0.9922661187631372
E4.1,31,1.55,0.9955525657033856
E4.1,32,1.6,0.997501745311898
E4.1,33,1.65,0.9986260741185476
E4.1,34,1.7,0.9992587057243044
E4.1,35,1.75,0.9996068651698996
E4.1,36,1.8,0.9997947110526711
E4.1,37,1.85,0.9998942829574072
E4.1,38,1.9,0.9999462349117416
E4.1,39,1.95,0.999972960667186
E4.1,40,2.0,0.9999865368983432
E4.1,41,2.05,0.99999335622586
E4.1,42,2.1,0.9999967474024702
E4.1,43,2.15,0.9999984188292238
E4.1,44,2.2,0.9999992361410576
E4.1,45,2.25,0.9999996330090052
E4.1,46,2.3,0.999999824531441
E4.1,47,2.35,0.9999999164563934
E4.1,48,2.4,0.999999960368328
E4.1,49,2.45,0.9999999812582068
E4.1,50,2.5,0.9999999911605602
E4.1,51,2.55,0.9999999958402122
E4.1,52,2.6,0.9999999980460084
E4.1,53,2.65,0.99999999908349
E4.1,54,2.7,0.9999999995706024
E4.1,55,2.75,0.9999999997989876
E4.1,56,2.8,0.9999999999059525
E4.1,57,2.85,0.9999999999560104
E4.1,58,2.9,0.9999999999794256
E4.1,59,2.95,0.9999999999903756
E4.1,60,3.0,0.9999999999954962
E4.1,61,3.05,0.9999999999978912
E4.1,62,3.1,0.999999999999012
E4.1,63,3.15,0.9999999999995366
E4.1,64,3.2,0.9999999999997824
E4.1,65,3.25,0.9999999999998976
E4.1,66,3.3,0.999999999999952
E4.1,67,3.35,0.9999999999999774
E4.1,68,3.4,0.9999999999999892
E4.1,69,3.45,0.9999999999999948
E4.1,70,3.5,0.9999999999999976
E4.1,71,3.55,0.9999999999999988
E4.1,72,3.6,0.9999999999999988
E4.1,73,3.65,0.9999999999999992
E4.1,74,3.7,0.9999999999999996
E4.1,75,3.75,1.0
E4.1,76,3.8,1.0
E4.1,77,3.85,1.0
E4.1,78,3.9,1.0
E4.1,79,3.94999999999999,1.0
E4.1,80,3.99999999999999,1.0
E4.2,0,0.0,0.0
E4.2,1,0.05,0.0066548377319128
E4.2,2,0.1,0.0342589315228837
E4.2,3,0.15,0.0702054770180573
E4.2,4,0.2,0.1105645226136381
E4.2,5,0.25,0.1578210194858847
E4.2,6,0.3,0.2123460224085505
E4.2,7,0.35,0.2722856706353443
E4.2,8,0.4,0.3349305141120974
E4.2,9,0.45,0.3977022182827595
E4.2,10,0.5,0.4585790705814092
E4.2,11,0.55,0.5161727747532239
E4.2,12,0.6,0.5696489833944474
E4.2,13,0.65,0.6186014170663494
E4.2,14,0.7,0.662929599706279
E4.2,15,0.75,0.7027379230127708
E4.2,16,0.8,0.7382589205991607
E4.2,17,0.85,0.7697978968659053
E4.2,18,0.9,0.7976945104177016
E4.2,19,0.95,0.8222970735658189
E4.2,20,1.0,0.8439460513460568
E4.2,21,1.05,0.8629640427262139
E4.2,22,1.1,0.87965022723382
E4.2,23,1.15,0.8942778182042493
E4.2,24,1.2,0.9070934867145444
E4.2,25,1.25,0.918318031546982
E4.2,26,1.3,0.928147795423086
E4.2,27,1.35,0.9367564881112572
E4.2,28,1.4,0.9442971901783928
E4.2,29,1.45,0.9509043902775052
E4.2,30,1.5,0.956695963656976
E4.2,31,1.55,0.9617750371117942
E4.2,32,1.6,0.9662317109638612
E4.2,33,1.65,0.9701446254986962
E4.2,34,1.7,0.9735823701912272
E4.2,35,1.75,0.9766047408606942
E4.2,36,1.8,0.9792638539007724
E4.2,37,1.85,0.981605128847598
E4.2,38,1.9,0.9836681514132638
E4.2,39,1.95,0.9854874291691672
E4.2,40,2.0,0.987093051618384
E4.2,41,2.05,0.988511265658132
E4.2,42,2.1,0.9897649765432386
E4.2,43,2.15,0.9908741835125356
E4.2,44,2.2,0.991856358292223
E4.2,45,2.25,0.9927267737805704
E4.2,46,2.3,0.9934987893682828
E4.2,47,2.35,0.9941840985693596
E4.2,48,2.4,0.9947929439322584
E4.2,49,2.45,0.9953343035701586
E4.2,50,2.5,0.9958160530888176
E4.2,51,2.55,0.9962451061961348
E4.2,52,2.6,0.9966275368434596
E4.2,53,2.65,0.9969686853690468
E4.2,54,2.7,0.997273250783086
E4.2,55,2.75,0.9975453710458846
E4.2,56,2.8,0.9977886929409528
E4.2,57,2.85,0.9980064329282274
E4.2,58,2.9,0.998201430175283
E4.2,59,2.95,0.998376192802322
E4.2,60,3.0,0.998532938236711
E4.2,61,3.05,0.9986736284518688
E4.2,62,3.1,0.9988000007608878
E4.2,63,3.15,0.9989135947451034
E4.2,64,3.2,0.9990157758199928
E4.2,65,3.25,0.9991077558735956
E4.2,66,3.3,0.99919061135462
E4.2,67,3.35,0.9992652991372948
E4.2,68,3.4,0.9993326704467282
E4.2,69,3.45,0.9993934830911252
E4.2,70,3.5,0.9994484122148576
E4.2,71,3.55,0.9994980597584068
E4.2,72,3.6,0.9995429627869744
E4.2,73,3.65,0.9995836008285852
E4.2,74,3.7,0.9996204023443448
E4.2,75,3.75,0.9996537504377548
E4.2,76,3.8,0.9996839878963304
E4.2,77,3.85,0.99971142164691
E4.2,78,3.9,0.999736326695733
E4.2,79,3.94999999999999,0.9997589496154272
E4.2,80,3.99999999999999,0.9997795116332476
E5.1,0,0.0,0.0
E5.1,1,0.05,2.331459852512934e-10
E5.1,2,0.1,1.4975114782867255e-05
E5.1,3,0.15,0.000937006406429
E5.1,4,0.2,0.0065775281114514
E5.1,5,0.25,0.0185788046403129
E5.1,6,0.3,0.0370631280612214
E5.1,7,0.35,0.0637932130985395
E5.1,8,0.4,0.0941582280638771
E5.1,9,0.45,0.1197489919770091
E5.1,10,0.5,0.1388294417148975
E5.1,11,0.55,0.1601512750267358
E5.1,12,0.6,0.1980438756827874
E5.1,13,0.65,0.2606543777010433
E5.1,14,0.7,0.3416850167333994
E5.1,15,0.75,0.4252855144052977
E5.1,16,0.8,0.4981660465751323
E5.1,17,0.85,0.556706179586549
E5.1,18,0.9,0.6053957428273837
E5.1,19,0.95,0.6511434221879313
E5.1,20,1.0,0.6986150647121
E5.1,21,1.05,0.7486155743850451
E5.1,22,1.1,0.7989374588111396
E5.1,23,1.15,0.8462021476562924
E5.1,24,1.2,0.8874786785869371
E5.1,25,1.25,0.921128896127122
E5.1,26,1.3,0.9468994859032844
E5.1,27,1.35,0.965561737694506
E5.1,28,1.4,0.9784197906253088
E5.1,29,1.45,0.9868951860371044
E5.1,30,1.5,0.9922661187631372
E5.1,31,1.55,0.9955525657033856
E5.1,32,1.6,0.997501745311898
E5.1,33,1.65,0.9986260741185476
E5.1,34,1.7,0.9992587057243044
E5.1,35,1.75,0.9996068651698996
E5.1,36,1.8,0.9997947110526711
E5.1,37,1.85,0.9998942829574072
E5.1,38,1.9,0.9999462349117416
E5.1,39,1.95,0.999972960667186
E5.1,40,2.0,0.9999865368983432
E5.1,41,2.05,0.99999335622586
E5.1,42,2.1,0.9999967474024702
E5.1,43,2.15,0.9999984188292238
E5.1,44,2.2,0.9999992361410576
E5.1,45,2.25,0.9999996330090052
E5.1,46,2.3,0.999999824531441
E5.1,47,2.35,0.9999999164563934
E5.1,48,2.4,0.999999960368328
E5.1,49,2.45,0.9999999812582068
E5.1,50,2.5,0.9999999911605602
E5.1,51,2.55,0.9999999958402122
E5.1,52,2.6,0.9999999980460084
E5.1,53,2.65,0.99999999908349
E5.1,54,2.7,0.9999999995706024
E5.1,55,2.75,0.9999999997989876
E5.1,56,2.8,0.9999999999059525
E5.1,57,2.85,0.9999999999560104
E5.1,58,2.9,0.9999999999794256
E5.1,59,2.95,0.9999999999903756
E5.1,60,3.0,0.9999999999954962
E5.1,61,3.05,0.9999999999978912
E5.1,62,3.1,0.999999999999012
E5.1,63,3.15,0.9999999999995366
E5.1,64,3.2,0.9999999999997824
E5.1,65,3.25,0.9999999999998976
E5.1,66,3.3,0.999999999999952
E5.1,67,3.35,0.9999999999999774
E5.1,68,3.4,0.9999999999999892
E5.1,69,3.45,0.9999999999999948
E5.1,70,3.5,0.9999999999999976
E5.1,71,3.55,0.9999999999999988
E5.1,72,3.6,0.9999999999999988
E5.1,73,3.65,0.9999999999999992
E5.1,74,3.7,0.9999999999999996
E5.1,75,3.75,1.0
E5.1,76,3.8,1.0
E5.1,77,3.85,1.0
E5.1,78,3.9,1.0
E5.1,79,3.94999999999999,1.0
E5.1,80,3.99999999999999,1.0
E5.2,0,0.0,0.0
E5.2,1,0.05,0.0066548377319128
E5.2,2,0.1,0.0342589315228837
E5.2,3,0.15,0.0702054770180573
E5.2,4,0.2,0.1105645226136381
E5.2,5,0.25,0.1578210194858847
E5.2,6,0.3,0.2123460224085505
E5.2,7,0.35,0.2722856706353443
E5.2,8,0.4,0.3349305141120974
E5.2,9,0.45,0.3977022182827595
E5.2,10,0.5,0.4585790705814092
E5.2,11,0.55,0.5161727747532239
E5.2,12,0.6,0.5696489833944474
E5.2,13,0.65,0.6186014170663494
E5.2,14,0.7,0.662929599706279
E5.2,15,0.75,0.7027379230127708
E5.2,16,0.8,0.7382589205991607
E5.2,17,0.85,0.7697978968659053
E5.2,18,0.9,0.7976945104177016
E5.2,19,0.95,0.8222970735658189
E5.2,20,1.0,0.8439460513460568
E5.2,21,1.05,0.8629640427262139
E5.2,22,1.1,0.87965022723382
E5.2,23,1.15,0.8942778182042493
E5.2,24,1.2,0.9070934867145444
E5.2,25,1.25,0.918318031546982
E5.2,26,1.3,0.928147795423086
E5.2,27,1.35,0.9367564881112572
E5.2,28,1.4,0.9442971901783928
E5.2,29,1.45,0.9509043902775052
E5.2,30,1.5,0.956695963656976
E5.2,31,1.55,0.9617750371117942
E5.2,32,1.6,0.9662317109638612
E5.2,33,1.65,0.9701446254986962
E5.2,34,1.7,0.9735823701912272
E5.2,35,1.75,0.9766047408606942
E5.2,36,1.8,0.9792638539007724
E5.2,37,1.85,0.981605128847598
E5.2,38,1.9,0.9836681514132638
E5.2,39,1.95,0.9854874291691672
E5.2,40,2.0,0.987093051618384
E5.2,41,2.05,0.988511265658132
E5.2,42,2.1,0.9897649765432386
E5.2,43,2.15,0.9908741835125356
E5.2,44,2.2,0.991856358292223
E5.2,45,2.25,0.9927267737805704
E5.2,46,2.3,0.9934987893682828
E5.2,47,2.35,0.9941840985693596
E5.2,48,2.4,0.9947929439322584
E5.2,49,2.45,0.9953343035701586
E5.2,50,2.5,0.9958160530888176
E5.2,51,2.55,0.9962451061961348
E5.2,52,2.6,0.9966275368434596
E5.2,53,2.65,0.9969686853690468
E5.2,54,2.7,0.997273250783086
E5.2,55,2.75,0.9975453710458846
E5.2,56,2.8,0.9977886929409528
E5.2,57,2.85,0.9980064329282274
E5.2,58,2.9,0.998201430175283
E5.2,59,2.95,0.998376192802322
E5.2,60,3.0,0.998532938236711
E5.2,61,3.05,0.9986736284518688
E5.2,62,3.1,0.9988000007608878
E5.2,63,3.15,0.9989135947451034
E5.2,64,3.2,0.9990157758199928
E5.2,65,3.25,0.9991077558735956
E5.2,66,3.3,0.99919061135462
E5.2,67,3.35,0.9992652991372948
E5.2,68,3.4,0.9993326704467282
E5.2,69,3.45,0.9993934830911252
E5.2,70,3.5,0.9994484122148576
E5.2,71,3.55,0.9994980597584068
E5.2,72,3.6,0.9995429627869744
E5.2,73,3.65,0.9995836008285852
E5.2,74,3.7,0.9996204023443448
E5.2,75,3.75,0.9996537504377548
E5.2,76,3.8,0.9996839878963304
E5.2,77,3.85,0.99971142164691
E5.2,78,3.9,0.999736326695733
E5.2,79,3.94999999999999,0.9997589496154272
E5.2,80,3.99999999999999,0.9997795116332476
E6.1,0,0.0,0.0
E6.1,1,0.05,2.331459852512934e-10
E6.1,2,0.1,1.4975114782867255e-05
E6.1,3,0.15,0.000937006406429
E6.1,4,0.2,0.0065775281114514
E6.1,5,0.25,0.0185788046403129
E6.1,6,0.3,0.0370631280612214
E6.1,7,0.35,0.0637932130985395
E6.1,8,0.4,0.0941582280638771
E6.1,9,0.45,0.1197489919770091
E6.1,10,0.5,0.1388294417148975
E6.1,11,0.55,0.1601512750267358
E6.1,12,0.6,0.1980438756827874
E6.1,13,0.65,0.2606543777010433
E6.1,14,0.7,0.3416850167333994
E6.1,15,0.75,0.4252855144052977
E6.1,16,0.8,0.4981660465751323
E6.1,17,0.85,0.556706179586549
E6.1,18,0.9,0.6053957428273837
E6.1,19,0.95,0.6511434221879313
E6.1,20,1.0,0.6986150647121
E6.1,21,1.05,0.7486155743850451
E6.1,22,1.1,0.7989374588111396
E6.1,23,1.15,0.8462021476562924
E6.1,24,1.2,0.8874786785869371
E6.1,25,1.25,0.921128896127122
E6.1,26,1.3,0.9468994859032844
E6.1,27,1.35,0.965561737694506
E6.1,28,1.4,0.9784197906253088
E6.1,29,1.45,0.9868951860371044
E6.1,30,1.5,0.9922661187631372
E6.1,31,1.55,0.9955525657033856
E6.1,32,1.6,0.997501745311898
E6.1,33,1.65,0.9986260741185476
E6.1,34,1.7,0.9992587057243044
E6.1,35,1.75,0.9996068651698996
E6.1,36,1.8,0.9997947110526711
E6.1,37,1.85,0.9998942829574072
E6.1,38,1.9,0.9999462349117416
E6.1,39,1.95,0.999972960667186
E6.1,40,2.0,0.9999865368983432
E6.1,41,2.05,0.99999335622586
E6.1,42,2.1,0.9999967474024702
E6.1,43,2.15,0.9999984188292238
E6.1,44,2.2,0.9999992361410576
E6.1,45,2.25,0.9999996330090052
E6.1,46,2.3,0.999999824531441
E6.1,47,2.35,0.9999999164563934
E6.1,48,2.4,0.999999960368328
E6.1,49,2.45,0.9999999812582068
E6.1,50,2.5,0.9999999911605602
E6.1,51,2.55,0.9999999958402122
E6.1,52,2.6,0.9999999980460084
E6.1,53,2.65,0.99999999908349
E6.1,54,2.7,0.9999999995706024
E6.1,55,2.75,0.9999999997989876
E6.1,56,2.8,0.9999999999059525
E6.1,57,2.85,0.9999999999560104
E6.1,58,2.9,0.9999999999794256
E6.1,59,2.95,0.9999999999903756
E6.1,60,3.0,0.9999999999954962
E6.1,61,3.05,0.9999999999978912
E6.1,62,3.1,0.999999999999012
E6.1,63,3.15,0.9999999999995366
E6.1,64,3.2,0.9999999999997824
E6.1,65,3.25,0.9999999999998976
E6.1,66,3.3,0.999999999999952
E6.1,67,3.35,0.9999999999999774
E6.1,68,3.4,0.9999999999999892
E6.1,69,3.45,0.9999999999999948
E6.1,70,3.5,0.9999999999999976
E6.1,71,3.55,0.9999999999999988
E6.1,72,3.6,0.9999999999999988
E6.1,73,3.65,0.9999999999999992
E6.1,74,3.7,0.9999999999999996
E6.1,75,3.75,1.0
E6.1,76,3.8,1.0
E6.1,77,3.85,1.0
E6.1,78,3.9,1.0
E6.1,79,3.94999999999999,1.0
E6.1,80,3.99999999999999,1.0
E6.2,0,0.0,0.0
E6.2,1,0.05,0.0066548377319128
E6.2,2,0.1,0.0342589315228837
E6.2,3,0.15,0.0702054770180573
E6.2,4,0.2,0.1105645226136381
E6.2,5,0.25,0.1578210194858847
E6.2,6,0.3,0.2123460224085505
E6.2,7,0.35,0.2722856706353443
E6.2,8,0.4,0.3349305141120974
E6.2,9,0.45,0.3977022182827595
E6.2,10,0.5,0.4585790705814092
E6.2,11,0.55,0.5161727747532239
E6.2,12,0.6,0.5696489833944474
E6.2,13,0.65,0.6186014170663494
E6.2,14,0.7,0.662929599706279
E6.2,15,0.75,0.7027379230127708
E6.2,16,0.8,0.7382589205991607
E6.2,17,0.85,0.7697978968659053
E6.2,18,0.9,0.7976945104177016
E6.2,19,0.95,0.8222970735658189
E6.2,20,1.0,0.8439460513460568
E6.2,21,1.05,0.8629640427262139
E6.2,22,1.1,0.87965022723382
E6.2,23,1.15,0.8942778182042493
E6.2,24,1.2,0.9070934867145444
E6.2,25,1.25,0.918318031546982
E6.2,26,1.3,0.928147795423086
E6.2,27,1.35,0.9367564881112572
E6.2,28,1.4,0.9442971901783928
E6.2,29,1.45,0.9509043902775052
E6.2,30,1.5,0.956695963656976
E6.2,31,1.55,0.9617750371117942
E6.2,32,1.6,0.9662317109638612
E6.2,33,1.65,0.9701446254986962
E6.2,34,1.7,0.9735823701912272
E6.2,35,1.75,0.9766047408606942
E6.2,36,1.8,0.9792638539007724
E6.2,37,1.85,0.981605128847598
E6.2,38,1.9,0.9836681514132638
E6.2,39,1.95,0.9854874291691672
E6.2,40,2.0,0.987093051618384
E6.2,41,2.05,0.988511265658132
E6.2,42,2.1,0.9897649765432386
E6.2,43,2.15,0.9908741835125356
E6.2,44,2.2,0.991856358292223
E6.2,45,2.25,0.9927267737805704
E6.2,46,2.3,0.9934987893682828
E6.2,47,2.35,0.9941840985693596
E6.2,48,2.4,0.9947929439322584
E6.2,49,2.45,0.9953343035701586
E6.2,50,2.5,0.9958160530888176
E6.2,51,2.55,0.9962451061961348
E6.2,52,2.6,0.9966275368434596
E6.2,53,2.65,0.9969686853690468
E6.2,54,2.7,0.997273250783086
E6.2,55,2.75,0.9975453710458846
E6.2,56,2.8,0.9977886929409528
E6.2,57,2.85,0.9980064329282274
E6.2,58,2.9,0.998201430175283
E6.2,59,2.95,0.998376192802322
E6.2,60,3.0,0.998532938236711
E6.2,61,3.05,0.9986736284518688
E6.2,62,3.1,0.9988000007608878
E6.2,63,3.15,0.9989135947451034
E6.2,64,3.2,0.9990157758199928
E6.2,65,3.25,0.9991077558735956
E6.2,66,3.3,0.99919061135462
E6.2,67,3.35,0.9992652991372948
E6.2,68,3.4,0.9993326704467282
E6.2,69,3.45,0.9993934830911252
E6.2,70,3.5,0.9994484122148576
E6.2,71,3.55,0.9994980597584068
E6.2,72,3.6,0.9995429627869744
E6.2,73,3.65,0.9995836008285852
E6.2,74,3.7,0.9996204023443448
E6.2,75,3.75,0.9996537504377548
E6.2,76,3.8,0.9996839878963304
E6.2,77,3.85,0.99971142164691
E6.2,78,3.9,0.999736326695733
E6.2,79,3.94999999999999,0.9997589496154272
E6.2,80,3.99999999999999,0.9997795116332476
E8.1,0,0.0,0.0
E8.1,1,0.05,0.0001749638115465
E8.1,2,0.1,0.0077315292895626
E8.1,3,0.15,0.0350648353758036
E8.1,4,0.2,0.0805649147867246
E8.1,5,0.25,0.1382423012491474
E8.1,6,0.3,0.202694805257868
E8.1,7,0.35,0.2693636212555639
E8.1,8,0.4,0.3347756034802775
E8.1,9,0.45,0.3966639413504175
E8.1,10,0.5,0.4538137813199043
E8.1,11,0.55,0.5057753498524203
E8.1,12,0.6,0.5525826364466194
E8.1,13,0.65,0.5945370357095032
E8.1,14,0.7,0.6320626556219939
E8.1,15,0.75,0.6656189975269861
E8.1,16,0.8,0.6956531779400038
E8.1,17,0.85,0.7225769435125193
E8.1,18,0.9,0.7467581072289944
E8.1,19,0.95,0.7685197585323034
E8.1,20,1.0,0.7881432594119085
E8.1,21,1.05,0.8058727679504277
E8.1,22,1.1,0.8219200881778777
E8.1,23,1.15,0.8364692606297861
E8.1,24,1.2,0.849680649936962
E8.1,25,1.25,0.8616944655783652
E8.1,26,1.3,0.8726337393043558
E8.1,27,1.35,0.8826068194979837
E8.1,28,1.4,0.8917094531373827
E8.1,29,1.45,0.900026523672063
E8.1,30,1.5,0.9076335054076335
E8.1,31,1.55,0.9145976857192428
E8.1,32,1.6,0.9209791974151929
E8.1,33,1.65,0.926831895616421
E8.1,34,1.7,0.9322041068267662
E8.1,35,1.75,0.9371392724046326
E8.1,36,1.8,0.9416765042621582
E8.1,37,1.85,0.9458510671359353
E8.1,38,1.9,0.9496947990225112
E8.1,39,1.95,0.9532364792023252
E8.1,40,2.0,0.9565021515627092
E8.1,41,2.05,0.9595154095737586
E8.1,42,2.1,0.9622976481910084
E8.1,43,2.15,0.9648682870943022
E8.1,44,2.2,0.9672449689752826
E8.1,45,2.25,0.969443736019954
E8.1,46,2.3,0.9714791872695918
E8.1,47,2.35,0.9733646191612828
E8.1,48,2.4,0.9751121512319608
E8.1,49,2.45,0.9767328387040836
E8.1,50,2.5,0.978236773447136
E8.1,51,2.55,0.9796331746191552
E8.1,52,2.6,0.9809304701303528
E8.1,53,2.65,0.9821363699318258
E8.1,54,2.7,0.9832579320124608
E8.1,55,2.75,0.9843016218833291
E8.1,56,2.8,0.9852733662386748
E8.1,57,2.85,0.986178601403915
E8.1,58,2.9,0.9870223171122848
E8.1,59,2.95,0.9878090960913972
E8.1,60,3.0,0.988543149887952
E8.1,61,3.05,0.989228351312086
E8.1,62,3.1,0.9898682638416192
E8.1,63,3.15,0.990466168289976
E8.1,64,3.2,0.9910250870092794
E8.1,65,3.25,0.9915478058714786
E8.1,66,3.3,0.9920368942449628
E8.1,67,3.35,0.99249472316151
E8.1,68,3.4,0.9929234818483283
E8.1,69,3.45,0.9933251927820368
E8.1,70,3.5,0.9937017254054672
E8.1,71,3.55,0.9940548086339364
E8.1,72,3.6,0.9943860422648964
E8.1,73,3.65,0.994696907393521
E8.1,74,3.7,0.9949887759265984
E8.1,75,3.75,0.995262919278001
E8.1,76,3.8,0.9955205163208464
E8.1,77,3.85,0.9957626606641424
E8.1,78,3.9,0.995990367315158
E8.1,79,3.94999999999999,0.9962045787828568
E8.1,80,3.99999999999999,0.9964061706724524
E8.10,0,0.0,0.0
E8.10,1,0.05,0.0087360292801404
E8.10,2,0.1,0.0702658560304757
E8.10,3,0.15,0.1532058430412223
E8.10,4,0.2,0.2412633447643431
E8.10,5,0.25,0.3197995509603446
E8.10,6,0.3,0.3817860697357515
E8.10,7,0.35,0.4288955491659176
E8.10,8,0.4,0.4655477744961529
E8.10,9,0.45,0.4956029057651506
E8.10,10,0.5,0.5216280855855264
E8.10,11,0.55,0.5451265860060786
E8.10,12,0.6,0.5669173351530259
E8.10,13,0.65,0.5874269799205604
E8.10,14,0.7,0.6068726169955625
E8.10,15,0.75,0.625365485859938
E8.10,16,0.8,0.6429664365618554
E8.10,17,0.85,0.6597142675666546
E8.10,18,0.9,0.6756395170200813
E8.10,19,0.95,0.6907707253290212
E8.10,20,1.0,0.7051369333550246
E8.10,21,1.05,0.7187683813827885
E8.10,22,1.1,0.731696410258706
E8.10,23,1.15,0.7439530604893865
E8.10,24,1.2,0.7555706043371503
E8.10,25,1.25,0.766581113950446
E8.10,26,1.3,0.777016103457141
E8.10,27,1.35,0.7869062521732415
E8.10,28,1.4,0.7962812026534836
E8.10,29,1.45,0.8051694224383468
E8.10,30,1.5,0.8135981175228888
E8.10,31,1.55,0.8215931865049161
E8.10,32,1.6,0.829179205936973
E8.10,33,1.65,0.8363794390753626
E8.10,34,1.7,0.8432158617575474
E8.10,35,1.75,0.8497092004632885
E8.10,36,1.8,0.8558789787118096
E8.10,37,1.85,0.861743568834954
E8.10,38,1.9,0.8673202468736876
E8.10,39,1.95,0.8726252489029638
E8.10,40,2.0,0.8776738275261289
E8.10,41,2.05,0.8824803076189901
E8.10,42,2.1,0.8870581406655891
E8.10,43,2.15,0.8914199572290225
E8.10,44,2.2,0.8955776172544555
E8.10,45,2.25,0.8995422580182149
E8.10,46,2.3,0.903324339624744
E8.10,47,2.35,0.9069336880187178
E8.10,48,2.4,0.9103795355277968
E8.10,49,2.45,0.9136705589863268
E8.10,50,2.5,0.9168149155148212
E8.10,51,2.55,0.9198202760467368
E8.10,52,2.6,0.9226938567047208
E8.10,53,2.65,0.9254424481346488
E8.10,54,2.7,0.9280724429084988
E8.10,55,2.75,0.9305898611073264
E8.10,56,2.8,0.9330003741939716
E8.10,57,2.85,0.9353093272821827
E8.10,58,2.9,0.9375217599049864
E8.10,59,2.95,0.939642425380665
E8.10,60,3.0,0.9416758088698868
E8.10,61,3.05,0.9436261442124962
E8.10,62,3.1,0.9454974296274136
E8.10,63,3.15,0.9472934423540412
E8.10,64,3.2,0.9490177523086578
E8.10,65,3.25,0.9506737348245132
E8.10,66,3.3,0.9522645825397654
E8.10,67,3.35,0.953793316493052
E8.10,68,3.4,0.9552627964823572
E8.10,69,3.45,0.9566757307389504
E8.10,70,3.5,0.9580346849645108
E8.10,71,3.55,0.959342090776128
E8.10,72,3.6,0.9606002536006608
E8.10,73,3.65,0.9618113600569532
E8.10,74,3.7,0.9629774848616156
E8.10,75,3.75,0.9641005972914996
E8.10,76,3.8,0.9651825672335784
E8.10,77,3.85,0.966225170850726
E8.10,78,3.9,0.9672300958898058
E8.10,79,3.94999999999999,0.9681989466565736
E8.10,80,3.99999999999999,0.969133248680112
E8.2,0,0.0,0.0
E8.2,1,0.05,0.0084552050589271
E8.2,2,0.1,0.0617941577760927
E8.2,3,0.15,0.1318098378648171
E8.2,4,0.2,0.2030301433482679
E8.2,5,0.25,0.2708472142448187
E8.2,6,0.3,0.3330498101285201
E8.2,7,0.35,0.3891855701235615
E8.2,8,0.4,0.4397433836757872
E8.2,9,0.45,0.4854793411189734
E8.2,10,0.5,0.5270961576017618
E8.2,11,0.55,0.565151832744721
E8.2,12,0.6,0.6000668750241673
E8.2,13,0.65,0.632159233562452
E8.2,14,0.7,0.6616784027102836
E8.2,15,0.75,0.6888306997873349
E8.2,16,0.8,0.7137956600307844
E8.2,17,0.85,0.7367357368420445
E8.2,18,0.9,0.7578015867670045
E8.2,19,0.95,0.7771346931595892
E8.2,20,1.0,0.7948685124270976
E8.2,21,1.05,0.8111288790565245
E8.2,22,1.1,0.8260340971957107
E8.2,23,1.15,0.8396949497272441
E8.2,24,1.2,0.8522147371361153
E8.2,25,1.25,0.8636893907370067
E8.2,26,1.3,0.8742076685819865
E8.2,27,1.35,0.8838514247853705
E8.2,28,1.4,0.8926959359939777
E8.2,29,1.45,0.9008102673853926
E8.2,30,1.5,0.9082576620089738
E8.2,31,1.55,0.9150959398623671
E8.2,32,1.6,0.9213778959416956
E8.2,33,1.65,0.9271516891784878
E8.2,34,1.7,0.9324612164922972
E8.2,35,1.75,0.9373464680916316
E8.2,36,1.8,0.9418438616627152
E8.2,37,1.85,0.945986554241913
E8.2,38,1.9,0.949804731429633
E8.2,39,1.95,0.9533258742269058
E8.2,40,2.0,0.9565750042107022
E8.2,41,2.05,0.959574908053146
E8.2,42,2.1,0.9623463425683052
E8.2,43,2.15,0.9649082215664202
E8.2,44,2.2,0.9672777858315496
E8.2,45,2.25,0.9694707575319031
E8.2,46,2.3,0.9715014803358288
E8.2,47,2.35,0.9733830464504766
E8.2,48,2.4,0.975127411732028
E8.2,49,2.45,0.9767454999414978
E8.2,50,2.5,0.9782472971424632
E8.2,51,2.55,0.9796419371594162
E8.2,52,2.6,0.9809377789397202
E8.2,53,2.65,0.982142476589642
E8.2,54,2.7,0.983263042786423
E8.2,55,2.75,0.9843059062043046
E8.2,56,2.8,0.985276963533007
E8.2,57,2.85,0.986181626612406
E8.2,58,2.9,0.987024865156952
E8.2,59,2.95,0.987811245497526
E8.2,60,3.0,0.9885449657267108
E8.2,61,3.05,0.9892298875955838
E8.2,62,3.1,0.9898695654758456
E8.2,63,3.15,0.9904672726700924
E8.2,64,3.2,0.9910260253250592
E8.2,65,3.25,0.9915486041774134
E8.2,66,3.3,0.9920375743389542
E8.2,67,3.35,0.9924953033076004
E8.2,68,3.4,0.9929239773721328
E8.2,69,3.45,0.9933256165620932
E8.2,70,3.5,0.9937020882793506
E8.2,71,3.55,0.9940551197344438
E8.2,72,3.6,0.99438630929878
E8.2,73,3.65,0.9946971368729352
E8.2,74,3.7,0.9949889733615704
E8.2,75,3.75,0.995263089336726
E8.2,76,3.8,0.9955206629633756
E8.2,77,3.85,0.9957627872540435
E8.2,78,3.9,0.9959904767129036
E8.2,79,3.94999999999999,0.9962046734240416
E8.2,80,3.99999999999999,0.9964062526333918
E8.3,0,0.0,0.0
E8.3,1,0.05,0.0158850924382993
E8.3,2,0.1,0.0888094773372777
E8.3,3,0.15,0.1755395411665201
E8.3,4,0.2,0.2629052046852004
E8.3,5,0.25,0.345020812407893
E8.3,6,0.3,0.4190712807661346
E8.3,7,0.35,0.4847059982069755
E8.3,8,0.4,0.5426165273913268
E8.3,9,0.45,0.5937230034627683
E8.3,10,0.5,0.6388830154390861
E8.3,11,0.55,0.6788310418303954
E8.3,12,0.6,0.7141899944910626
E8.3,13,0.65,0.74549510739107
E8.3,14,0.7,0.7732135096310248
E8.3,15,0.75,0.7977574876314281
E8.3,16,0.8,0.8194931048125398
E8.3,17,0.85,0.8387460394498438
E8.3,18,0.9,0.8558059220752796
E8.3,19,0.95,0.8709299034023307
E8.3,20,1.0,0.8843458176729804
E8.3,21,1.05,0.8962550989329291
E8.3,22,1.1,0.9068355038579335
E8.3,23,1.15,0.9162436498797072
E8.3,24,1.2,0.9246173628320604
E8.3,25,1.25,0.9320778276818076
E8.3,26,1.3,0.938731540426643
E8.3,27,1.35,0.9446720647373712
E8.3,28,1.4,0.9499816016253468
E8.3,29,1.45,0.9547323837786126
E8.3,30,1.5,0.9589879082421068
E8.3,31,1.55,0.9628040220449956
E8.3,32,1.6,0.9662298754789892
E8.3,33,1.65,0.9693087572609276
E8.3,34,1.7,0.9720788249793963
E8.3,35,1.75,0.9745737431866902
E8.3,36,1.8,0.9768232403675592
E8.3,37,1.85,0.97885359487252
E8.3,38,1.9,0.9806880587964246
E8.3,39,1.95,0.982347227742887
E8.3,40,2.0,0.9838493634584856
E8.3,41,2.05,0.9852106754541734
E8.3,42,2.1,0.9864455669555646
E8.3,43,2.15,0.9875668498353068
E8.3,44,2.2,0.988585932573856
E8.3,45,2.25,0.9895129847627624
E8.3,46,2.3,0.990357081199724
E8.3,47,2.35,0.9911263282198736
E8.3,48,2.4,0.9918279745561238
E8.3,49,2.45,0.9924685087164156
E8.3,50,2.5,0.9930537446015828
E8.3,51,2.55,0.993588896858944
E8.3,52,2.6,0.9940786472690204
E8.3,53,2.65,0.99452720329182
E8.3,54,2.7,0.9949383497513064
E8.3,55,2.75,0.9953154945088434
E8.3,56,2.8,0.9956617088658496
E8.3,57,2.85,0.9959797633402144
E8.3,58,2.9,0.9962721593782036
E8.3,59,2.95,0.9965411574918268
E8.3,60,3.0,0.9967888022494436
E8.3,61,3.05,0.9970169444934268
E8.3,62,3.1,0.9972272611118642
E8.3,63,3.15,0.997421272650582
E8.3,64,3.2,0.9976003590163824
E8.3,65,3.25,0.9977657734915878
E8.3,66,3.3,0.9979186552531496
E8.3,67,3.35,0.9980600405661868
E8.3,68,3.4,0.9981908728013976
E8.3,69,3.45,0.9983120114079556
E8.3,70,3.5,0.9984242399578992
E8.3,71,3.55,0.998528273364378
E8.3,72,3.6,0.9986247643641624
E8.3,73,3.65,0.9987143093443314
E8.3,74,3.7,0.9987974535838574
E8.3,75,3.75,0.9988746959727158
E8.3,76,3.8,0.9989464932640394
E8.3,77,3.85,0.9990132639085796
E8.3,78,3.9,0.999075391515222
E8.3,79,3.94999999999999,0.999133227976443
E8.3,80,3.99999999999999,0.9991870962932996
E8.4,0,0.0,0.0
E8.4,1,0.05,0.0182736725232114
E8.4,2,0.1,0.1047929836736978
E8.4,3,0.15,0.2033455833855467
E8.4,4,0.2,0.2977231458809147
E8.4,5,0.25,0.3800695630343186
E8.4,6,0.3,0.4497469388687029
E8.4,7,0.35,0.5093441600516091
E8.4,8,0.4,0.5613955551888151
E8.4,9,0.45,0.6075887881832513
E8.4,10,0.5,0.6489298935584218
E8.4,11,0.55,0.6860342306800786
E8.4,12,0.6,0.7193277307949126
E8.4,13,0.65,0.7491538255879227
E8.4,14,0.7,0.775821102759185
E8.4,15,0.75,0.7996204624605237
E8.4,16,0.8,0.8208287839794653
E8.4,17,0.85,0.8397077364866494
E8.4,18,0.9,0.8565016152581715
E8.4,19,0.95,0.8714356875016791
E8.4,20,1.0,0.8847154330843774
E8.4,21,1.05,0.8965266195312801
E8.4,22,1.1,0.9070360091073052
E8.4,23,1.15,0.9163924836931344
E8.4,24,1.2,0.9247284078464196
E8.4,25,1.25,0.9321610954884229
E8.4,26,1.3,0.9387942867436436
E8.4,27,1.35,0.9447195742512448
E8.4,28,1.4,0.950017742592038
E8.4,29,1.45,0.9547600016392288
E8.4,30,1.5,0.9590091062587056
E8.4,31,1.55,0.9628203623224496
E8.4,32,1.6,0.966242523641424
E8.4,33,1.65,0.9693185870710596
E8.4,34,1.7,0.972086494349616
E8.4,35,1.75,0.9745797496637648
E8.4,36,1.8,0.9768279618213452
E8.4,37,1.85,0.9788573194700684
E8.4,38,1.9,0.9806910071815692
E8.4,39,1.95,0.9823495695200034
E8.4,40,2.0,0.9838512294955608
E8.4,41,2.05,0.9852121671039048
E8.4,42,2.1,0.9864467629947528
E8.4,43,2.15,0.9875678117079348
E8.4,44,2.2,0.988586708367907
E8.4,45,2.25,0.9895136122380144
E8.4,46,2.3,0.9903575901015076
E8.4,47,2.35,0.9911267420535425
E8.4,48,2.4,0.9918283119527064
E8.4,49,2.45,0.9924687844872278
E8.4,50,2.5,0.9930539705553532
E8.4,51,2.55,0.993589082436987
E8.4,52,2.6,0.9940788000405348
E8.4,53,2.65,0.9945273293413064
E8.4,54,2.7,0.9949384539825116
E8.4,55,2.75,0.995315580883916
E8.4,56,2.8,0.9956617805940552
E8.4,57,2.85,0.9959798230272648
E8.4,58,2.9,0.99627220914474
E8.4,59,2.95,0.9965411990676808
E8.4,60,3.0,0.9967888370488186
E8.4,61,3.05,0.9970169736750176
E8.4,62,3.1,0.997227285627048
E8.4,63,3.15,0.9974212932821424
E8.4,64,3.2,0.9976003764096992
E8.4,65,3.25,0.9977657881798156
E8.4,66,3.3,0.9979186676775914
E8.4,67,3.35,0.9980600510928131
E8.4,68,3.4,0.9981908817342726
E8.4,69,3.45,0.9983120190001686
E8.4,70,3.5,0.9984242464204864
E8.4,71,3.55,0.9985282788736176
E8.4,72,3.6,0.9986247690675504
E8.4,73,3.65,0.9987143133654884
E8.4,74,3.7,0.9987974570265624
E8.4,75,3.75,0.9988746989242314
E8.4,76,3.8,0.9989464957978558
E8.4,77,3.85,0.9990132660866834
E8.4,78,3.9,0.9990753933899766
E8.4,79,3.94999999999999,0.9991332295921476
E8.4,80,3.99999999999999,0.9991870976874856
E8.5,0,0.0,0.0
E8.5,1,0.05,0.0111752185318322
E8.5,2,0.1,0.0528394919996256
E8.5,3,0.15,0.1067282152465749
E8.5,4,0.2,0.1638633858969296
E8.5,5,0.25,0.2201059854343843
E8.5,6,0.3,0.2733743800895569
E8.5,7,0.35,0.322783438015876
E8.5,8,0.4,0.3681243993166778
E8.5,9,0.45,0.4095352902629354
E8.5,10,0.5,0.4473090485915581
E8.5,11,0.55,0.4817899610030854
E8.5,12,0.6,0.5133217046215981
E8.5,13,0.65,0.5422237749507323
E8.5,14,0.7,0.5687827981378725
E8.5,15,0.75,0.5932512458714989
E8.5,16,0.8,0.6158495464958743
E8.5,17,0.85,0.6367695157997295
E8.5,18,0.9,0.6561780758570072
E8.5,19,0.95,0.6742207839378617
E8.5,20,1.0,0.6910249795606489
E8.5,21,1.05,0.7067025002093423
E8.5,22,1.1,0.7213519828359053
E8.5,23,1.15,0.7350607956359881
E8.5,24,1.2,0.7479066523432127
E8.5,25,1.25,0.7599589598009214
E8.5,26,1.3,0.7712799442165865
E8.5,27,1.35,0.7819255949832163
E8.5,28,1.4,0.7919464585462012
E8.5,29,1.45,0.8013883090474321
E8.5,30,1.5,0.81029271756321
E8.5,31,1.55,0.8186975376624148
E8.5,32,1.6,0.8266373216640852
E8.5,33,1.65,0.8341436792613561
E8.5,34,1.7,0.841245587993704
E8.5,35,1.75,0.847969663294206
E8.5,36,1.8,0.8543403944296605
E8.5,37,1.85,0.8603803515198518
E8.5,38,1.9,0.8661103679118045
E8.5,39,1.95,0.8715497014504638
E8.5,40,2.0,0.8767161775929393
E8.5,41,2.05,0.8816263168307574
E8.5,42,2.1,0.8862954484909605
E8.5,43,2.15,0.8907378126645451
E8.5,44,2.2,0.8949666517455768
E8.5,45,2.25,0.8989942928452104
E8.5,46,2.3,0.9028322221629472
E8.5,47,2.35,0.9064911522457516
E8.5,48,2.4,0.909981082938544
E8.5,49,2.45,0.9133113567225944
E8.5,50,2.5,0.9164907090478904
E8.5,51,2.55,0.9195273141887474
E8.5,52,2.6,0.9224288270864244
E8.5,53,2.65,0.9252024215864358
E8.5,54,2.7,0.9278548254300348
E8.5,55,2.75,0.9303923523177514
E8.5,56,2.8,0.9328209313268429
E8.5,57,2.85,0.9351461339332074
E8.5,58,2.9,0.9373731988610275
E8.5,59,2.95,0.939507054959536
E8.5,60,3.0,0.941552342285355
E8.5,61,3.05,0.943513431550458
E8.5,62,3.1,0.9453944420795354
E8.5,63,3.15,0.9471992584062074
E8.5,64,3.2,0.948931545624776
E8.5,65,3.25,0.9505947636029112
E8.5,66,3.3,0.9521921801505926
E8.5,67,3.35,0.9537268832316492
E8.5,68,3.4,0.9552017922962076
E8.5,69,3.45,0.9566196688051808
E8.5,70,3.5,0.9579831260114676
E8.5,71,3.55,0.9592946380567609
E8.5,72,3.6,0.9605565484376264
E8.5,73,3.65,0.961771077889841
E8.5,74,3.7,0.9629403317357196
E8.5,75,3.75,0.9640663067353468
E8.5,76,3.8,0.9651508974791472
E8.5,77,3.85,0.9661959023561034
E8.5,78,3.9,0.9672030291290694
E8.5,79,3.94999999999999,0.9681739001460484
E8.5,80,3.99999999999999,0.9691100572139528
E8.6,0,0.0,0.0
E8.6,1,0.05,0.0061359920571638
E8.6,2,0.1,0.0592062121249531
E8.6,3,0.15,0.1333364321681877
E8.6,4,0.2,0.2100169013469164
E8.6,5,0.25,0.2829616580125337
E8.6,6,0.3,0.3475974150258948
E8.6,7,0.35,0.4025795721859994
E8.6,8,0.4,0.4488485409791605
E8.6,9,0.45,0.4881371950734221
E8.6,10,0.5,0.5221206662519084
E8.6,11,0.55,0.5521232727745153
E8.6,12,0.6,0.5790988649008686
E8.6,13,0.65,0.6037038844075016
E8.6,14,0.7,0.6263823621156193
E8.6,15,0.75,0.6474357776586486
E8.6,16,0.8,0.6670733263952214
E8.6,17,0.85,0.6854456735195051
E8.6,18,0.9,0.7026666971246929
E8.6,19,0.95,0.718827111869625
E8.6,20,1.0,0.7340028351093564
E8.6,21,1.05,0.748260043915963
E8.6,22,1.1,0.761658192615563
E8.6,23,1.15,0.7742517953554507
E8.6,24,1.2,0.7860914735077777
E8.6,25,1.25,0.7972245735400212
E8.6,26,1.3,0.8076955395303946
E8.6,27,1.35,0.8175461495935927
E8.6,28,1.4,0.8268156798208104
E8.6,29,1.45,0.8355410318307679
E8.6,30,1.5,0.8437568436775843
E8.6,31,1.55,0.8514955943058964
E8.6,32,1.6,0.858787706289309
E8.6,33,1.65,0.8656616485819656
E8.6,34,1.7,0.8721440394470821
E8.6,35,1.75,0.8782597489908459
E8.6,36,1.8,0.8840320004593049
E8.6,37,1.85,0.8894824694329073
E8.6,38,1.9,0.8946313801517818
E8.6,39,1.95,0.8994975983527815
E8.6,40,2.0,0.9040987201574532
E8.6,41,2.05,0.908451156698264
E8.6,42,2.1,0.9125702142995832
E8.6,43,2.15,0.9164701701371823
E8.6,44,2.2,0.920164343385816
E8.6,45,2.25,0.9236651619308014
E8.6,46,2.3,0.9269842247691142
E8.6,47,2.35,0.9301323602610776
E8.6,48,2.4,0.9331196804179126
E8.6,49,2.45,0.9359556314254854
E8.6,50,2.5,0.9386490406125312
E8.6,51,2.55,0.9412081600741162
E8.6,52,2.6,0.9436407071594426
E8.6,53,2.65,0.9459539020284142
E8.6,54,2.7,0.9481545024745326
E8.6,55,2.75,0.9502488362033608
E8.6,56,2.8,0.952242830746512
E8.6,57,2.85,0.9541420411813036
E8.6,58,2.9,0.9559516758161816
E8.6,59,2.95,0.9576766199919744
E8.6,60,3.0,0.9593214581391968
E8.6,61,3.05,0.9608904942220492
E8.6,62,3.1,0.9623877706905996
E8.6,63,3.15,0.9638170860538968
E8.6,64,3.2,0.9651820111784972
E8.6,65,3.25,0.9664859044091164
E8.6,66,3.3,0.9677319256008232
E8.6,67,3.35,0.9689230491453878
E8.6,68,3.4,0.9700620760680524
E8.6,69,3.45,0.9711516452651144
E8.6,70,3.5,0.9721942439472372
E8.6,71,3.55,0.9731922173483616
E8.6,72,3.6,0.974147777755415
E8.6,73,3.65,0.9750630129097002
E8.6,74,3.7,0.9759398938268756
E8.6,75,3.75,0.9767802820787604
E8.6,76,3.8,0.9775859365768322
E8.6,77,3.85,0.9783585198941676
E8.6,78,3.9,0.9790996041597154
E8.6,79,3.94999999999999,0.9798106765561618
E8.6,80,3.99999999999999,0.9804931444502228
E8.7,0,0.0,0.0
E8.7,1,0.05,0.0063542745838595
E8.7,2,0.1,0.0543741279963301
E8.7,3,0.15,0.1245647820886504
E8.7,4,0.2,0.197913392558042
E8.7,5,0.25,0.2667057501045425
E8.7,6,0.3,0.3275498264877103
E8.7,7,0.35,0.3798729711738687
E8.7,8,0.4,0.4245711152814546
E8.7,9,0.45,0.4630057498306059
E8.7,10,0.5,0.496491657923655
E8.7,11,0.55,0.5261127164976133
E8.7,12,0.6,0.552698098979479
E8.7,13,0.65,0.5768590876363557
E8.7,14,0.7,0.5990394205965406
E8.7,15,0.75,0.6195608959217651
E8.7,16,0.8,0.6386591999734392
E8.7,17,0.85,0.656510165186365
E8.7,18,0.9,0.6732482800762437
E8.7,19,0.95,0.6889794399654108
E8.7,20,1.0,0.7037896097834808
E8.7,21,1.05,0.7177506637636271
E8.7,22,1.1,0.7309243086764982
E8.7,23,1.15,0.74336472038308
E8.7,24,1.2,0.7551203227468473
E8.7,25,1.25,0.7662349975419052
E8.7,26,1.3,0.776748917910775
E8.7,27,1.35,0.7866991330758055
E8.7,28,1.4,0.7961199886342232
E8.7,29,1.45,0.8050434379348472
E8.7,30,1.5,0.8134992809532593
E8.7,31,1.55,0.82151535449719
E8.7,32,1.6,0.8291176892980585
E8.7,33,1.65,0.8363306441184684
E8.7,34,1.7,0.8431770234592506
E8.7,35,1.75,0.8496781831408908
E8.7,36,1.8,0.8558541265380857
E8.7,37,1.85,0.861723593282262
E8.7,38,1.9,0.8673041416302718
E8.7,39,1.95,0.8726122253064231
E8.7,40,2.0,0.8776632653795775
E8.7,41,2.05,0.8824717175848551
E8.7,42,2.1,0.8870511354063624
E8.7,43,2.15,0.8914142291811042
E8.7,44,2.2,0.8955729214505637
E8.7,45,2.25,0.8995383987661907
E8.7,46,2.3,0.9033211601424946
E8.7,47,2.35,0.9069310623430162
E8.7,48,2.4,0.9103773621780328
E8.7,49,2.45,0.9136687559871844
E8.7,50,2.5,0.916813416474616
E8.7,51,2.55,0.919819027058402
E8.7,52,2.6,0.922692813889833
E8.7,53,2.65,0.9254415756916032
E8.7,54,2.7,0.9280717115571024
E8.7,55,2.75,0.9305892468459857
E8.7,56,2.8,0.9329998573040664
E8.7,57,2.85,0.9353088915284352
E8.7,58,2.9,0.9375213918916474
E8.7,59,2.95,0.9396421140319028
E8.7,60,3.0,0.9416755450094202
E8.7,61,3.05,0.9436259202227372
E8.7,62,3.1,0.9454972391724508
E8.7,63,3.15,0.9472932801540164
E8.7,64,3.2,0.9490176139556
E8.7,65,3.25,0.9506736166316994
E8.7,66,3.3,0.9522644814182486
E8.7,67,3.35,0.953793229850254
E8.7,68,3.4,0.9552627221386188
E8.7,69,3.45,0.9566756668587266
E8.7,70,3.5,0.958034629999534
E8.7,71,3.55,0.95934204341837
E8.7,72,3.6,0.9606002127433356
E8.7,73,3.65,0.961811324762126
E8.7,74,3.7,0.9629774543332554
E8.7,75,3.75,0.96410057085302
E8.7,76,3.8,0.9651825443090888
E8.7,77,3.85,0.9662251509493552
E8.7,78,3.9,0.9672300785925728
E8.7,79,3.94999999999999,0.968198931605374
E8.7,80,3.99999999999999,0.969133235568467
E8.8,0,0.0,0.0
E8.8,1,0.05,0.0061062850264074
E8.8,2,0.1,0.0690238349385216
E8.8,3,0.15,0.1565341377849987
E8.8,4,0.2,0.2448498163571746
E8.8,5,0.25,0.3222375480964815
E8.8,6,0.3,0.3832122074922278
E8.8,7,0.35,0.4296838169015594
E8.8,8,0.4,0.4659755922319731
E8.8,9,0.45,0.4958350202532731
E8.8,10,0.5,0.5217550988259931
E8.8,11,0.55,0.5451969926245552
E8.8,12,0.6,0.566956953986427
E8.8,13,0.65,0.5874496300563471
E8.8,14,0.7,0.606885774479935
E8.8,15,0.75,0.6253732499298241
E8.8,16,0.8,0.6429710882310626
E8.8,17,0.85,0.6597170955127204
E8.8,18,0.9,0.6756412604117938
E8.8,19,0.95,0.6907718144935773
E8.8,20,1.0,0.7051376224572923
E8.8,21,1.05,0.7187688226399866
E8.8,22,1.1,0.7316966960548894
E8.8,23,1.15,0.7439532476135191
E8.8,24,1.2,0.755570728125103
E8.8,25,1.25,0.7665811966461074
E8.8,26,1.3,0.7770161592189779
E8.8,27,1.35,0.7869062901089949
E8.8,28,1.4,0.7962812286812713
E8.8,29,1.45,0.8051694404408899
E8.8,30,1.5,0.8135981300710606
E8.8,31,1.55,0.821593195315993
E8.8,32,1.6,0.8291792121677286
E8.8,33,1.65,0.836379443511301
E8.8,34,1.7,0.8432158649361863
E8.8,35,1.75,0.8497092027551746
E8.8,36,1.8,0.8558789803742002
E8.8,37,1.85,0.8617435700476718
E8.8,38,1.9,0.8673202477632518
E8.8,39,1.95,0.8726252495589513
E8.8,40,2.0,0.8776738280123448
E8.8,41,2.05,0.8824803079811478
E8.8,42,2.1,0.8870581409366239
E8.8,43,2.15,0.8914199574327919
E8.8,44,2.2,0.8955776174083319
E8.8,45,2.25,0.8995422581349113
E8.8,46,2.3,0.90332433971361
E8.8,47,2.35,0.9069336880866612
E8.8,48,2.4,0.9103795355799448
E8.8,49,2.45,0.9136705590265016
E8.8,50,2.5,0.9168149155458843
E8.8,51,2.55,0.9198202760708392
E8.8,52,2.6,0.922693856723486
E8.8,53,2.65,0.9254424481493074
E8.8,54,2.7,0.9280724429199864
E8.8,55,2.75,0.9305898611163568
E8.8,56,2.8,0.9330003742010922
E8.8,57,2.85,0.935309327287814
E8.8,58,2.9,0.9375217599094524
E8.8,59,2.95,0.9396424253842172
E8.8,60,3.0,0.9416758088727196
E8.8,61,3.05,0.9436261442147614
E8.8,62,3.1,0.9454974296292296
E8.8,63,3.15,0.9472934423555006
E8.8,64,3.2,0.9490177523098337
E8.8,65,3.25,0.9506737348254628
E8.8,66,3.3,0.952264582540534
E8.8,67,3.35,0.9537933164936756
E8.8,68,3.4,0.9552627964828644
E8.8,69,3.45,0.9566757307393636
E8.8,70,3.5,0.9580346849648482
E8.8,71,3.55,0.959342090776404
E8.8,72,3.6,0.9606002536008872
E8.8,73,3.65,0.9618113600571392
E8.8,74,3.7,0.9629774848617688
E8.8,75,3.75,0.9641005972916258
E8.8,76,3.8,0.9651825672336828
E8.8,77,3.85,0.9662251708508124
E8.8,78,3.9,0.9672300958898774
E8.8,79,3.94999999999999,0.968198946656633
E8.8,80,3.99999999999999,0.9691332486801616
E8.9,0,0.0,0.0
E8.9,1,0.05,0.0084880764170106
E8.9,2,0.1,0.0608720839304147
E8.9,3,0.15,0.1302437133617979
E8.9,4,0.2,0.2044310579762114
E8.9,5,0.25,0.2760760111719426
E8.9,6,0.3,0.3394222826887048
E8.9,7,0.35,0.3927874034476346
E8.9,8,0.4,0.4371516602287733
E8.9,9,0.45,0.4743791217335903
E8.9,10,0.5,0.5062669431525285
E8.9,11,0.55,0.5342292597865452
E8.9,12,0.6,0.559279073524924
E8.9,13,0.65,0.5821083693519541
E8.9,14,0.7,0.6031799335678719
E8.9,15,0.75,0.6228025239582936
E8.9,16,0.8,0.6411849762672838
E8.9,17,0.85,0.6584726531900164
E8.9,18,0.9,0.6747710550847075
E8.9,19,0.95,0.6901607295294576
E8.9,20,1.0,0.7047065176536236
E8.9,21,1.05,0.718463208609997
E8.9,22,1.1,0.7314789570603504
E8.9,23,1.15,0.7437973274072442
E8.9,24,1.2,0.755458505943063
E8.9,25,1.25,0.7665000156279006
E8.9,26,1.3,0.776957138245245
E8.9,27,1.35,0.7868631678238377
E8.9,28,1.4,0.796249569359679
E8.9,29,1.45,0.8051460863854523
E8.9,30,1.5,0.8135808224520441
E8.9,31,1.55,0.8215803104977846
E8.9,32,1.6,0.829169577518832
E8.9,33,1.65,0.8363722081453382
E8.9,34,1.7,0.8432104085801173
E8.9,35,1.75,0.8497050711992444
E8.9,36,1.8,0.8558758395381227
E8.9,37,1.85,0.8617411731438828
E8.9,38,1.9,0.8673184117162882
E8.9,39,1.95,0.8726238379960618
E8.9,40,2.0,0.8776727389401671
E8.9,41,2.05,0.8824794648189127
E8.9,42,2.1,0.8870574859640661
E8.9,43,2.15,0.8914194469826691
E8.9,44,2.2,0.8955772183247271
E8.9,45,2.25,0.8995419451537096
E8.9,46,2.3,0.9033240935175328
E8.9,47,2.35,0.9069334938556924
E8.9,48,2.4,0.9103793819069786
E8.9,49,2.45,0.9136704371032678
E8.9,50,2.5,0.916814818549631
E8.9,51,2.55,0.9198201987006768
E8.9,52,2.6,0.9226937948486942
E8.9,53,2.65,0.9254423985416946
E8.9,54,2.7,0.9280724030495628
E8.9,55,2.75,0.930589828994854
E8.9,56,2.8,0.93300034826176
E8.9,57,2.85,0.9353093062928112
E8.9,58,2.9,0.9375217428782844
E8.9,59,2.95,0.9396424115382858
E8.9,60,3.0,0.9416757975922332
E8.9,61,3.05,0.9436261350051616
E8.9,62,3.1,0.9454974220949612
E8.9,63,3.15,0.9472934361794688
E8.9,64,3.2,0.9490177472372704
E8.9,65,3.25,0.9506737306512276
E8.9,66,3.3,0.9522645790990922
E8.9,67,3.35,0.9537933136511708
E8.9,68,3.4,0.9552627941308344
E8.9,69,3.45,0.9566757287897448
E8.9,70,3.5,0.9580346833459996
E8.9,71,3.55,0.9593420894299304
E8.9,72,3.6,0.9606002524791012
E8.9,73,3.65,0.9618113591210248
E8.9,74,3.7,0.9629774840793468
E8.9,75,3.75,0.9641005966366384
E8.9,76,3.8,0.9651825666845308
E8.9,77,3.85,0.9662251703896996
E8.9,78,3.9,0.9672300955021158
E8.9,79,3.94999999999999,0.96819894633008
E8.9,80,3.99999999999999,0.969133248404762
E9.1,0,0.0,0.0
E9.1,1,0.05,0.0001749638115465
E9.1,2,0.1,0.0077315292895626
E9.1,3,0.15,0.0350648353758036
E9.1,4,0.2,0.0805649147867246
E9.1,5,0.25,0.1382423012491474
E9.1,6,0.3,0.202694805257868
E9.1,7,0.35,0.2693636212555639
E9.1,8,0.4,0.3347756034802775
E9.1,9,0.45,0.3966639413504175
E9.1,10,0.5,0.4538137813199043
E9.1,11,0.55,0.5057753498524203
E9.1,12,0.6,0.5525826364466194
E9.1,13,0.65,0.5945370357095032
E9.1,14,0.7,0.6320626556219939
E9.1,15,0.75,0.6656189975269861
E9.1,16,0.8,0.6956531779400038
E9.1,17,0.85,0.7225769435125193
E9.1,18,0.9,0.7467581072289944
E9.1,19,0.95,0.7685197585323034
E9.1,20,1.0,0.7881432594119085
E9.1,21,1.05,0.8058727679504277
E9.1,22,1.1,0.8219200881778777
E9.1,23,1.15,0.8364692606297861
E9.1,24,1.2,0.849680649936962
E9.1,25,1.25,0.8616944655783652
E9.1,26,1.3,0.8726337393043558
E9.1,27,1.35,0.8826068194979837
E9.1,28,1.4,0.8917094531373827
E9.1,29,1.45,0.900026523672063
E9.1,30,1.5,0.9076335054076335
E9.1,31,1.55,0.9145976857192428
E9.1,32,1.6,0.9209791974151929
E9.1,33,1.65,0.926831895616421
E9.1,34,1.7,0.9322041068267662
E9.1,35,1.75,0.9371392724046326
E9.1,36,1.8,0.9416765042621582
E9.1,37,1.85,0.9458510671359353
E9.1,38,1.9,0.9496947990225112
E9.1,39,1.95,0.9532364792023252
E9.1,40,2.0,0.9565021515627092
E9.1,41,2.05,0.9595154095737586
E9.1,42,2.1,0.9622976481910084
E9.1,43,2.15,0.9648682870943022
E9.1,44,2.2,0.9672449689752826
E9.1,45,2.25,0.969443736019954
E9.1,46,2.3,0.9714791872695918
E9.1,47,2.35,0.9733646191612828
E9.1,48,2.4,0.9751121512319608
E9.1,49,2.45,0.9767328387040836
E9.1,50,2.5,0.978236773447136
E9.1,51,2.55,0.9796331746191552
E9.1,52,2.6,0.9809304701303528
E9.1,53,2.65,0.9821363699318258
E9.1,54,2.7,0.9832579320124608
E9.1,55,2.75,0.9843016218833291
E9.1,56,2.8,0.9852733662386748
E9.1,57,2.85,0.986178601403915
E9.1,58,2.9,0.9870223171122848
E9.1,59,2.95,0.9878090960913972
E9.1,60,3.0,0.988543149887952
E9.1,61,3.05,0.989228351312086
E9.1,62,3.1,0.9898682638416192
E9.1,63,3.15,0.990466168289976
E9.1,64,3.2,0.9910250870092794
E9.1,65,3.25,0.9915478058714786
E9.1,66,3.3,0.9920368942449628
E9.1,67,3.35,0.99249472316151
E9.1,68,3.4,0.9929234818483283
E9.1,69,3.45,0.9933251927820368
E9.1,70,3.5,0.9937017254054672
E9.1,71,3.55,0.9940548086339364
E9.1,72,3.6,0.9943860422648964
E9.1,73,3.65,0.994696907393521
E9.1,74,3.7,0.9949887759265984
E9.1,75,3.75,0.995262919278001
E9.1,76,3.8,0.9955205163208464
E9.1,77,3.85,0.9957626606641424
E9.1,78,3.9,0.995990367315158
E9.1,79,3.94999999999999,0.9962045787828568
E9.1,80,3.99999999999999,0.9964061706724524
E9.2,0,0.0,0.0
E9.2,1,0.05,0.0084552050589271
E9.2,2,0.1,0.0617941577760927
E9.2,3,0.15,0.1318098378648171
E9.2,4,0.2,0.2030301433482679
E9.2,5,0.25,0.2708472142448187
E9.2,6,0.3,0.3330498101285201
E9.2,7,0.35,0.3891855701235615
E9.2,8,0.4,0.4397433836757872
E9.2,9,0.45,0.4854793411189734
E9.2,10,0.5,0.5270961576017618
E9.2,11,0.55,0.565151832744721
E9.2,12,0.6,0.6000668750241673
E9.2,13,0.65,0.632159233562452
E9.2,14,0.7,0.6616784027102836
E9.2,15,0.75,0.6888306997873349
E9.2,16,0.8,0.7137956600307844
E9.2,17,0.85,0.7367357368420445
E9.2,18,0.9,0.7578015867670045
E9.2,19,0.95,0.7771346931595892
E9.2,20,1.0,0.7948685124270976
E9.2,21,1.05,0.8111288790565245
E9.2,22,1.1,0.8260340971957107
E9.2,23,1.15,0.8396949497272441
E9.2,24,1.2,0.8522147371361153
E9.2,25,1.25,0.8636893907370067
E9.2,26,1.3,0.8742076685819865
E9.2,27,1.35,0.8838514247853705
E9.2,28,1.4,0.8926959359939777
E9.2,29,1.45,0.9008102673853926
E9.2,30,1.5,0.9082576620089738
E9.2,31,1.55,0.9150959398623671
E9.2,32,1.6,0.9213778959416956
E9.2,33,1.65,0.9271516891784878
E9.2,34,1.7,0.9324612164922972
E9.2,35,1.75,0.9373464680916316
E9.2,36,1.8,0.9418438616627152
E9.2,37,1.85,0.945986554241913
E9.2,38,1.9,0.949804731429633
E9.2,39,1.95,0.9533258742269058
E9.2,40,2.0,0.9565750042107022
E9.2,41,2.05,0.959574908053146
E9.2,42,2.1,0.9623463425683052
E9.2,43,2.15,0.9649082215664202
E9.2,44,2.2,0.9672777858315496
E9.2,45,2.25,0.9694707575319031
E9.2,46,2.3,0.9715014803358288
E9.2,47,2.35,0.9733830464504766
E9.2,48,2.4,0.975127411732028
E9.2,49,2.45,0.9767454999414978
E9.2,50,2.5,0.9782472971424632
E9.2,51,2.55,0.9796419371594162
E9.2,52,2.6,0.9809377789397202
E9.2,53,2.65,0.982142476589642
E9.2,54,2.7,0.983263042786423
E9.2,55,2.75,0.9843059062043046
E9.2,56,2.8,0.985276963533007
E9.2,57,2.85,0.986181626612406
E9.2,58,2.9,0.987024865156952
E9.2,59,2.95,0.987811245497526
E9.2,60,3.0,0.9885449657267108
E9.2,61,3.05,0.9892298875955838
E9.2,62,3.1,0.9898695654758456
E9.2,63,3.15,0.9904672726700924
E9.2,64,3.2,0.9910260253250592
E9.2,65,3.25,0.9915486041774134
E9.2,66,3.3,0.9920375743389542
E9.2,67,3.35,0.9924953033076004
E9.2,68,3.4,0.9929239773721328
E9.2,69,3.45,0.9933256165620932
E9.2,70,3.5,0.9937020882793506
E9.2,71,3.55,0.9940551197344438
E9.2,72,3.6,0.99438630929878
E9.2,73,3.65,0.9946971368729352
E9.2,74,3.7,0.9949889733615704
E9.2,75,3.75,0.995263089336726
E9.2,76,3.8,0.9955206629633756
E9.2,77,3.85,0.9957627872540435
E9.2,78,3.9,0.9959904767129036
E9.2,79,3.94999999999999,0.9962046734240416
E9.2,80,3.99999999999999,0.9964062526333918
E9.3,0,0.0,0.0
E9.3,1,0.05,0.0158850924382993
E9.3,2,0.1,0.0888094773372777
E9.3,3,0.15,0.1755395411665201
E9.3,4,0.2,0.2629052046852004
E9.3,5,0.25,0.345020812407893
E9.3,6,0.3,0.4190712807661346
E9.3,7,0.35,0.4847059982069755
E9.3,8,0.4,0.5426165273913268
E9.3,9,0.45,0.5937230034627683
E9.3,10,0.5,0.6388830154390861
E9.3,11,0.55,0.6788310418303954
E9.3,12,0.6,0.7141899944910626
E9.3,13,0.65,0.74549510739107
E9.3,14,0.7,0.7732135096310248
E9.3,15,0.75,0.7977574876314281
E9.3,16,0.8,0.8194931048125398
E9.3,17,0.85,0.8387460394498438
E9.3,18,0.9,0.8558059220752796
E9.3,19,0.95,0.8709299034023307
E9.3,20,1.0,0.8843458176729804
E9.3,21,1.05,0.8962550989329291
E9.3,22,1.1,0.9068355038579335
E9.3,23,1.15,0.9162436498797072
E9.3,24,1.2,0.9246173628320604
E9.3,25,1.25,0.9320778276818076
E9.3,26,1.3,0.938731540426643
E9.3,27,1.35,0.9446720647373712
E9.3,28,1.4,0.9499816016253468
E9.3,29,1.45,0.9547323837786126
E9.3,30,1.5,0.9589879082421068
E9.3,31,1.55,0.9628040220449956
E9.3,32,1.6,0.9662298754789892
E9.3,33,1.65,0.9693087572609276
E9.3,34,1.7,0.9720788249793963
E9.3,35,1.75,0.9745737431866902
E9.3,36,1.8,0.9768232403675592
E9.3,37,1.85,0.97885359487252
E9.3,38,1.9,0.9806880587964246
E9.3,39,1.95,0.982347227742887
E9.3,40,2.0,0.9838493634584856
E9.3,41,2.05,0.9852106754541734
E9.3,42,2.1,0.9864455669555646
E9.3,43,2.15,0.9875668498353068
E9.3,44,2.2,0.988585932573856
E9.3,45,2.25,0.9895129847627624
E9.3,46,2.3,0.990357081199724
E9.3,47,2.35,0.9911263282198736
E9.3,48,2.4,0.9918279745561238
E9.3,49,2.45,0.9924685087164156
E9.3,50,2.5,0.9930537446015828
E9.3,51,2.55,0.993588896858944
E9.3,52,2.6,0.9940786472690204
E9.3,53,2.65,0.99452720329182
E9.3,54,2.7,0.9949383497513064
E9.3,55,2.75,0.9953154945088434
E9.3,56,2.8,0.9956617088658496
E9.3,57,2.85,0.9959797633402144
E9.3,58,2.9,0.9962721593782036
E9.3,59,2.95,0.9965411574918268
E9.3,60,3.0,0.9967888022494436
E9.3,61,3.05,0.9970169444934268
E9.3,62,3.1,0.9972272611118642
E9.3,63,3.15,0.997421272650582
E9.3,64,3.2,0.9976003590163824
E9.3,65,3.25,0.9977657734915878
E9.3,66,3.3,0.9979186552531496
E9.3,67,3.35,0.9980600405661868
E9.3,68,3.4,0.9981908728013976
E9.3,69,3.45,0.9983120114079556
E9.3,70,3.5,0.9984242399578992
E9.3,71,3.55,0.998528273364378
E9.3,72,3.6,0.9986247643641624
E9.3,73,3.65,0.9987143093443314
E9.3,74,3.7,0.9987974535838574
E9.3,75,3.75,0.9988746959727158
E9.3,76,3.8,0.9989464932640394
E9.3,77,3.85,0.9990132639085796
E9.3,78,3.9,0.999075391515222
E9.3,79,3.94999999999999,0.999133227976443
E9.3,80,3.99999999999999,0.9991870962932996
E9.4,0,0.0,0.0
E9.4,1,0.05,0.0182736725232114
E9.4,2,0.1,0.1047929836736978
E9.4,3,0.15,0.2033455833855467
E9.4,4,0.2,0.2977231458809147
E9.4,5,0.25,0.3800695630343186
E9.4,6,0.3,0.4497469388687029
E9.4,7,0.35,0.5093441600516091
E9.4,8,0.4,0.5613955551888151
E9.4,9,0.45,0.6075887881832513
E9.4,10,0.5,0.6489298935584218
E9.4,11,0.55,0.6860342306800786
E9.4,12,0.6,0.7193277307949126
E9.4,13,0.65,0.7491538255879227
E9.4,14,0.7,0.775821102759185
E9.4,15,0.75,0.7996204624605237
E9.4,16,0.8,0.8208287839794653
E9.4,17,0.85,0.8397077364866494
E9.4,18,0.9,0.8565016152581715
E9.4,19,0.95,0.8714356875016791
E9.4,20,1.0,0.8847154330843774
E9.4,21,1.05,0.8965266195312801
E9.4,22,1.1,0.9070360091073052
E9.4,23,1.15,0.9163924836931344
E9.4,24,1.2,0.9247284078464196
E9.4,25,1.25,0.9321610954884229
E9.4,26,1.3,0.9387942867436436
E9.4,27,1.35,0.9447195742512448
E9.4,28,1.4,0.950017742592038
E9.4,29,1.45,0.9547600016392288
E9.4,30,1.5,0.9590091062587056
E9.4,31,1.55,0.9628203623224496
E9.4,32,1.6,0.966242523641424
E9.4,33,1.65,0.9693185870710596
E9.4,34,1.7,0.972086494349616
E9.4,35,1.75,0.9745797496637648
E9.4,36,1.8,0.9768279618213452
E9.4,37,1.85,0.9788573194700684
E9.4,38,1.9,0.9806910071815692
E9.4,39,1.95,0.9823495695200034
E9.4,40,2.0,0.9838512294955608
E9.4,41,2.05,0.9852121671039048
E9.4,42,2.1,0.9864467629947528
E9.4,43,2.15,0.9875678117079348
E9.4,44,2.2,0.988586708367907
E9.4,45,2.25,0.9895136122380144
E9.4,46,2.3,0.9903575901015076
E9.4,47,2.35,0.9911267420535425
E9.4,48,2.4,0.9918283119527064
E9.4,49,2.45,0.9924687844872278
E9.4,50,2.5,0.9930539705553532
E9.4,51,2.55,0.993589082436987
E9.4,52,2.6,0.9940788000405348
E9.4,53,2.65,0.9945273293413064
E9.4,54,2.7,0.9949384539825116
E9.4,55,2.75,0.995315580883916
E9.4,56,2.8,0.9956617805940552
E9.4,57,2.85,0.9959798230272648
E9.4,58,2.9,0.99627220914474
E9.4,59,2.95,0.9965411990676808
E9.4,60,3.0,0.9967888370488186
E9.4,61,3.05,0.9970169736750176
E9.4,62,3.1,0.997227285627048
E9.4,63,3.15,0.9974212932821424
E9.4,64,3.2,0.9976003764096992
E9.4,65,3.25,0.9977657881798156
E9.4,66,3.3,0.9979186676775914
E9.4,67,3.35,0.9980600510928131
E9.4,68,3.4,0.9981908817342726
E9.4,69,3.45,0.9983120190001686
E9.4,70,3.5,0.9984242464204864
E9.4,71,3.55,0.9985282788736176
E9.4,72,3.6,0.9986247690675504
E9.4,73,3.65,0.9987143133654884
E9.4,74,3.7,0.9987974570265624
E9.4,75,3.75,0.9988746989242314
E9.4,76,3.8,0.9989464957978558
E9.4,77,3.85,0.9990132660866834
E9.4,78,3.9,0.9990753933899766
E9.4,79,3.94999999999999,0.9991332295921476
E9.4,80,3.99999999999999,0.9991870976874856
F1.1,0,0.0,0.0
F1.1,1,0.05,0.0041010498687664
F1.1,2,0.1,0.0082020997375328
F1.1,3,0.15,0.0123031496062992
F1.1,4,0.2,0.0164041994750656
F1.1,5,0.25,0.020505249343832
F1.1,6,0.3,0.0246062992125984
F1.1,7,0.35,0.0287073490813648
F1.1,8,0.4,0.0328083989501312
F1.1,9,0.45,0.0369094488188976
F1.1,10,0.5,0.041010498687664
F1.1,11,0.55,0.0451115485564304
F1.1,12,0.6,0.0492125984251968
F1.1,13,0.65,0.0533136482939632
F1.1,14,0.7,0.0574146981627296
F1.1,15,0.75,0.061515748031496
F1.1,16,0.8,0.0656167979002624
F1.1,17,0.85,0.0697178477690288
F1.1,18,0.9,0.0738188976377952
F1.1,19,0.95,0.0779199475065616
F1.1,20,1.0,0.082020997375328
F1.1,21,1.05,0.0861220472440944
F1.1,22,1.1,0.0902230971128609
F1.1,23,1.15,0.0943241469816272
F1.1,24,1.2,0.0984251968503936
F1.1,25,1.25,0.1025262467191601
F1.1,26,1.3,0.1066272965879265
F1.1,27,1.35,0.1107283464566929
F1.1,28,1.4,0.1148293963254593
F1.1,29,1.45,0.1189304461942257
F1.1,30,1.5,0.1230314960629921
F1.1,31,1.55,0.1271325459317585
F1.1,32,1.6,0.1312335958005249
F1.1,33,1.65,0.1353346456692913
F1.1,34,1.7,0.1394356955380577
F1.1,35,1.75,0.1435367454068241
F1.1,36,1.8,0.1476377952755905
F1.1,37,1.85,0.1517388451443569
F1.1,38,1.9,0.1558398950131233
F1.1,39,1.95,0.1599409448818897
F1.1,40,2.0,0.1640419947506561
F1.1,41,2.05,0.1681430446194225
F1.1,42,2.1,0.1722440944881889
F1.1,43,2.15,0.1763451443569553
F1.1,44,2.2,0.1804461942257218
F1.1,45,2.25,0.1845472440944882
F1.1,46,2.3,0.1886482939632545
F1.1,47,2.35,0.192749343832021
F1.1,48,2.4,0.1968503937007873
F1.1,49,2.45,0.2009514435695538
F1.1,50,2.5,0.2050524934383202
F1.1,51,2.55,0.2091535433070866
F1.1,52,2.6,0.213254593175853
F1.1,53,2.65,0.2173556430446194
F1.1,54,2.7,0.2429133858267717
F1.1,55,2.75,0.2511154855643045
F1.1,56,2.8,0.2593175853018373
F1.1,57,2.85,0.2675196850393701
F1.1,58,2.9,0.2757217847769029
F1.1,59,2.95,0.2839238845144358
F1.1,60,3.0,0.2921259842519685
F1.1,61,3.05,0.3003280839895013
F1.2,0,0.0,0.0
F1.2,1,0.05,0.0041010498687664
F1.2,2,0.1,0.0082020997375328
F1.2,3,0.15,0.0123031496062992
F1.2,4,0.2,0.0164041994750656
F1.2,5,0.25,0.020505249343832
F1.2,6,0.3,0.0246062992125984
F1.2,7,0.35,0.0287073490813648
F1.2,8,0.4,0.0328083989501312
F1.2,9,0.45,0.0369094488188976
F1.2,10,0.5,0.041010498687664
F1.2,11,0.55,0.0451115485564304
F1.2,12,0.6,0.0492125984251968
F1.2,13,0.65,0.0533136482939632
F1.2,14,0.7,0.0574146981627296
F1.2,15,0.75,0.061515748031496
F1.2,16,0.8,0.0656167979002624
F1.2,17,0.85,0.0697178477690288
F1.2,18,0.9,0.0738188976377952
F1.2,19,0.95,0.0779199475065616
F1.2,20,1.0,0.082020997375328
F1.2,21,1.05,0.0861220472440944
F1.2,22,1.1,0.0902230971128609
F1.2,23,1.15,0.0943241469816272
F1.2,24,1.2,0.0984251968503936
F1.2,25,1.25,0.1025262467191601
F1.2,26,1.3,0.1066272965879265
F1.2,27,1.35,0.1107283464566929
F1.2,28,1.4,0.1148293963254593
F1.2,29,1.45,0.1189304461942257
F1.2,30,1.5,0.1230314960629921
F1.2,31,1.55,0.1271325459317585
F1.2,32,1.6,0.1312335958005249
F1.2,33,1.65,0.1353346456692913
F1.2,34,1.7,0.1394356955380577
F1.2,35,1.75,0.1435367454068241
F1.2,36,1.8,0.1476377952755905
F1.2,37,1.85,0.1517388451443569
F1.2,38,1.9,0.1558398950131233
F1.2,39,1.95,0.1599409448818897
F1.2,40,2.0,0.1640419947506561
F1.2,41,2.05,0.1681430446194225
F1.2,42,2.1,0.1722440944881889
F1.2,43,2.15,0.1763451443569553
F1.2,44,2.2,0.1804461942257218
F1.2,45,2.25,0.1845472440944882
F1.2,46,2.3,0.1886482939632545
F1.2,47,2.35,0.192749343832021
F1.2,48,2.4,0.1968503937007873
F1.2,49,2.45,0.2009514435695538
F1.2,50,2.5,0.2050524934383202
F1.2,51,2.55,0.2091535433070866
F1.2,52,2.6,0.213254593175853
F1.2,53,2.65,0.2173556430446194
F1.2,54,2.7,0.2429133858267717
F1.2,55,2.75,0.2511154855643045
F1.2,56,2.8,0.2593175853018373
F1.2,57,2.85,0.2675196850393701
F1.2,58,2.9,0.2757217847769029
F1.2,59,2.95,0.2839238845144358
F1.2,60,3.0,0.2921259842519685
F1.2,61,3.05,0.3003280839895013
F1.3,0,0.0,0.0
F1.3,1,0.05,0.0041010498687664
F1.3,2,0.1,0.0082020997375328
F1.3,3,0.15,0.0123031496062992
F1.3,4,0.2,0.0164041994750656
F1.3,5,0.25,0.020505249343832
F1.3,6,0.3,0.0246062992125984
F1.3,7,0.35,0.0287073490813648
F1.3,8,0.4,0.0328083989501312
F1.3,9,0.45,0.0369094488188976
F1.3,10,0.5,0.041010498687664
F1.3,11,0.55,0.0451115485564304
F1.3,12,0.6,0.0492125984251968
F1.3,13,0.65,0.0533136482939632
F1.3,14,0.7,0.0574146981627296
F1.3,15,0.75,0.061515748031496
F1.3,16,0.8,0.0656167979002624
F1.3,17,0.85,0.0697178477690288
F1.3,18,0.9,0.0738188976377952
F1.3,19,0.95,0.0779199475065616
F1.3,20,1.0,0.082020997375328
F1.3,21,1.05,0.0861220472440944
F1.3,22,1.1,0.0902230971128609
F1.3,23,1.15,0.0943241469816272
F1.3,24,1.2,0.0984251968503936
F1.3,25,1.25,0.1025262467191601
F1.3,26,1.3,0.1066272965879265
F1.3,27,1.35,0.1107283464566929
F1.3,28,1.4,0.1148293963254593
F1.3,29,1.45,0.1189304461942257
F1.3,30,1.5,0.1230314960629921
F1.3,31,1.55,0.1271325459317585
F1.3,32,1.6,0.1312335958005249
F1.3,33,1.65,0.1353346456692913
F1.3,34,1.7,0.1394356955380577
F1.3,35,1.75,0.1435367454068241
F1.3,36,1.8,0.1476377952755905
F1.3,37,1.85,0.1517388451443569
F1.3,38,1.9,0.1558398950131233
F1.3,39,1.95,0.1599409448818897
F1.3,40,2.0,0.1640419947506561
F1.3,41,2.05,0.1681430446194225
F1.3,42,2.1,0.1722440944881889
F1.3,43,2.15,0.1763451443569553
F1.3,44,2.2,0.1804461942257218
F1.3,45,2.25,0.1845472440944882
F1.3,46,2.3,0.1886482939632545
F1.3,47,2.35,0.192749343832021
F1.3,48,2.4,0.1968503937007873
F1.3,49,2.45,0.2009514435695538
F1.3,50,2.5,0.2050524934383202
F1.3,51,2.55,0.2091535433070866
F1.3,52,2.6,0.213254593175853
F1.3,53,2.65,0.2173556430446194
F1.3,54,2.7,0.2429133858267717
F1.3,55,2.75,0.2511154855643045
F1.3,56,2.8,0.2593175853018373
F1.3,57,2.85,0.2675196850393701
F1.3,58,2.9,0.2757217847769029
F1.3,59,2.95,0.2839238845144358
F1.3,60,3.0,0.2921259842519685
F1.3,61,3.05,0.3003280839895013
F1.4,0,0.0,0.0
F1.4,1,0.05,0.0041010498687664
F1.4,2,0.1,0.0082020997375328
F1.4,3,0.15,0.0123031496062992
F1.4,4,0.2,0.0164041994750656
F1.4,5,0.25,0.020505249343832
F1.4,6,0.3,0.0246062992125984
F1.4,7,0.35,0.0287073490813648
F1.4,8,0.4,0.0328083989501312
F1.4,9,0.45,0.0369094488188976
F1.4,10,0.5,0.041010498687664
F1.4,11,0.55,0.0451115485564304
F1.4,12,0.6,0.0492125984251968
F1.4,13,0.65,0.0533136482939632
F1.4,14,0.7,0.0574146981627296
F1.4,15,0.75,0.061515748031496
F1.4,16,0.8,0.0656167979002624
F1.4,17,0.85,0.0697178477690288
F1.4,18,0.9,0.0738188976377952
F1.4,19,0.95,0.0779199475065616
F1.4,20,1.0,0.082020997375328
F1.4,21,1.05,0.0861220472440944
F1.4,22,1.1,0.0902230971128609
F1.4,23,1.15,0.0943241469816272
F1.4,24,1.2,0.0984251968503936
F1.4,25,1.25,0.1025262467191601
F1.4,26,1.3,0.1066272965879265
F1.4,27,1.35,0.1107283464566929
F1.4,28,1.4,0.1148293963254593
F1.4,29,1.45,0.1189304461942257
F1.4,30,1.5,0.1230314960629921
F1.4,31,1.55,0.1271325459317585
F1.4,32,1.6,0.1312335958005249
F1.4,33,1.65,0.1353346456692913
F1.4,34,1.7,0.1394356955380577
F1.4,35,1.75,0.1435367454068241
F1.4,36,1.8,0.1476377952755905
F1.4,37,1.85,0.1517388451443569
F1.4,38,1.9,0.1558398950131233
F1.4,39,1.95,0.1599409448818897
F1.4,40,2.0,0.1640419947506561
F1.4,41,2.05,0.1681430446194225
F1.4,42,2.1,0.1722440944881889
F1.4,43,2.15,0.1763451443569553
F1.4,44,2.2,0.1804461942257218
F1.4,45,2.25,0.1845472440944882
F1.4,46,2.3,0.1886482939632545
F1.4,47,2.35,0.192749343832021
F1.4,48,2.4,0.1968503937007873
F1.4,49,2.45,0.2009514435695538
F1.4,50,2.5,0.2050524934383202
F1.4,51,2.55,0.2091535433070866
F1.4,52,2.6,0.213254593175853
F1.4,53,2.65,0.2173556430446194
F1.4,54,2.7,0.2429133858267717
F1.4,55,2.75,0.2511154855643045
F1.4,56,2.8,0.2593175853018373
F1.4,57,2.85,0.2675196850393701
F1.4,58,2.9,0.2757217847769029
F1.4,59,2.95,0.2839238845144358
F1.4,60,3.0,0.2921259842519685
F1.4,61,3.05,0.3003280839895013
F1.5,0,0.0,0.0
F1.5,1,0.05,0.0
F1.5,2,0.1,0.0
F1.5,3,0.15,0.0
F1.5,4,0.2,0.0
F1.5,5,0.25,0.0
F1.5,6,0.3,0.0
F1.5,7,0.35,0.0
F1.5,8,0.4,0.0
F1.5,9,0.45,0.0
F1.5,10,0.5,0.0
F1.5,11,0.55,0.0
F1.5,12,0.6,0.0
F1.5,13,0.65,0.0
F1.5,14,0.7,0.0
F1.5,15,0.75,0.0
F1.5,16,0.8,0.0
F1.5,17,0.85,0.0
F1.5,18,0.9,0.0
F1.5,19,0.95,0.0
F1.5,20,1.0,0.0
F1.5,21,1.05,0.0
F1.5,22,1.1,0.0
F1.5,23,1.15,0.0
F1.5,24,1.2,0.0
F1.5,25,1.25,0.0
F1.5,26,1.3,0.0
F1.5,27,1.35,0.0
F1.5,28,1.4,0.0
F1.5,29,1.45,0.0
F1.5,30,1.5,0.0
F1.5,31,1.55,0.0
F1.5,32,1.6,0.0
F1.5,33,1.65,0.0
F1.5,34,1.7,0.0
F1.5,35,1.75,0.0
F1.5,36,1.8,0.0
F1.5,37,1.85,0.0
F1.5,38,1.9,0.0
F1.5,39,1.95,0.0
F1.5,40,2.0,0.0
F1.5,41,2.05,0.0
F1.5,42,2.1,0.0
F1.5,43,2.15,0.0
F1.5,44,2.2,0.0
F1.5,45,2.25,0.0
F1.5,46,2.3,0.0
F1.5,47,2.35,0.0
F1.5,48,2.4,0.0
F1.5,49,2.45,0.0
F1.5,50,2.5,0.0
F1.5,51,2.55,0.0
F1.5,52,2.6,0.0
F1.5,53,2.65,0.0
F1.5,54,2.7,0.0
F1.5,55,2.75,0.0
F1.5,56,2.8,0.0
F1.5,57,2.85,0.0
F1.5,58,2.9,0.0
F1.5,59,2.95,0.0
F1.5,60,3.0,0.0
F1.5,61,3.05,0.0
F1.6,0,0.0,0.0
F1.6,1,0.05,0.04
F1.6,2,0.1,0.08
F1.6,3,0.15,0.12
F1.6,4,0.2,0.16
F1.6,5,0.25,0.2
F1.6,6,0.3,0.24
F1.6,7,0.35,0.269
F1.6,8,0.4,0.286
F1.6,9,0.45,0.303
F1.6,10,0.5,0.32
F1.6,11,0.55,0.337
F1.6,12,0.6,0.354
F1.6,13,0.65,0.371
F1.6,14,0.7,0.388
F1.6,15,0.75,0.405
F1.6,16,0.8,0.422
F1.6,17,0.85,0.439
F1.6,18,0.9,0.456
F1.6,19,0.95,0.473
F1.6,20,1.0,0.49
F1.6,21,1.05,0.507
F1.6,22,1.1,0.524
F1.6,23,1.15,0.541
F1.6,24,1.2,0.558
F1.6,25,1.25,0.5750000000000001
F1.6,26,1.3,0.5920000000000001
F1.6,27,1.35,0.6090000000000001
F1.6,28,1.4,0.626
F1.6,29,1.45,0.643
F1.6,30,1.5,0.66
F1.6,31,1.55,0.677
F1.6,32,1.6,0.6940000000000001
F1.6,33,1.65,0.7110000000000001
F1.6,34,1.7,0.7280000000000001
F1.6,35,1.75,0.7450000000000001
F1.6,36,1.8,0.7620000000000001
F1.6,37,1.85,0.7790000000000001
F1.6,38,1.9,0.796
F1.6,39,1.95,0.8130000000000001
F1.6,40,2.0,0.8300000000000001
F1.6,41,2.05,0.847
F1.6,42,2.1,0.8640000000000001
F1.6,43,2.15,0.881
F1.6,44,2.2,0.8980000000000001
F1.6,45,2.25,0.915
F1.6,46,2.3,0.932
F1.6,47,2.35,0.949
F1.6,48,2.4,0.966
F1.6,49,2.45,0.983
F1.6,50,2.5,1.0
F1.6,51,2.55,1.0
F1.6,52,2.6,1.0
F1.6,53,2.65,1.0
F1.6,54,2.7,1.0
F1.6,55,2.75,1.0
F1.6,56,2.8,1.0
F1.6,57,2.85,1.0
F1.6,58,2.9,1.0
F1.6,59,2.95,1.0
F1.6,60,3.0,1.0
F1.6,61,3.05,1.0
F1.6,62,3.1,1.0
F1.6,63,3.15,1.0
F1.6,64,3.2,1.0
F1.6,65,3.25,1.0
F1.6,66,3.3,1.0
F1.6,67,3.35,1.0
F1.6,68,3.4,1.0
F1.6,69,3.45,1.0
F1.6,70,3.5,1.0
F1.6,71,3.55,1.0
F1.6,72,3.6,1.0
F1.6,73,3.65,1.0
F1.6,74,3.7,1.0
F1.6,75,3.75,1.0
F1.6,76,3.8,1.0
F1.6,77,3.85,1.0
F1.6,78,3.9,1.0
F1.6,79,3.95,1.0
F1.6,80,4.0,1.0
F1.6,81,4.05,1.0
F1.6,82,4.1,1.0
F1.6,83,4.15,1.0
F1.6,84,4.2,1.0
F1.6,85,4.25,1.0
F1.6,86,4.3,1.0
F1.6,87,4.35,1.0
F1.6,88,4.4,1.0
F1.6,89,4.44999999999999,1.0
F1.6,90,4.49999999999999,1.0
F1.6,91,4.54999999999999,1.0
F1.6,92,4.59999999999999,1.0
F1.6,93,4.64999999999999,1.0
F1.6,94,4.69999999999999,1.0
F1.6,95,4.74999999999999,1.0
F1.6,96,4.79999999999999,1.0
F1.6,97,4.84999999999999,1.0
F1.6,98,4.89999999999999,1.0
F1.6,99,4.94999999999999,1.0
F1.6,100,4.99999999999999,1.0
F1.6,101,5.04999999999999,1.0
F1.6,102,5.09999999999999,1.0
F1.6,103,5.14999999999999,1.0
F1.6,104,5.19999999999999,1.0
F1.6,105,5.24999999999999,1.0
F1.6,106,5.29999999999999,1.0
F1.6,107,5.34999999999999,1.0
F1.6,108,5.39999999999999,1.0
F1.6,109,5.44999999999999,1.0
F1.6,110,5.49999999999999,1.0
F1.6,111,5.54999999999999,1.0
F1.6,112,5.59999999999999,1.0
F1.6,113,5.64999999999999,1.0
F1.6,114,5.69999999999999,1.0
F1.6,115,5.74999999999999,1.0
F1.6,116,5.79999999999999,1.0
F1.6,117,5.84999999999999,1.0
F1.6,118,5.89999999999999,1.0
F1.6,119,5.94999999999999,1.0
F1.6,120,5.99999999999999,1.0
F1.7,0,0.0,0.0
F1.7,1,0.05,0.0
F1.7,2,0.1,0.01
F1.7,3,0.15,0.01
F1.7,4,0.2,0.01
F1.7,5,0.25,0.01
F1.7,6,0.3,0.016
F1.7,7,0.35,0.016
F1.7,8,0.4,0.016
F1.7,9,0.45,0.016
F1.7,10,0.5,0.016
F1.7,11,0.55,0.016
F1.7,12,0.6,0.016
F1.7,13,0.65,0.016
F1.7,14,0.7,0.016
F1.7,15,0.75,0.016
F1.7,16,0.8,0.016
F1.7,17,0.85,0.016
F1.7,18,0.9,0.016
F1.7,19,0.95,0.016
F1.7,20,1.0,0.025
F1.7,21,1.05,0.025
F1.7,22,1.1,0.025
F1.7,23,1.15,0.025
F1.7,24,1.2,0.025
F1.7,25,1.25,0.025
F1.7,26,1.3,0.025
F1.7,27,1.35,0.025
F1.7,28,1.4,0.025
F1.7,29,1.45,0.025
F1.7,30,1.5,0.025
F1.7,31,1.55,0.025
F1.7,32,1.6,0.025
F1.7,33,1.65,0.025
F1.7,34,1.7,0.035
F1.7,35,1.75,0.035
F1.7,36,1.8,0.035
F1.7,37,1.85,0.035
F1.7,38,1.9,0.035
F1.7,39,1.95,0.035
F1.7,40,2.0,0.035
F1.7,41,2.05,0.035
F1.7,42,2.1,0.035
F1.7,43,2.15,0.035
F1.7,44,2.2,0.035
F1.7,45,2.25,0.035
F1.7,46,2.3,0.035
F1.7,47,2.35,0.035
F1.7,48,2.4,0.035
F1.7,49,2.45,0.035
F1.7,50,2.5,0.035
F1.7,51,2.55,0.035
F1.7,52,2.6,0.035
F1.7,53,2.65,0.035
F1.7,54,2.7,0.035
F1.7,55,2.75,0.035
F1.7,56,2.8,0.035
F1.7,57,2.85,0.035
F1.7,58,2.9,0.035
F1.7,59,2.95,0.035
F1.7,60,3.0,0.035
F1.7,61,3.05,0.035
F1.7,62,3.1,0.035
F1.7,63,3.15,0.035
F1.7,64,3.2,0.035
F1.7,65,3.25,0.035
F1.7,66,3.3,0.035
F1.7,67,3.35,0.035
F1.7,68,3.4,0.035
F1.7,69,3.45,0.035
F1.7,70,3.5,0.035
F1.7,71,3.55,0.035
F1.7,72,3.6,0.035
F1.7,73,3.65,0.035
F1.7,74,3.7,0.035
F1.7,75,3.75,0.035
F1.7,76,3.8,0.035
F1.7,77,3.85,0.035
F1.7,78,3.9,0.035
F1.7,79,3.95,0.035
F1.7,80,4.0,0.035
F1.7,81,4.05,0.035
F1.7,82,4.1,0.035
F1.7,83,4.15,0.035
F1.7,84,4.2,0.035
F1.7,85,4.25,0.035
F1.7,86,4.3,0.035
F1.7,87,4.35,0.035
F1.7,88,4.4,0.035
F1.7,89,4.44999999999999,0.035
F1.7,90,4.49999999999999,0.035
F1.7,91,4.54999999999999,0.035
F1.7,92,4.59999999999999,0.035
F1.7,93,4.64999999999999,0.035
F1.7,94,4.69999999999999,0.035
F1.7,95,4.74999999999999,0.035
F1.7,96,4.79999999999999,0.035
F1.7,97,4.84999999999999,0.035
F1.7,98,4.89999999999999,0.035
F1.7,99,4.94999999999999,0.035
F1.7,100,4.99999999999999,0.035
F10.1,0,0.0,0.0
F10.1,1,0.05,0.04
F10.1,2,0.1,0.08
F10.1,3,0.15,0.12
F10.1,4,0.2,0.16
F10.1,5,0.25,0.2
F10.1,6,0.3,0.24
F10.1,7,0.35,0.269
F10.1,8,0.4,0.286
F10.1,9,0.45,0.303
F10.1,10,0.5,0.32
F10.1,11,0.55,0.337
F10.1,12,0.6,0.354
F10.1,13,0.65,0.371
F10.1,14,0.7,0.388
F10.1,15,0.75,0.405
F10.1,16,0.8,0.422
F10.1,17,0.85,0.439
F10.1,18,0.9,0.456
F10.1,19,0.95,0.473
F10.1,20,1.0,0.49
F10.1,21,1.05,0.507
F10.1,22,1.1,0.524
F10.1,23,1.15,0.541
F10.1,24,1.2,0.558
F10.1,25,1.25,0.5750000000000001
F10.1,26,1.3,0.5920000000000001
F10.1,27,1.35,0.6090000000000001
F10.1,28,1.4,0.626
F10.1,29,1.45,0.643
F10.1,30,1.5,0.66
F10.1,31,1.55,0.677
F10.1,32,1.6,0.6940000000000001
F10.1,33,1.65,0.7110000000000001
F10.1,34,1.7,0.7280000000000001
F10.1,35,1.75,0.7450000000000001
F10.1,36,1.8,0.7620000000000001
F10.1,37,1.85,0.7790000000000001
F10.1,38,1.9,0.796
F10.1,39,1.95,0.8130000000000001
F10.1,40,2.0,0.8300000000000001
F10.1,41,2.05,0.847
F10.1,42,2.1,0.8640000000000001
F10.1,43,2.15,0.881
F10.1,44,2.2,0.8980000000000001
F10.1,45,2.25,0.915
F10.1,46,2.3,0.932
F10.1,47,2.35,0.949
F10.1,48,2.4,0.966
F10.1,49,2.45,0.983
F10.1,50,2.5,1.0
F10.1,51,2.55,1.0
F10.1,52,2.6,1.0
F10.1,53,2.65,1.0
F10.1,54,2.7,1.0
F10.1,55,2.75,1.0
F10.1,56,2.8,1.0
F10.1,57,2.85,1.0
F10.1,58,2.9,1.0
F10.1,59,2.95,1.0
F10.1,60,3.0,1.0
F10.1,61,3.05,1.0
F10.1,62,3.1,1.0
F10.1,63,3.15,1.0
F10.1,64,3.2,1.0
F10.1,65,3.25,1.0
F10.1,66,3.3,1.0
F10.1,67,3.35,1.0
F10.1,68,3.4,1.0
F10.1,69,3.45,1.0
F10.1,70,3.5,1.0
F10.1,71,3.55,1.0
F10.1,72,3.6,1.0
F10.1,73,3.65,1.0
F10.1,74,3.7,1.0
F10.1,75,3.75,1.0
F10.1,76,3.8,1.0
F10.1,77,3.85,1.0
F10.1,78,3.9,1.0
F10.1,79,3.95,1.0
F10.1,80,4.0,1.0
F10.1,81,4.05,1.0
F10.1,82,4.1,1.0
F10.1,83,4.15,1.0
F10.1,84,4.2,1.0
F10.1,85,4.25,1.0
F10.1,86,4.3,1.0
F10.1,87,4.35,1.0
F10.1,88,4.4,1.0
F10.1,89,4.44999999999999,1.0
F10.1,90,4.49999999999999,1.0
F10.1,91,4.54999999999999,1.0
F10.1,92,4.59999999999999,1.0
F10.1,93,4.64999999999999,1.0
F10.1,94,4.69999999999999,1.0
F10.1,95,4.74999999999999,1.0
F10.1,96,4.79999999999999,1.0
F10.1,97,4.84999999999999,1.0
F10.1,98,4.89999999999999,1.0
F10.1,99,4.94999999999999,1.0
F10.1,100,4.99999999999999,1.0
F10.1,101,5.04999999999999,1.0
F10.1,102,5.09999999999999,1.0
F10.1,103,5.14999999999999,1.0
F10.1,104,5.19999999999999,1.0
F10.1,105,5.24999999999999,1.0
F10.1,106,5.29999999999999,1.0
F10.1,107,5.34999999999999,1.0
F10.1,108,5.39999999999999,1.0
F10.1,109,5.44999999999999,1.0
F10.1,110,5.49999999999999,1.0
F10.1,111,5.54999999999999,1.0
F10.1,112,5.59999999999999,1.0
F10.1,113,5.64999999999999,1.0
F10.1,114,5.69999999999999,1.0
F10.1,115,5.74999999999999,1.0
F10.1,116,5.79999999999999,1.0
F10.1,117,5.84999999999999,1.0
F10.1,118,5.89999999999999,1.0
F10.1,119,5.94999999999999,1.0
F10.1,120,5.99999999999999,1.0
F12.1,0,0.0,0.0
F12.1,1,0.05,0.04
F12.1,2,0.1,0.08
F12.1,3,0.15,0.12
F12.1,4,0.2,0.16
F12.1,5,0.25,0.2
F12.1,6,0.3,0.24
F12.1,7,0.35,0.269
F12.1,8,0.4,0.286
F12.1,9,0.45,0.303
F12.1,10,0.5,0.32
F12.1,11,0.55,0.337
F12.1,12,0.6,0.354
F12.1,13,0.65,0.371
F12.1,14,0.7,0.388
F12.1,15,0.75,0.405
F12.1,16,0.8,0.422
F12.1,17,0.85,0.439
F12.1,18,0.9,0.456
F12.1,19,0.95,0.473
F12.1,20,1.0,0.49
F12.1,21,1.05,0.507
F12.1,22,1.1,0.524
F12.1,23,1.15,0.541
F12.1,24,1.2,0.558
F12.1,25,1.25,0.5750000000000001
F12.1,26,1.3,0.5920000000000001
F12.1,27,1.35,0.6090000000000001
F12.1,28,1.4,0.626
F12.1,29,1.45,0.643
F12.1,30,1.5,0.66
F12.1,31,1.55,0.677
F12.1,32,1.6,0.6940000000000001
F12.1,33,1.65,0.7110000000000001
F12.1,34,1.7,0.7280000000000001
F12.1,35,1.75,0.7450000000000001
F12.1,36,1.8,0.7620000000000001
F12.1,37,1.85,0.7790000000000001
F12.1,38,1.9,0.796
F12.1,39,1.95,0.8130000000000001
F12.1,40,2.0,0.8300000000000001
F12.1,41,2.05,0.847
F12.1,42,2.1,0.8640000000000001
F12.1,43,2.15,0.881
F12.1,44,2.2,0.8980000000000001
F12.1,45,2.25,0.915
F12.1,46,2.3,0.932
F12.1,47,2.35,0.949
F12.1,48,2.4,0.966
F12.1,49,2.45,0.983
F12.1,50,2.5,1.0
F12.1,51,2.55,1.0
F12.1,52,2.6,1.0
F12.1,53,2.65,1.0
F12.1,54,2.7,1.0
F12.1,55,2.75,1.0
F12.1,56,2.8,1.0
F12.1,57,2.85,1.0
F12.1,58,2.9,1.0
F12.1,59,2.95,1.0
F12.1,60,3.0,1.0
F12.1,61,3.05,1.0
F12.1,62,3.1,1.0
F12.1,63,3.15,1.0
F12.1,64,3.2,1.0
F12.1,65,3.25,1.0
F12.1,66,3.3,1.0
F12.1,67,3.35,1.0
F12.1,68,3.4,1.0
F12.1,69,3.45,1.0
F12.1,70,3.5,1.0
F12.1,71,3.55,1.0
F12.1,72,3.6,1.0
F12.1,73,3.65,1.0
F12.1,74,3.7,1.0
F12.1,75,3.75,1.0
F12.1,76,3.8,1.0
F12.1,77,3.85,1.0
F12.1,78,3.9,1.0
F12.1,79,3.95,1.0
F12.1,80,4.0,1.0
F12.1,81,4.05,1.0
F12.1,82,4.1,1.0
F12.1,83,4.15,1.0
F12.1,84,4.2,1.0
F12.1,85,4.25,1.0
F12.1,86,4.3,1.0
F12.1,87,4.35,1.0
F12.1,88,4.4,1.0
F12.1,89,4.44999999999999,1.0
F12.1,90,4.49999999999999,1.0
F12.1,91,4.54999999999999,1.0
F12.1,92,4.59999999999999,1.0
F12.1,93,4.64999999999999,1.0
F12.1,94,4.69999999999999,1.0
F12.1,95,4.74999999999999,1.0
F12.1,96,4.79999999999999,1.0
F12.1,97,4.84999999999999,1.0
F12.1,98,4.89999999999999,1.0
F12.1,99,4.94999999999999,1.0
F12.1,100,4.99999999999999,1.0
F12.1,101,5.04999999999999,1.0
F12.1,102,5.09999999999999,1.0
F12.1,103,5.14999999999999,1.0
F12.1,104,5.19999999999999,1.0
F12.1,105,5.24999999999999,1.0
F12.1,106,5.29999999999999,1.0
F12.1,107,5.34999999999999,1.0
F12.1,108,5.39999999999999,1.0
F12.1,109,5.44999999999999,1.0
F12.1,110,5.49999999999999,1.0
F12.1,111,5.54999999999999,1.0
F12.1,112,5.59999999999999,1.0
F12.1,113,5.64999999999999,1.0
F12.1,114,5.69999999999999,1.0
F12.1,115,5.74999999999999,1.0
F12.1,116,5.79999999999999,1.0
F12.1,117,5.84999999999999,1.0
F12.1,118,5.89999999999999,1.0
F12.1,119,5.94999999999999,1.0
F12.1,120,5.99999999999999,1.0
F13.1,0,0.0,0.0
F13.1,1,0.05,0.0
F13.1,2,0.1,0.0
F13.1,3,0.15,0.0
F13.1,4,0.2,0.0
F13.1,5,0.25,0.0
F13.1,6,0.3,0.0
F13.1,7,0.35,0.0
F13.1,8,0.4,0.0
F13.1,9,0.45,0.0
F13.1,10,0.5,0.0
F13.1,11,0.55,0.0
F13.1,12,0.6,0.0
F13.1,13,0.65,0.0
F13.1,14,0.7,0.0
F13.1,15,0.75,0.0
F13.1,16,0.8,0.0
F13.1,17,0.85,0.0
F13.1,18,0.9,0.0
F13.1,19,0.95,0.0
F13.1,20,1.0,0.0
F13.1,21,1.05,0.0
F13.1,22,1.1,0.0
F13.1,23,1.15,0.0
F13.1,24,1.2,0.0
F13.1,25,1.25,0.0
F13.1,26,1.3,0.0
F13.1,27,1.35,0.0
F13.1,28,1.4,0.0
F13.1,29,1.45,0.0
F13.1,30,1.5,0.0
F13.1,31,1.55,0.0
F13.1,32,1.6,0.0
F13.1,33,1.65,0.0
F13.1,34,1.7,0.0
F13.1,35,1.75,0.0
F13.1,36,1.8,0.0
F13.1,37,1.85,0.0
F13.1,38,1.9,0.0
F13.1,39,1.95,0.0
F13.1,40,2.0,0.0
F13.1,41,2.05,0.0
F13.1,42,2.1,0.0
F13.1,43,2.15,0.0
F13.1,44,2.2,0.0
F13.1,45,2.25,0.0
F13.1,46,2.3,0.0
F13.1,47,2.35,0.0
F13.1,48,2.4,0.0
F13.1,49,2.45,0.0
F13.1,50,2.5,0.0
F13.1,51,2.55,0.0
F13.1,52,2.6,0.0
F13.1,53,2.65,0.0
F13.1,54,2.7,0.0
F13.1,55,2.75,0.0
F13.1,56,2.8,0.0
F13.1,57,2.85,0.0
F13.1,58,2.9,0.0
F13.1,59,2.95,0.0
F13.1,60,3.0,0.0
F13.1,61,3.05,0.0
F13.2,0,0.0,0.0
F13.2,1,0.05,0.0
F13.2,2,0.1,0.0
F13.2,3,0.15,0.0
F13.2,4,0.2,0.0
F13.2,5,0.25,0.0
F13.2,6,0.3,0.0
F13.2,7,0.35,0.0
F13.2,8,0.4,0.0
F13.2,9,0.45,0.0
F13.2,10,0.5,0.0
F13.2,11,0.55,0.0
F13.2,12,0.6,0.0
F13.2,13,0.65,0.0
F13.2,14,0.7,0.0
F13.2,15,0.75,0.0
F13.2,16,0.8,0.0
F13.2,17,0.85,0.0
F13.2,18,0.9,0.0
F13.2,19,0.95,0.0
F13.2,20,1.0,0.0
F13.2,21,1.05,0.0
F13.2,22,1.1,0.0
F13.2,23,1.15,0.0
F13.2,24,1.2,0.0
F13.2,25,1.25,0.0
F13.2,26,1.3,0.0
F13.2,27,1.35,0.0
F13.2,28,1.4,0.0
F13.2,29,1.45,0.0
F13.2,30,1.5,0.0
F13.2,31,1.55,0.0
F13.2,32,1.6,0.0
F13.2,33,1.65,0.0
F13.2,34,1.7,0.0
F13.2,35,1.75,0.0
F13.2,36,1.8,0.0
F13.2,37,1.85,0.0
F13.2,38,1.9,0.0
F13.2,39,1.95,0.0
F13.2,40,2.0,0.0
F13.2,41,2.05,0.0
F13.2,42,2.1,0.0
F13.2,43,2.15,0.0
F13.2,44,2.2,0.0
F13.2,45,2.25,0.0
F13.2,46,2.3,0.0
F13.2,47,2.35,0.0
F13.2,48,2.4,0.0
F13.2,49,2.45,0.0
F13.2,50,2.5,0.0
F13.2,51,2.55,0.0
F13.2,52,2.6,0.0
F13.2,53,2.65,0.0
F13.2,54,2.7,0.0
F13.2,55,2.75,0.0
F13.2,56,2.8,0.0
F13.2,57,2.85,0.0
F13.2,58,2.9,0.0
F13.2,59,2.95,0.0
F13.2,60,3.0,0.0
F13.2,61,3.05,0.0
F13.3,0,0.0,0.0
F13.3,1,0.05,0.0
F13.3,2,0.1,0.0
F13.3,3,0.15,0.0
F13.3,4,0.2,0.0
F13.3,5,0.25,0.0
F13.3,6,0.3,0.0
F13.3,7,0.35,0.0
F13.3,8,0.4,0.0
F13.3,9,0.45,0.0
F13.3,10,0.5,0.0
F13.3,11,0.55,0.0
F13.3,12,0.6,0.0
F13.3,13,0.65,0.0
F13.3,14,0.7,0.0
F13.3,15,0.75,0.0
F13.3,16,0.8,0.0
F13.3,17,0.85,0.0
F13.3,18,0.9,0.0
F13.3,19,0.95,0.0
F13.3,20,1.0,0.0
F13.3,21,1.05,0.0
F13.3,22,1.1,0.0
F13.3,23,1.15,0.0
F13.3,24,1.2,0.0
F13.3,25,1.25,0.0
F13.3,26,1.3,0.0
F13.3,27,1.35,0.0
F13.3,28,1.4,0.0
F13.3,29,1.45,0.0
F13.3,30,1.5,0.0
F13.3,31,1.55,0.0
F13.3,32,1.6,0.0
F13.3,33,1.65,0.0
F13.3,34,1.7,0.0
F13.3,35,1.75,0.0
F13.3,36,1.8,0.0
F13.3,37,1.85,0.0
F13.3,38,1.9,0.0
F13.3,39,1.95,0.0
F13.3,40,2.0,0.0
F13.3,41,2.05,0.0
F13.3,42,2.1,0.0
F13.3,43,2.15,0.0
F13.3,44,2.2,0.0
F13.3,45,2.25,0.0
F13.3,46,2.3,0.0
F13.3,47,2.35,0.0
F13.3,48,2.4,0.0
F13.3,49,2.45,0.0
F13.3,50,2.5,0.0
F13.3,51,2.55,0.0
F13.3,52,2.6,0.0
F13.3,53,2.65,0.0
F13.3,54,2.7,0.0
F13.3,55,2.75,0.0
F13.3,56,2.8,0.0
F13.3,57,2.85,0.0
F13.3,58,2.9,0.0
F13.3,59,2.95,0.0
F13.3,60,3.0,0.0
F13.3,61,3.05,0.0
F13.4,0,0.0,0.0
F13.4,1,0.05,0.0
F13.4,2,0.1,0.0
F13.4,3,0.15,0.0
F13.4,4,0.2,0.0
F13.4,5,0.25,0.0
F13.4,6,0.3,0.0
F13.4,7,0.35,0.0
F13.4,8,0.4,0.0
F13.4,9,0.45,0.0
F13.4,10,0.5,0.0
F13.4,11,0.55,0.0
F13.4,12,0.6,0.0
F13.4,13,0.65,0.0
F13.4,14,0.7,0.0
F13.4,15,0.75,0.0
F13.4,16,0.8,0.0
F13.4,17,0.85,0.0
F13.4,18,0.9,0.0
F13.4,19,0.95,0.0
F13.4,20,1.0,0.0
F13.4,21,1.05,0.0
F13.4,22,1.1,0.0
F13.4,23,1.15,0.0
F13.4,24,1.2,0.0
F13.4,25,1.25,0.0
F13.4,26,1.3,0.0
F13.4,27,1.35,0.0
F13.4,28,1.4,0.0
F13.4,29,1.45,0.0
F13.4,30,1.5,0.0
F13.4,31,1.55,0.0
F13.4,32,1.6,0.0
F13.4,33,1.65,0.0
F13.4,34,1.7,0.0
F13.4,35,1.75,0.0
F13.4,36,1.8,0.0
F13.4,37,1.85,0.0
F13.4,38,1.9,0.0
F13.4,39,1.95,0.0
F13.4,40,2.0,0.0
F13.4,41,2.05,0.0
F13.4,42,2.1,0.0
F13.4,43,2.15,0.0
F13.4,44,2.2,0.0
F13.4,45,2.25,0.0
F13.4,46,2.3,0.0
F13.4,47,2.35,0.0
F13.4,48,2.4,0.0
F13.4,49,2.45,0.0
F13.4,50,2.5,0.0
F13.4,51,2.55,0.0
F13.4,52,2.6,0.0
F13.4,53,2.65,0.0
F13.4,54,2.7,0.0
F13.4,55,2.75,0.0
F13.4,56,2.8,0.0
F13.4,57,2.85,0.0
F13.4,58,2.9,0.0
F13.4,59,2.95,0.0
F13.4,60,3.0,0.0
F13.4,61,3.05,0.0
F13.5,0,0.0,0.0
F13.5,1,0.05,0.0
F13.5,2,0.1,0.0
F13.5,3,0.15,0.0
F13.5,4,0.2,0.0
F13.5,5,0.25,0.0
F13.5,6,0.3,0.0
F13.5,7,0.35,0.0
F13.5,8,0.4,0.0
F13.5,9,0.45,0.0
F13.5,10,0.5,0.0
F13.5,11,0.55,0.0
F13.5,12,0.6,0.0
F13.5,13,0.65,0.0
F13.5,14,0.7,0.0
F13.5,15,0.75,0.0
F13.5,16,0.8,0.0
F13.5,17,0.85,0.0
F13.5,18,0.9,0.0
F13.5,19,0.95,0.0058398950131233
F13.5,20,1.0,0.0140419947506561
F13.5,21,1.05,0.0222440944881889
F13.5,22,1.1,0.0304461942257217
F13.5,23,1.15,0.0386482939632545
F13.5,24,1.2,0.0468503937007873
F13.5,25,1.25,0.05
F13.5,26,1.3,0.05
F13.5,27,1.35,0.05
F13.5,28,1.4,0.05
F13.5,29,1.45,0.05
F13.5,30,1.5,0.05
F13.5,31,1.55,0.05
F13.5,32,1.6,0.05
F13.5,33,1.65,0.05
F13.5,34,1.7,0.05
F13.5,35,1.75,0.05
F13.5,36,1.8,0.05
F13.5,37,1.85,0.05
F13.5,38,1.9,0.05
F13.5,39,1.95,0.05
F13.5,40,2.0,0.05
F13.5,41,2.05,0.05
F13.5,42,2.1,0.05
F13.5,43,2.15,0.05
F13.5,44,2.2,0.05
F13.5,45,2.25,0.05
F13.5,46,2.3,0.05
F13.5,47,2.35,0.05
F13.5,48,2.4,0.05
F13.5,49,2.45,0.05
F13.5,50,2.5,0.05
F13.5,51,2.55,0.05
F13.5,52,2.6,0.05
F13.5,53,2.65,0.05
F13.5,54,2.7,0.05
F13.5,55,2.75,0.05
F13.5,56,2.8,0.05
F13.5,57,2.85,0.05
F13.5,58,2.9,0.05
F13.5,59,2.95,0.05
F13.5,60,3.0,0.05
F13.5,61,3.05,0.05
F14.1,0,0.0,0.0
F14.1,1,0.05,0.0082020997375328
F14.1,2,0.1,0.0164041994750656
F14.1,3,0.15,0.0246062992125984
F14.1,4,0.2,0.0328083989501312
F14.1,5,0.25,0.041010498687664
F14.1,6,0.3,0.0492125984251968
F14.1,7,0.35,0.0544488188976377
F14.1,8,0.4,0.0593700787401574
F14.1,9,0.45,0.0642913385826771
F14.1,10,0.5,0.0692125984251968
F14.1,11,0.55,0.0741338582677165
F14.1,12,0.6,0.0790551181102362
F14.1,13,0.65,0.0826509186351706
F14.1,14,0.7,0.0859317585301837
F14.1,15,0.75,0.0892125984251968
F14.1,16,0.8,0.0924934383202099
F14.1,17,0.85,0.0957742782152231
F14.1,18,0.9,0.0990551181102362
F14.1,19,0.95,0.1081758530183727
F14.1,20,1.0,0.1196587926509186
F14.1,21,1.05,0.1311417322834645
F14.1,22,1.1,0.1426246719160105
F14.1,23,1.15,0.1541076115485564
F14.1,24,1.2,0.1655905511811023
F14.1,25,1.25,0.1770734908136483
F14.1,26,1.3,0.1885564304461942
F14.1,27,1.35,0.2000393700787401
F14.1,28,1.4,0.211522309711286
F14.1,29,1.45,0.223005249343832
F14.1,30,1.5,0.235275590551181
F14.1,31,1.55,0.2451181102362204
F14.1,32,1.6,0.2549606299212598
F14.1,33,1.65,0.2648031496062992
F14.1,34,1.7,0.2746456692913385
F14.1,35,1.75,0.2844881889763779
F14.1,36,1.8,0.2943307086614173
F14.1,37,1.85,0.3
F14.1,38,1.9,0.3
F14.1,39,1.95,0.3
F14.1,40,2.0,0.3
F14.1,41,2.05,0.3
F14.1,42,2.1,0.3
F14.1,43,2.15,0.3
F14.1,44,2.2,0.3
F14.1,45,2.25,0.3
F14.1,46,2.3,0.3
F14.1,47,2.35,0.3
F14.1,48,2.4,0.3
F14.1,49,2.45,0.3
F14.1,50,2.5,0.3
F14.1,51,2.55,0.3
F14.1,52,2.6,0.3
F14.1,53,2.65,0.3
F14.1,54,2.7,0.3
F14.1,55,2.75,0.3
F14.1,56,2.8,0.3
F14.1,57,2.85,0.3
F14.1,58,2.9,0.3
F14.1,59,2.95,0.3
F14.1,60,3.0,0.3
F14.1,61,3.05,0.4006561679790025
F14.10,0,0.0,0.0
F14.10,1,0.05,0.0032808398950131
F14.10,2,0.1,0.0065616797900262
F14.10,3,0.15,0.0098425196850393
F14.10,4,0.2,0.0131233595800524
F14.10,5,0.25,0.0164041994750656
F14.10,6,0.3,0.0196850393700787
F14.10,7,0.35,0.0214829396325459
F14.10,8,0.4,0.0231233595800524
F14.10,9,0.45,0.024763779527559
F14.10,10,0.5,0.0264041994750656
F14.10,11,0.55,0.0280446194225721
F14.10,12,0.6,0.0296850393700787
F14.10,13,0.65,0.0366272965879265
F14.10,14,0.7,0.0448293963254593
F14.10,15,0.75,0.0530314960629921
F14.10,16,0.8,0.0612335958005249
F14.10,17,0.85,0.0694356955380577
F14.10,18,0.9,0.0776377952755905
F14.10,19,0.95,0.09751968503937
F14.10,20,1.0,0.1221259842519685
F14.10,21,1.05,0.1467322834645669
F14.10,22,1.1,0.1713385826771654
F14.10,23,1.15,0.1959448818897637
F14.10,24,1.2,0.2205511811023621
F14.10,25,1.25,0.2522309711286088
F14.10,26,1.3,0.2883202099737533
F14.10,27,1.35,0.3244094488188976
F14.10,28,1.4,0.3604986876640419
F14.10,29,1.45,0.3965879265091863
F14.10,30,1.5,0.4381889763779527
F14.10,31,1.55,0.4627952755905512
F14.10,32,1.6,0.4874015748031496
F14.10,33,1.65,0.512007874015748
F14.10,34,1.7,0.5366141732283465
F14.10,35,1.75,0.5612204724409449
F14.10,36,1.8,0.5858267716535434
F14.10,37,1.85,0.6
F14.10,38,1.9,0.6
F14.10,39,1.95,0.6
F14.10,40,2.0,0.6
F14.10,41,2.05,0.6
F14.10,42,2.1,0.6
F14.10,43,2.15,0.6
F14.10,44,2.2,0.6
F14.10,45,2.25,0.6
F14.10,46,2.3,0.6
F14.10,47,2.35,0.6
F14.10,48,2.4,0.6
F14.10,49,2.45,0.6
F14.10,50,2.5,0.6
F14.10,51,2.55,0.6
F14.10,52,2.6,0.6
F14.10,53,2.65,0.6
F14.10,54,2.7,0.6
F14.10,55,2.75,0.6
F14.10,56,2.8,0.6
F14.10,57,2.85,0.6
F14.10,58,2.9,0.6
F14.10,59,2.95,0.6
F14.10,60,3.0,0.6
F14.10,61,3.05,0.6
F14.2,0,0.0,0.0
F14.2,1,0.05,0.0082020997375328
F14.2,2,0.1,0.0164041994750656
F14.2,3,0.15,0.0246062992125984
F14.2,4,0.2,0.0328083989501312
F14.2,5,0.25,0.041010498687664
F14.2,6,0.3,0.0492125984251968
F14.2,7,0.35,0.0544488188976377
F14.2,8,0.4,0.0593700787401574
F14.2,9,0.45,0.0642913385826771
F14.2,10,0.5,0.0692125984251968
F14.2,11,0.55,0.0741338582677165
F14.2,12,0.6,0.0790551181102362
F14.2,13,0.65,0.0826509186351706
F14.2,14,0.7,0.0859317585301837
F14.2,15,0.75,0.0892125984251968
F14.2,16,0.8,0.0924934383202099
F14.2,17,0.85,0.0957742782152231
F14.2,18,0.9,0.0990551181102362
F14.2,19,0.95,0.1081758530183727
F14.2,20,1.0,0.1196587926509186
F14.2,21,1.05,0.1311417322834645
F14.2,22,1.1,0.1426246719160105
F14.2,23,1.15,0.1541076115485564
F14.2,24,1.2,0.1655905511811023
F14.2,25,1.25,0.1770734908136483
F14.2,26,1.3,0.1885564304461942
F14.2,27,1.35,0.2000393700787401
F14.2,28,1.4,0.211522309711286
F14.2,29,1.45,0.223005249343832
F14.2,30,1.5,0.235275590551181
F14.2,31,1.55,0.2451181102362204
F14.2,32,1.6,0.2549606299212598
F14.2,33,1.65,0.2648031496062992
F14.2,34,1.7,0.2746456692913385
F14.2,35,1.75,0.2844881889763779
F14.2,36,1.8,0.2943307086614173
F14.2,37,1.85,0.3
F14.2,38,1.9,0.3
F14.2,39,1.95,0.3
F14.2,40,2.0,0.3
F14.2,41,2.05,0.3
F14.2,42,2.1,0.3
F14.2,43,2.15,0.3
F14.2,44,2.2,0.3
F14.2,45,2.25,0.3
F14.2,46,2.3,0.3
F14.2,47,2.35,0.3
F14.2,48,2.4,0.3
F14.2,49,2.45,0.3
F14.2,50,2.5,0.3
F14.2,51,2.55,0.3
F14.2,52,2.6,0.3
F14.2,53,2.65,0.3
F14.2,54,2.7,0.3
F14.2,55,2.75,0.3
F14.2,56,2.8,0.3
F14.2,57,2.85,0.3
F14.2,58,2.9,0.3
F14.2,59,2.95,0.3
F14.2,60,3.0,0.3
F14.2,61,3.05,0.4006561679790025
F14.3,0,0.0,0.0
F14.3,1,0.05,0.0082020997375328
F14.3,2,0.1,0.0164041994750656
F14.3,3,0.15,0.0246062992125984
F14.3,4,0.2,0.0328083989501312
F14.3,5,0.25,0.041010498687664
F14.3,6,0.3,0.0492125984251968
F14.3,7,0.35,0.0544488188976377
F14.3,8,0.4,0.0593700787401574
F14.3,9,0.45,0.0642913385826771
F14.3,10,0.5,0.0692125984251968
F14.3,11,0.55,0.0741338582677165
F14.3,12,0.6,0.0790551181102362
F14.3,13,0.65,0.0826509186351706
F14.3,14,0.7,0.0859317585301837
F14.3,15,0.75,0.0892125984251968
F14.3,16,0.8,0.0924934383202099
F14.3,17,0.85,0.0957742782152231
F14.3,18,0.9,0.0990551181102362
F14.3,19,0.95,0.1081758530183727
F14.3,20,1.0,0.1196587926509186
F14.3,21,1.05,0.1311417322834645
F14.3,22,1.1,0.1426246719160105
F14.3,23,1.15,0.1541076115485564
F14.3,24,1.2,0.1655905511811023
F14.3,25,1.25,0.1770734908136483
F14.3,26,1.3,0.1885564304461942
F14.3,27,1.35,0.2000393700787401
F14.3,28,1.4,0.211522309711286
F14.3,29,1.45,0.223005249343832
F14.3,30,1.5,0.235275590551181
F14.3,31,1.55,0.2451181102362204
F14.3,32,1.6,0.2549606299212598
F14.3,33,1.65,0.2648031496062992
F14.3,34,1.7,0.2746456692913385
F14.3,35,1.75,0.2844881889763779
F14.3,36,1.8,0.2943307086614173
F14.3,37,1.85,0.3
F14.3,38,1.9,0.3
F14.3,39,1.95,0.3
F14.3,40,2.0,0.3
F14.3,41,2.05,0.3
F14.3,42,2.1,0.3
F14.3,43,2.15,0.3
F14.3,44,2.2,0.3
F14.3,45,2.25,0.3
F14.3,46,2.3,0.3
F14.3,47,2.35,0.3
F14.3,48,2.4,0.3
F14.3,49,2.45,0.3
F14.3,50,2.5,0.3
F14.3,51,2.55,0.3
F14.3,52,2.6,0.3
F14.3,53,2.65,0.3
F14.3,54,2.7,0.3
F14.3,55,2.75,0.3
F14.3,56,2.8,0.3
F14.3,57,2.85,0.3
F14.3,58,2.9,0.3
F14.3,59,2.95,0.3
F14.3,60,3.0,0.3
F14.3,61,3.05,0.4006561679790025
F14.4,0,0.0,0.0
F14.4,1,0.05,0.0049212598425196
F14.4,2,0.1,0.0098425196850393
F14.4,3,0.15,0.014763779527559
F14.4,4,0.2,0.0196850393700787
F14.4,5,0.25,0.0246062992125984
F14.4,6,0.3,0.0295275590551181
F14.4,7,0.35,0.0314829396325459
F14.4,8,0.4,0.0331233595800524
F14.4,9,0.45,0.034763779527559
F14.4,10,0.5,0.0364041994750656
F14.4,11,0.55,0.0380446194225721
F14.4,12,0.6,0.0396850393700787
F14.4,13,0.65,0.0413254593175853
F14.4,14,0.7,0.0429658792650918
F14.4,15,0.75,0.0446062992125984
F14.4,16,0.8,0.0462467191601049
F14.4,17,0.85,0.0478871391076115
F14.4,18,0.9,0.0495275590551181
F14.4,19,0.95,0.0546719160104986
F14.4,20,1.0,0.0612335958005249
F14.4,21,1.05,0.0677952755905511
F14.4,22,1.1,0.0743569553805774
F14.4,23,1.15,0.0809186351706036
F14.4,24,1.2,0.0874803149606299
F14.4,25,1.25,0.0930314960629921
F14.4,26,1.3,0.0979527559055118
F14.4,27,1.35,0.1028740157480315
F14.4,28,1.4,0.1077952755905511
F14.4,29,1.45,0.1127165354330708
F14.4,30,1.5,0.1176377952755905
F14.4,31,1.55,0.1225590551181102
F14.4,32,1.6,0.1274803149606299
F14.4,33,1.65,0.1324015748031496
F14.4,34,1.7,0.1373228346456692
F14.4,35,1.75,0.1422440944881889
F14.4,36,1.8,0.1471653543307086
F14.4,37,1.85,0.15
F14.4,38,1.9,0.15
F14.4,39,1.95,0.15
F14.4,40,2.0,0.15
F14.4,41,2.05,0.15
F14.4,42,2.1,0.15
F14.4,43,2.15,0.15
F14.4,44,2.2,0.15
F14.4,45,2.25,0.15
F14.4,46,2.3,0.15
F14.4,47,2.35,0.15
F14.4,48,2.4,0.15
F14.4,49,2.45,0.15
F14.4,50,2.5,0.15
F14.4,51,2.55,0.15
F14.4,52,2.6,0.15
F14.4,53,2.65,0.15
F14.4,54,2.7,0.15
F14.4,55,2.75,0.15
F14.4,56,2.8,0.15
F14.4,57,2.85,0.15
F14.4,58,2.9,0.15
F14.4,59,2.95,0.15
F14.4,60,3.0,0.15
F14.4,61,3.05,0.15
F14.5,0,0.0,0.0
F14.5,1,0.05,0.0865616797900262
F14.5,2,0.1,0.0931233595800525
F14.5,3,0.15,0.0996850393700787
F14.5,4,0.2,0.1062467191601049
F14.5,5,0.25,0.1128083989501312
F14.5,6,0.3,0.1193700787401574
F14.5,7,0.35,0.1244488188976377
F14.5,8,0.4,0.1293700787401575
F14.5,9,0.45,0.1342913385826771
F14.5,10,0.5,0.1392125984251968
F14.5,11,0.55,0.1441338582677165
F14.5,12,0.6,0.1490551181102362
F14.5,13,0.65,0.1645800524934383
F14.5,14,0.7,0.1826246719160104
F14.5,15,0.75,0.2006692913385827
F14.5,16,0.8,0.2187139107611548
F14.5,17,0.85,0.236758530183727
F14.5,18,0.9,0.2548031496062992
F14.5,19,0.95,0.2716797900262467
F14.5,20,1.0,0.2880839895013123
F14.5,21,1.05,0.3044881889763779
F14.5,22,1.1,0.3208923884514436
F14.5,23,1.15,0.3372965879265091
F14.5,24,1.2,0.3537007874015747
F14.5,25,1.25,0.3690944881889763
F14.5,26,1.3,0.3838582677165354
F14.5,27,1.35,0.3986220472440945
F14.5,28,1.4,0.4133858267716535
F14.5,29,1.45,0.4281496062992126
F14.5,30,1.5,0.45
F14.5,31,1.55,0.45
F14.5,32,1.6,0.45
F14.5,33,1.65,0.45
F14.5,34,1.7,0.45
F14.5,35,1.75,0.45
F14.5,36,1.8,0.45
F14.5,37,1.85,0.45
F14.5,38,1.9,0.45
F14.5,39,1.95,0.45
F14.5,40,2.0,0.45
F14.5,41,2.05,0.45
F14.5,42,2.1,0.45
F14.5,43,2.15,0.45
F14.5,44,2.2,0.45
F14.5,45,2.25,0.45
F14.5,46,2.3,0.45
F14.5,47,2.35,0.45
F14.5,48,2.4,0.45
F14.5,49,2.45,0.45
F14.5,50,2.5,0.45
F14.5,51,2.55,0.45
F14.5,52,2.6,0.45
F14.5,53,2.65,0.45
F14.5,54,2.7,0.45
F14.5,55,2.75,0.45
F14.5,56,2.8,0.45
F14.5,57,2.85,0.45
F14.5,58,2.9,0.45
F14.5,59,2.95,0.45
F14.5,60,3.0,0.45
F14.5,61,3.05,0.45
F14.6,0,0.0,0.0
F14.6,1,0.05,0.0016404199475065
F14.6,2,0.1,0.0032808398950131
F14.6,3,0.15,0.0049212598425196
F14.6,4,0.2,0.0065616797900262
F14.6,5,0.25,0.0082020997375328
F14.6,6,0.3,0.0098425196850393
F14.6,7,0.35,0.0114829396325459
F14.6,8,0.4,0.0131233595800524
F14.6,9,0.45,0.014763779527559
F14.6,10,0.5,0.0164041994750656
F14.6,11,0.55,0.0180446194225721
F14.6,12,0.6,0.0196850393700787
F14.6,13,0.65,0.0239763779527559
F14.6,14,0.7,0.0288976377952755
F14.6,15,0.75,0.0338188976377952
F14.6,16,0.8,0.0387401574803149
F14.6,17,0.85,0.0436614173228346
F14.6,18,0.9,0.0485826771653543
F14.6,19,0.95,0.0616797900262467
F14.6,20,1.0,0.0780839895013123
F14.6,21,1.05,0.0944881889763779
F14.6,22,1.1,0.1108923884514435
F14.6,23,1.15,0.1272965879265091
F14.6,24,1.2,0.1437007874015747
F14.6,25,1.25,0.1651574803149606
F14.6,26,1.3,0.189763779527559
F14.6,27,1.35,0.2143700787401575
F14.6,28,1.4,0.2389763779527558
F14.6,29,1.45,0.2635826771653543
F14.6,30,1.5,0.2921259842519685
F14.6,31,1.55,0.3085301837270341
F14.6,32,1.6,0.3249343832020998
F14.6,33,1.65,0.3413385826771653
F14.6,34,1.7,0.357742782152231
F14.6,35,1.75,0.3741469816272966
F14.6,36,1.8,0.3905511811023622
F14.6,37,1.85,0.4
F14.6,38,1.9,0.4
F14.6,39,1.95,0.4
F14.6,40,2.0,0.4
F14.6,41,2.05,0.4
F14.6,42,2.1,0.4
F14.6,43,2.15,0.4
F14.6,44,2.2,0.4
F14.6,45,2.25,0.4
F14.6,46,2.3,0.4
F14.6,47,2.35,0.4
F14.6,48,2.4,0.4
F14.6,49,2.45,0.4
F14.6,50,2.5,0.4
F14.6,51,2.55,0.4
F14.6,52,2.6,0.4
F14.6,53,2.65,0.4
F14.6,54,2.7,0.4
F14.6,55,2.75,0.4
F14.6,56,2.8,0.4
F14.6,57,2.85,0.4
F14.6,58,2.9,0.4
F14.6,59,2.95,0.4
F14.6,60,3.0,0.4
F14.6,61,3.05,0.4
F14.7,0,0.0,0.0
F14.7,1,0.05,0.0016404199475065
F14.7,2,0.1,0.0032808398950131
F14.7,3,0.15,0.0049212598425196
F14.7,4,0.2,0.0065616797900262
F14.7,5,0.25,0.0082020997375328
F14.7,6,0.3,0.0098425196850393
F14.7,7,0.35,0.0114829396325459
F14.7,8,0.4,0.0131233595800524
F14.7,9,0.45,0.014763779527559
F14.7,10,0.5,0.0164041994750656
F14.7,11,0.55,0.0180446194225721
F14.7,12,0.6,0.0196850393700787
F14.7,13,0.65,0.0239763779527559
F14.7,14,0.7,0.0288976377952755
F14.7,15,0.75,0.0338188976377952
F14.7,16,0.8,0.0387401574803149
F14.7,17,0.85,0.0436614173228346
F14.7,18,0.9,0.0485826771653543
F14.7,19,0.95,0.0616797900262467
F14.7,20,1.0,0.0780839895013123
F14.7,21,1.05,0.0944881889763779
F14.7,22,1.1,0.1108923884514435
F14.7,23,1.15,0.1272965879265091
F14.7,24,1.2,0.1437007874015747
F14.7,25,1.25,0.1651574803149606
F14.7,26,1.3,0.189763779527559
F14.7,27,1.35,0.2143700787401575
F14.7,28,1.4,0.2389763779527558
F14.7,29,1.45,0.2635826771653543
F14.7,30,1.5,0.2921259842519685
F14.7,31,1.55,0.3085301837270341
F14.7,32,1.6,0.3249343832020998
F14.7,33,1.65,0.3413385826771653
F14.7,34,1.7,0.357742782152231
F14.7,35,1.75,0.3741469816272966
F14.7,36,1.8,0.3905511811023622
F14.7,37,1.85,0.4
F14.7,38,1.9,0.4
F14.7,39,1.95,0.4
F14.7,40,2.0,0.4
F14.7,41,2.05,0.4
F14.7,42,2.1,0.4
F14.7,43,2.15,0.4
F14.7,44,2.2,0.4
F14.7,45,2.25,0.4
F14.7,46,2.3,0.4
F14.7,47,2.35,0.4
F14.7,48,2.4,0.4
F14.7,49,2.45,0.4
F14.7,50,2.5,0.4
F14.7,51,2.55,0.4
F14.7,52,2.6,0.4
F14.7,53,2.65,0.4
F14.7,54,2.7,0.4
F14.7,55,2.75,0.4
F14.7,56,2.8,0.4
F14.7,57,2.85,0.4
F14.7,58,2.9,0.4
F14.7,59,2.95,0.4
F14.7,60,3.0,0.4
F14.7,61,3.05,0.4
F14.8,0,0.0,0.0
F14.8,1,0.05,0.0016404199475065
F14.8,2,0.1,0.0032808398950131
F14.8,3,0.15,0.0049212598425196
F14.8,4,0.2,0.0065616797900262
F14.8,5,0.25,0.0082020997375328
F14.8,6,0.3,0.0098425196850393
F14.8,7,0.35,0.0114829396325459
F14.8,8,0.4,0.0131233595800524
F14.8,9,0.45,0.014763779527559
F14.8,10,0.5,0.0164041994750656
F14.8,11,0.55,0.0180446194225721
F14.8,12,0.6,0.0196850393700787
F14.8,13,0.65,0.0239763779527559
F14.8,14,0.7,0.0288976377952755
F14.8,15,0.75,0.0338188976377952
F14.8,16,0.8,0.0387401574803149
F14.8,17,0.85,0.0436614173228346
F14.8,18,0.9,0.0485826771653543
F14.8,19,0.95,0.0616797900262467
F14.8,20,1.0,0.0780839895013123
F14.8,21,1.05,0.0944881889763779
F14.8,22,1.1,0.1108923884514435
F14.8,23,1.15,0.1272965879265091
F14.8,24,1.2,0.1437007874015747
F14.8,25,1.25,0.1651574803149606
F14.8,26,1.3,0.189763779527559
F14.8,27,1.35,0.2143700787401575
F14.8,28,1.4,0.2389763779527558
F14.8,29,1.45,0.2635826771653543
F14.8,30,1.5,0.2921259842519685
F14.8,31,1.55,0.3085301837270341
F14.8,32,1.6,0.3249343832020998
F14.8,33,1.65,0.3413385826771653
F14.8,34,1.7,0.357742782152231
F14.8,35,1.75,0.3741469816272966
F14.8,36,1.8,0.3905511811023622
F14.8,37,1.85,0.4
F14.8,38,1.9,0.4
F14.8,39,1.95,0.4
F14.8,40,2.0,0.4
F14.8,41,2.05,0.4
F14.8,42,2.1,0.4
F14.8,43,2.15,0.4
F14.8,44,2.2,0.4
F14.8,45,2.25,0.4
F14.8,46,2.3,0.4
F14.8,47,2.35,0.4
F14.8,48,2.4,0.4
F14.8,49,2.45,0.4
F14.8,50,2.5,0.4
F14.8,51,2.55,0.4
F14.8,52,2.6,0.4
F14.8,53,2.65,0.4
F14.8,54,2.7,0.4
F14.8,55,2.75,0.4
F14.8,56,2.8,0.4
F14.8,57,2.85,0.4
F14.8,58,2.9,0.4
F14.8,59,2.95,0.4
F14.8,60,3.0,0.4
F14.8,61,3.05,0.4
F14.9,0,0.0,0.0
F14.9,1,0.05,0.0016404199475065
F14.9,2,0.1,0.0032808398950131
F14.9,3,0.15,0.0049212598425196
F14.9,4,0.2,0.0065616797900262
F14.9,5,0.25,0.0082020997375328
F14.9,6,0.3,0.0098425196850393
F14.9,7,0.35,0.01
F14.9,8,0.4,0.01
F14.9,9,0.45,0.01
F14.9,10,0.5,0.01
F14.9,11,0.55,0.01
F14.9,12,0.6,0.01
F14.9,13,0.65,0.0126509186351706
F14.9,14,0.7,0.0159317585301837
F14.9,15,0.75,0.0192125984251968
F14.9,16,0.8,0.0224934383202099
F14.9,17,0.85,0.025774278215223
F14.9,18,0.9,0.0290551181102362
F14.9,19,0.95,0.0358398950131233
F14.9,20,1.0,0.0440419947506561
F14.9,21,1.05,0.0522440944881889
F14.9,22,1.1,0.0604461942257218
F14.9,23,1.15,0.0686482939632545
F14.9,24,1.2,0.0768503937007873
F14.9,25,1.25,0.0870734908136482
F14.9,26,1.3,0.0985564304461942
F14.9,27,1.35,0.1100393700787401
F14.9,28,1.4,0.121522309711286
F14.9,29,1.45,0.133005249343832
F14.9,30,1.5,0.1460629921259842
F14.9,31,1.55,0.154265091863517
F14.9,32,1.6,0.1624671916010499
F14.9,33,1.65,0.1706692913385826
F14.9,34,1.7,0.1788713910761155
F14.9,35,1.75,0.1870734908136483
F14.9,36,1.8,0.1952755905511811
F14.9,37,1.85,0.2
F14.9,38,1.9,0.2
F14.9,39,1.95,0.2
F14.9,40,2.0,0.2
F14.9,41,2.05,0.2
F14.9,42,2.1,0.2
F14.9,43,2.15,0.2
F14.9,44,2.2,0.2
F14.9,45,2.25,0.2
F14.9,46,2.3,0.2
F14.9,47,2.35,0.2
F14.9,48,2.4,0.2
F14.9,49,2.45,0.2
F14.9,50,2.5,0.2
F14.9,51,2.55,0.2
F14.9,52,2.6,0.2
F14.9,53,2.65,0.2
F14.9,54,2.7,0.2
F14.9,55,2.75,0.2
F14.9,56,2.8,0.2
F14.9,57,2.85,0.2
F14.9,58,2.9,0.2
F14.9,59,2.95,0.2
F14.9,60,3.0,0.2
F14.9,61,3.05,0.2
F15.1,0,0.0,0.0
F15.1,1,0.05,0.0016404199475065
F15.1,2,0.1,0.0032808398950131
F15.1,3,0.15,0.0049212598425196
F15.1,4,0.2,0.0065616797900262
F15.1,5,0.25,0.0082020997375328
F15.1,6,0.3,0.0098425196850393
F15.1,7,0.35,0.0114829396325459
F15.1,8,0.4,0.0131233595800524
F15.1,9,0.45,0.014763779527559
F15.1,10,0.5,0.0164041994750656
F15.1,11,0.55,0.0180446194225721
F15.1,12,0.6,0.0196850393700787
F15.1,13,0.65,0.0239763779527559
F15.1,14,0.7,0.0288976377952755
F15.1,15,0.75,0.0338188976377952
F15.1,16,0.8,0.0387401574803149
F15.1,17,0.85,0.0436614173228346
F15.1,18,0.9,0.0485826771653543
F15.1,19,0.95,0.06751968503937
F15.1,20,1.0,0.0921259842519685
F15.1,21,1.05,0.1167322834645669
F15.1,22,1.1,0.1413385826771654
F15.1,23,1.15,0.1659448818897637
F15.1,24,1.2,0.1905511811023622
F15.1,25,1.25,0.2050524934383202
F15.1,26,1.3,0.213254593175853
F15.1,27,1.35,0.2214566929133858
F15.1,28,1.4,0.2296587926509186
F15.1,29,1.45,0.2378608923884514
F15.1,30,1.5,0.2460629921259842
F15.1,31,1.55,0.2542650918635171
F15.1,32,1.6,0.2624671916010498
F15.1,33,1.65,0.2706692913385826
F15.1,34,1.7,0.2788713910761154
F15.1,35,1.75,0.2870734908136483
F15.1,36,1.8,0.2952755905511811
F15.1,37,1.85,0.3
F15.1,38,1.9,0.3
F15.1,39,1.95,0.3
F15.1,40,2.0,0.3
F15.1,41,2.05,0.3
F15.1,42,2.1,0.3
F15.1,43,2.15,0.3
F15.1,44,2.2,0.3
F15.1,45,2.25,0.3
F15.1,46,2.3,0.3
F15.1,47,2.35,0.3
F15.1,48,2.4,0.3
F15.1,49,2.45,0.3
F15.1,50,2.5,0.3
F15.1,51,2.55,0.3
F15.1,52,2.6,0.3
F15.1,53,2.65,0.3
F15.1,54,2.7,0.3
F15.1,55,2.75,0.3
F15.1,56,2.8,0.3
F15.1,57,2.85,0.3
F15.1,58,2.9,0.3
F15.1,59,2.95,0.3
F15.1,60,3.0,0.3
F15.1,61,3.05,0.3
F16.1,0,0.0,0.0
F16.1,1,0.05,0.0
F16.1,2,0.1,0.0
F16.1,3,0.15,0.0
F16.1,4,0.2,0.0
F16.1,5,0.25,0.0
F16.1,6,0.3,0.0
F16.1,7,0.35,0.0
F16.1,8,0.4,0.0
F16.1,9,0.45,0.0
F16.1,10,0.5,0.0
F16.1,11,0.55,0.0
F16.1,12,0.6,0.0
F16.1,13,0.65,0.0
F16.1,14,0.7,0.0
F16.1,15,0.75,0.0
F16.1,16,0.8,0.0
F16.1,17,0.85,0.0
F16.1,18,0.9,0.0
F16.1,19,0.95,0.0
F16.1,20,1.0,0.0
F16.1,21,1.05,0.0
F16.1,22,1.1,0.0
F16.1,23,1.15,0.0
F16.1,24,1.2,0.0
F16.1,25,1.25,0.0
F16.1,26,1.3,0.0
F16.1,27,1.35,0.0
F16.1,28,1.4,0.0
F16.1,29,1.45,0.0
F16.1,30,1.5,0.0
F16.1,31,1.55,0.0
F16.1,32,1.6,0.0
F16.1,33,1.65,0.0
F16.1,34,1.7,0.0
F16.1,35,1.75,0.0
F16.1,36,1.8,0.0
F16.1,37,1.85,0.0
F16.1,38,1.9,0.0
F16.1,39,1.95,0.0
F16.1,40,2.0,0.0
F16.1,41,2.05,0.0
F16.1,42,2.1,0.0
F16.1,43,2.15,0.0
F16.1,44,2.2,0.0
F16.1,45,2.25,0.0
F16.1,46,2.3,0.0
F16.1,47,2.35,0.0
F16.1,48,2.4,0.0
F16.1,49,2.45,0.0
F16.1,50,2.5,0.0
F16.1,51,2.55,0.0
F16.1,52,2.6,0.0
F16.1,53,2.65,0.0
F16.1,54,2.7,0.0
F16.1,55,2.75,0.0
F16.1,56,2.8,0.0
F16.1,57,2.85,0.0
F16.1,58,2.9,0.0
F16.1,59,2.95,0.0
F16.1,60,3.0,0.0
F16.1,61,3.05,0.0
F16.2,0,0.0,0.0
F16.2,1,0.05,0.0
F16.2,2,0.1,0.0
F16.2,3,0.15,0.0
F16.2,4,0.2,0.0
F16.2,5,0.25,0.0
F16.2,6,0.3,0.0
F16.2,7,0.35,0.0
F16.2,8,0.4,0.0
F16.2,9,0.45,0.0
F16.2,10,0.5,0.0
F16.2,11,0.55,0.0
F16.2,12,0.6,0.0
F16.2,13,0.65,0.0
F16.2,14,0.7,0.0
F16.2,15,0.75,0.0
F16.2,16,0.8,0.0
F16.2,17,0.85,0.0
F16.2,18,0.9,0.0
F16.2,19,0.95,0.0
F16.2,20,1.0,0.0
F16.2,21,1.05,0.0
F16.2,22,1.1,0.0
F16.2,23,1.15,0.0
F16.2,24,1.2,0.0
F16.2,25,1.25,0.0
F16.2,26,1.3,0.0
F16.2,27,1.35,0.0
F16.2,28,1.4,0.0
F16.2,29,1.45,0.0
F16.2,30,1.5,0.0
F16.2,31,1.55,0.0
F16.2,32,1.6,0.0
F16.2,33,1.65,0.0
F16.2,34,1.7,0.0
F16.2,35,1.75,0.0
F16.2,36,1.8,0.0
F16.2,37,1.85,0.0
F16.2,38,1.9,0.0
F16.2,39,1.95,0.0
F16.2,40,2.0,0.0
F16.2,41,2.05,0.0
F16.2,42,2.1,0.0
F16.2,43,2.15,0.0
F16.2,44,2.2,0.0
F16.2,45,2.25,0.0
F16.2,46,2.3,0.0
F16.2,47,2.35,0.0
F16.2,48,2.4,0.0
F16.2,49,2.45,0.0
F16.2,50,2.5,0.0
F16.2,51,2.55,0.0
F16.2,52,2.6,0.0
F16.2,53,2.65,0.0
F16.2,54,2.7,0.0
F16.2,55,2.75,0.0
F16.2,56,2.8,0.0
F16.2,57,2.85,0.0
F16.2,58,2.9,0.0
F16.2,59,2.95,0.0
F16.2,60,3.0,0.0
F16.2,61,3.05,0.0
F16.3,0,0.0,0.0
F16.3,1,0.05,0.0
F16.3,2,0.1,0.0
F16.3,3,0.15,0.0
F16.3,4,0.2,0.0
F16.3,5,0.25,0.0
F16.3,6,0.3,0.0
F16.3,7,0.35,0.0
F16.3,8,0.4,0.0
F16.3,9,0.45,0.0
F16.3,10,0.5,0.0
F16.3,11,0.55,0.0
F16.3,12,0.6,0.0
F16.3,13,0.65,0.0
F16.3,14,0.7,0.0
F16.3,15,0.75,0.0
F16.3,16,0.8,0.0
F16.3,17,0.85,0.0
F16.3,18,0.9,0.0
F16.3,19,0.95,0.0
F16.3,20,1.0,0.0
F16.3,21,1.05,0.0
F16.3,22,1.1,0.0
F16.3,23,1.15,0.0
F16.3,24,1.2,0.0
F16.3,25,1.25,0.0
F16.3,26,1.3,0.0
F16.3,27,1.35,0.0
F16.3,28,1.4,0.0
F16.3,29,1.45,0.0
F16.3,30,1.5,0.0
F16.3,31,1.55,0.0
F16.3,32,1.6,0.0
F16.3,33,1.65,0.0
F16.3,34,1.7,0.0
F16.3,35,1.75,0.0
F16.3,36,1.8,0.0
F16.3,37,1.85,0.0
F16.3,38,1.9,0.0
F16.3,39,1.95,0.0
F16.3,40,2.0,0.0
F16.3,41,2.05,0.0
F16.3,42,2.1,0.0
F16.3,43,2.15,0.0
F16.3,44,2.2,0.0
F16.3,45,2.25,0.0
F16.3,46,2.3,0.0
F16.3,47,2.35,0.0
F16.3,48,2.4,0.0
F16.3,49,2.45,0.0
F16.3,50,2.5,0.0
F16.3,51,2.55,0.0
F16.3,52,2.6,0.0
F16.3,53,2.65,0.0
F16.3,54,2.7,0.0
F16.3,55,2.75,0.0
F16.3,56,2.8,0.0
F16.3,57,2.85,0.0
F16.3,58,2.9,0.0
F16.3,59,2.95,0.0
F16.3,60,3.0,0.0
F16.3,61,3.05,0.0
F17.1,0,0.0,0.0
F17.1,1,0.05,0.0
F17.1,2,0.1,0.0
F17.1,3,0.15,0.0
F17.1,4,0.2,0.0
F17.1,5,0.25,0.0
F17.1,6,0.3,0.0
F17.1,7,0.35,0.0
F17.1,8,0.4,0.0
F17.1,9,0.45,0.0
F17.1,10,0.5,0.0
F17.1,11,0.55,0.0
F17.1,12,0.6,0.0
F17.1,13,0.65,0.0
F17.1,14,0.7,0.0
F17.1,15,0.75,0.0
F17.1,16,0.8,0.0
F17.1,17,0.85,0.0
F17.1,18,0.9,0.0
F17.1,19,0.95,0.0467191601049868
F17.1,20,1.0,0.1123359580052493
F17.1,21,1.05,0.1779527559055118
F17.1,22,1.1,0.2435695538057743
F17.1,23,1.15,0.3091863517060366
F17.1,24,1.2,0.3748031496062991
F17.1,25,1.25,0.4
F17.1,26,1.3,0.4
F17.1,27,1.35,0.4
F17.1,28,1.4,0.4
F17.1,29,1.45,0.4
F17.1,30,1.5,0.4
F17.1,31,1.55,0.4
F17.1,32,1.6,0.4
F17.1,33,1.65,0.4
F17.1,34,1.7,0.4
F17.1,35,1.75,0.4
F17.1,36,1.8,0.4
F17.1,37,1.85,0.4
F17.1,38,1.9,0.4
F17.1,39,1.95,0.4
F17.1,40,2.0,0.4
F17.1,41,2.05,0.4
F17.1,42,2.1,0.4
F17.1,43,2.15,0.4
F17.1,44,2.2,0.4
F17.1,45,2.25,0.4
F17.1,46,2.3,0.4
F17.1,47,2.35,0.4
F17.1,48,2.4,0.4
F17.1,49,2.45,0.4
F17.1,50,2.5,0.4
F17.1,51,2.55,0.4
F17.1,52,2.6,0.4
F17.1,53,2.65,0.4
F17.1,54,2.7,0.4
F17.1,55,2.75,0.4
F17.1,56,2.8,0.4
F17.1,57,2.85,0.4
F17.1,58,2.9,0.4
F17.1,59,2.95,0.4
F17.1,60,3.0,0.4
F17.1,61,3.05,0.4
F17.2,0,0.0,0.0
F17.2,1,0.05,0.0
F17.2,2,0.1,0.0
F17.2,3,0.15,0.0
F17.2,4,0.2,0.0
F17.2,5,0.25,0.0
F17.2,6,0.3,0.0
F17.2,7,0.35,0.0
F17.2,8,0.4,0.0
F17.2,9,0.45,0.0
F17.2,10,0.5,0.0
F17.2,11,0.55,0.0
F17.2,12,0.6,0.0
F17.2,13,0.65,0.0
F17.2,14,0.7,0.0
F17.2,15,0.75,0.0
F17.2,16,0.8,0.0
F17.2,17,0.85,0.0
F17.2,18,0.9,0.0
F17.2,19,0.95,0.0467191601049868
F17.2,20,1.0,0.1123359580052493
F17.2,21,1.05,0.1779527559055118
F17.2,22,1.1,0.2435695538057743
F17.2,23,1.15,0.3091863517060366
F17.2,24,1.2,0.3748031496062991
F17.2,25,1.25,0.4
F17.2,26,1.3,0.4
F17.2,27,1.35,0.4
F17.2,28,1.4,0.4
F17.2,29,1.45,0.4
F17.2,30,1.5,0.4
F17.2,31,1.55,0.4
F17.2,32,1.6,0.4
F17.2,33,1.65,0.4
F17.2,34,1.7,0.4
F17.2,35,1.75,0.4
F17.2,36,1.8,0.4
F17.2,37,1.85,0.4
F17.2,38,1.9,0.4
F17.2,39,1.95,0.4
F17.2,40,2.0,0.4
F17.2,41,2.05,0.4
F17.2,42,2.1,0.4
F17.2,43,2.15,0.4
F17.2,44,2.2,0.4
F17.2,45,2.25,0.4
F17.2,46,2.3,0.4
F17.2,47,2.35,0.4
F17.2,48,2.4,0.4
F17.2,49,2.45,0.4
F17.2,50,2.5,0.4
F17.2,51,2.55,0.4
F17.2,52,2.6,0.4
F17.2,53,2.65,0.4
F17.2,54,2.7,0.4
F17.2,55,2.75,0.4
F17.2,56,2.8,0.4
F17.2,57,2.85,0.4
F17.2,58,2.9,0.4
F17.2,59,2.95,0.4
F17.2,60,3.0,0.4
F17.2,61,3.05,0.4
F17.3,0,0.0,0.0
F17.3,1,0.05,0.0016404199475065
F17.3,2,0.1,0.0032808398950131
F17.3,3,0.15,0.0049212598425196
F17.3,4,0.2,0.0065616797900262
F17.3,5,0.25,0.0082020997375328
F17.3,6,0.3,0.0098425196850393
F17.3,7,0.35,0.0114829396325459
F17.3,8,0.4,0.0131233595800524
F17.3,9,0.45,0.014763779527559
F17.3,10,0.5,0.0164041994750656
F17.3,11,0.55,0.0180446194225721
F17.3,12,0.6,0.0196850393700787
F17.3,13,0.65,0.0239763779527559
F17.3,14,0.7,0.0288976377952755
F17.3,15,0.75,0.0338188976377952
F17.3,16,0.8,0.0387401574803149
F17.3,17,0.85,0.0436614173228346
F17.3,18,0.9,0.0485826771653543
F17.3,19,0.95,0.0616797900262467
F17.3,20,1.0,0.0780839895013123
F17.3,21,1.05,0.0944881889763779
F17.3,22,1.1,0.1108923884514435
F17.3,23,1.15,0.1272965879265091
F17.3,24,1.2,0.1437007874015747
F17.3,25,1.25,0.1651574803149606
F17.3,26,1.3,0.189763779527559
F17.3,27,1.35,0.2143700787401575
F17.3,28,1.4,0.2389763779527558
F17.3,29,1.45,0.2635826771653543
F17.3,30,1.5,0.2921259842519685
F17.3,31,1.55,0.3085301837270341
F17.3,32,1.6,0.3249343832020998
F17.3,33,1.65,0.3413385826771653
F17.3,34,1.7,0.357742782152231
F17.3,35,1.75,0.3741469816272966
F17.3,36,1.8,0.3905511811023622
F17.3,37,1.85,0.4
F17.3,38,1.9,0.4
F17.3,39,1.95,0.4
F17.3,40,2.0,0.4
F17.3,41,2.05,0.4
F17.3,42,2.1,0.4
F17.3,43,2.15,0.4
F17.3,44,2.2,0.4
F17.3,45,2.25,0.4
F17.3,46,2.3,0.4
F17.3,47,2.35,0.4
F17.3,48,2.4,0.4
F17.3,49,2.45,0.4
F17.3,50,2.5,0.4
F17.3,51,2.55,0.4
F17.3,52,2.6,0.4
F17.3,53,2.65,0.4
F17.3,54,2.7,0.4
F17.3,55,2.75,0.4
F17.3,56,2.8,0.4
F17.3,57,2.85,0.4
F17.3,58,2.9,0.4
F17.3,59,2.95,0.4
F17.3,60,3.0,0.4
F17.3,61,3.05,0.4
F17.4,0,0.0,0.0
F17.4,1,0.05,0.0016404199475065
F17.4,2,0.1,0.0032808398950131
F17.4,3,0.15,0.0049212598425196
F17.4,4,0.2,0.0065616797900262
F17.4,5,0.25,0.0082020997375328
F17.4,6,0.3,0.0098425196850393
F17.4,7,0.35,0.0114829396325459
F17.4,8,0.4,0.0131233595800524
F17.4,9,0.45,0.014763779527559
F17.4,10,0.5,0.0164041994750656
F17.4,11,0.55,0.0180446194225721
F17.4,12,0.6,0.0196850393700787
F17.4,13,0.65,0.0239763779527559
F17.4,14,0.7,0.0288976377952755
F17.4,15,0.75,0.0338188976377952
F17.4,16,0.8,0.0387401574803149
F17.4,17,0.85,0.0436614173228346
F17.4,18,0.9,0.0485826771653543
F17.4,19,0.95,0.0616797900262467
F17.4,20,1.0,0.0780839895013123
F17.4,21,1.05,0.0944881889763779
F17.4,22,1.1,0.1108923884514435
F17.4,23,1.15,0.1272965879265091
F17.4,24,1.2,0.1437007874015747
F17.4,25,1.25,0.1651574803149606
F17.4,26,1.3,0.189763779527559
F17.4,27,1.35,0.2143700787401575
F17.4,28,1.4,0.2389763779527558
F17.4,29,1.45,0.2635826771653543
F17.4,30,1.5,0.2921259842519685
F17.4,31,1.55,0.3085301837270341
F17.4,32,1.6,0.3249343832020998
F17.4,33,1.65,0.3413385826771653
F17.4,34,1.7,0.357742782152231
F17.4,35,1.75,0.3741469816272966
F17.4,36,1.8,0.3905511811023622
F17.4,37,1.85,0.4
F17.4,38,1.9,0.4
F17.4,39,1.95,0.4
F17.4,40,2.0,0.4
F17.4,41,2.05,0.4
F17.4,42,2.1,0.4
F17.4,43,2.15,0.4
F17.4,44,2.2,0.4
F17.4,45,2.25,0.4
F17.4,46,2.3,0.4
F17.4,47,2.35,0.4
F17.4,48,2.4,0.4
F17.4,49,2.45,0.4
F17.4,50,2.5,0.4
F17.4,51,2.55,0.4
F17.4,52,2.6,0.4
F17.4,53,2.65,0.4
F17.4,54,2.7,0.4
F17.4,55,2.75,0.4
F17.4,56,2.8,0.4
F17.4,57,2.85,0.4
F17.4,58,2.9,0.4
F17.4,59,2.95,0.4
F17.4,60,3.0,0.4
F17.4,61,3.05,0.4
F17.5,0,0.0,0.0
F17.5,1,0.05,0.045
F17.5,2,0.1,0.09
F17.5,3,0.15,0.135
F17.5,4,0.2,0.18
F17.5,5,0.25,0.225
F17.5,6,0.3,0.27
F17.5,7,0.35,0.315
F17.5,8,0.4,0.36
F17.5,9,0.45,0.397
F17.5,10,0.5,0.41
F17.5,11,0.55,0.423
F17.5,12,0.6,0.436
F17.5,13,0.65,0.449
F17.5,14,0.7,0.462
F17.5,15,0.75,0.475
F17.5,16,0.8,0.488
F17.5,17,0.85,0.501
F17.5,18,0.9,0.514
F17.5,19,0.95,0.527
F17.5,20,1.0,0.54
F17.5,21,1.05,0.553
F17.5,22,1.1,0.5660000000000001
F17.5,23,1.15,0.579
F17.5,24,1.2,0.5920000000000001
F17.5,25,1.25,0.605
F17.5,26,1.3,0.6180000000000001
F17.5,27,1.35,0.631
F17.5,28,1.4,0.644
F17.5,29,1.45,0.657
F17.5,30,1.5,0.67
F17.5,31,1.55,0.683
F17.5,32,1.6,0.6960000000000001
F17.5,33,1.65,0.7090000000000001
F17.5,34,1.7,0.722
F17.5,35,1.75,0.7350000000000001
F17.5,36,1.8,0.748
F17.5,37,1.85,0.7610000000000001
F17.5,38,1.9,0.774
F17.5,39,1.95,0.787
F17.5,40,2.0,0.8
F17.5,41,2.05,0.813
F17.5,42,2.1,0.8260000000000001
F17.5,43,2.15,0.839
F17.5,44,2.2,0.8520000000000001
F17.5,45,2.25,0.865
F17.5,46,2.3,0.878
F17.5,47,2.35,0.8910000000000001
F17.5,48,2.4,0.904
F17.5,49,2.45,0.917
F17.5,50,2.5,0.93
F17.5,51,2.55,0.943
F17.5,52,2.6,0.956
F17.5,53,2.65,0.969
F17.5,54,2.7,0.982
F17.5,55,2.75,0.995
F17.5,56,2.8,1.0
F17.5,57,2.85,1.0
F17.5,58,2.9,1.0
F17.5,59,2.95,1.0
F17.5,60,3.0,1.0
F17.5,61,3.05,1.0
F17.5,62,3.1,1.0
F17.5,63,3.15,1.0
F17.5,64,3.2,1.0
F17.5,65,3.25,1.0
F17.5,66,3.3,1.0
F17.5,67,3.35,1.0
F17.5,68,3.4,1.0
F17.5,69,3.45,1.0
F17.5,70,3.5,1.0
F17.5,71,3.55,1.0
F17.5,72,3.6,1.0
F17.5,73,3.65,1.0
F17.5,74,3.7,1.0
F17.5,75,3.75,1.0
F17.5,76,3.8,1.0
F17.5,77,3.85,1.0
F17.5,78,3.9,1.0
F17.5,79,3.95,1.0
F17.5,80,4.0,1.0
F17.5,81,4.05,1.0
F17.5,82,4.1,1.0
F17.5,83,4.15,1.0
F17.5,84,4.2,1.0
F17.5,85,4.25,1.0
F17.5,86,4.3,1.0
F17.5,87,4.35,1.0
F17.5,88,4.4,1.0
F17.5,89,4.44999999999999,1.0
F17.5,90,4.49999999999999,1.0
F17.5,91,4.54999999999999,1.0
F17.5,92,4.59999999999999,1.0
F17.5,93,4.64999999999999,1.0
F17.5,94,4.69999999999999,1.0
F17.5,95,4.74999999999999,1.0
F17.5,96,4.79999999999999,1.0
F17.5,97,4.84999999999999,1.0
F17.5,98,4.89999999999999,1.0
F17.5,99,4.94999999999999,1.0
F17.5,100,4.99999999999999,1.0
F17.5,101,5.04999999999999,1.0
F17.5,102,5.09999999999999,1.0
F17.5,103,5.14999999999999,1.0
F17.5,104,5.19999999999999,1.0
F17.5,105,5.24999999999999,1.0
F17.5,106,5.29999999999999,1.0
F17.5,107,5.34999999999999,1.0
F17.5,108,5.39999999999999,1.0
F17.5,109,5.44999999999999,1.0
F17.5,110,5.49999999999999,1.0
F17.5,111,5.54999999999999,1.0
F17.5,112,5.59999999999999,1.0
F17.5,113,5.64999999999999,1.0
F17.5,114,5.69999999999999,1.0
F17.5,115,5.74999999999999,1.0
F17.5,116,5.79999999999999,1.0
F17.5,117,5.84999999999999,1.0
F17.5,118,5.89999999999999,1.0
F17.5,119,5.94999999999999,1.0
F17.5,120,5.99999999999999,1.0
F17.6,0,0.0,0.0
F17.6,1,0.05,0.0656167979002624
F17.6,2,0.1,0.1312335958005249
F17.6,3,0.15,0.1968503937007874
F17.6,4,0.2,0.2624671916010498
F17.6,5,0.25,0.3280839895013123
F17.6,6,0.3,0.3937007874015748
F17.6,7,0.35,0.4
F17.6,8,0.4,0.4
F17.6,9,0.45,0.4
F17.6,10,0.5,0.4
F17.6,11,0.55,0.4
F17.6,12,0.6,0.4
F17.6,13,0.65,0.4
F17.6,14,0.7,0.4
F17.6,15,0.75,0.4
F17.6,16,0.8,0.4
F17.6,17,0.85,0.4
F17.6,18,0.9,0.4
F17.6,19,0.95,0.4
F17.6,20,1.0,0.4
F17.6,21,1.05,0.4
F17.6,22,1.1,0.4
F17.6,23,1.15,0.4
F17.6,24,1.2,0.4
F17.6,25,1.25,0.4
F17.6,26,1.3,0.4
F17.6,27,1.35,0.4
F17.6,28,1.4,0.4
F17.6,29,1.45,0.4
F17.6,30,1.5,0.4
F17.6,31,1.55,0.4
F17.6,32,1.6,0.4
F17.6,33,1.65,0.4
F17.6,34,1.7,0.4
F17.6,35,1.75,0.4
F17.6,36,1.8,0.4
F17.6,37,1.85,0.4
F17.6,38,1.9,0.4
F17.6,39,1.95,0.4
F17.6,40,2.0,0.4
F17.6,41,2.05,0.4
F17.6,42,2.1,0.4
F17.6,43,2.15,0.4
F17.6,44,2.2,0.4
F17.6,45,2.25,0.4
F17.6,46,2.3,0.4
F17.6,47,2.35,0.4
F17.6,48,2.4,0.4
F17.6,49,2.45,0.4
F17.6,50,2.5,0.4
F17.6,51,2.55,0.4
F17.6,52,2.6,0.4
F17.6,53,2.65,0.4
F17.6,54,2.7,0.4
F17.6,55,2.75,0.4
F17.6,56,2.8,0.4
F17.6,57,2.85,0.4
F17.6,58,2.9,0.4
F17.6,59,2.95,0.4
F17.6,60,3.0,0.4
F17.6,61,3.05,0.4
F18.1,0,0.0,0.0
F18.1,1,0.05,0.0082020997375328
F18.1,2,0.1,0.0164041994750656
F18.1,3,0.15,0.0246062992125984
F18.1,4,0.2,0.0328083989501312
F18.1,5,0.25,0.041010498687664
F18.1,6,0.3,0.0492125984251968
F18.1,7,0.35,0.0544488188976377
F18.1,8,0.4,0.0593700787401574
F18.1,9,0.45,0.0642913385826771
F18.1,10,0.5,0.0692125984251968
F18.1,11,0.55,0.0741338582677165
F18.1,12,0.6,0.0790551181102362
F18.1,13,0.65,0.0826509186351706
F18.1,14,0.7,0.0859317585301837
F18.1,15,0.75,0.0892125984251968
F18.1,16,0.8,0.0924934383202099
F18.1,17,0.85,0.0957742782152231
F18.1,18,0.9,0.0990551181102362
F18.1,19,0.95,0.1081758530183727
F18.1,20,1.0,0.1196587926509186
F18.1,21,1.05,0.1311417322834645
F18.1,22,1.1,0.1426246719160105
F18.1,23,1.15,0.1541076115485564
F18.1,24,1.2,0.1655905511811023
F18.1,25,1.25,0.1770734908136483
F18.1,26,1.3,0.1885564304461942
F18.1,27,1.35,0.2000393700787401
F18.1,28,1.4,0.211522309711286
F18.1,29,1.45,0.223005249343832
F18.1,30,1.5,0.235275590551181
F18.1,31,1.55,0.2451181102362204
F18.1,32,1.6,0.2549606299212598
F18.1,33,1.65,0.2648031496062992
F18.1,34,1.7,0.2746456692913385
F18.1,35,1.75,0.2844881889763779
F18.1,36,1.8,0.2943307086614173
F18.1,37,1.85,0.3
F18.1,38,1.9,0.3
F18.1,39,1.95,0.3
F18.1,40,2.0,0.3
F18.1,41,2.05,0.3
F18.1,42,2.1,0.3
F18.1,43,2.15,0.3
F18.1,44,2.2,0.3
F18.1,45,2.25,0.3
F18.1,46,2.3,0.3
F18.1,47,2.35,0.3
F18.1,48,2.4,0.3
F18.1,49,2.45,0.3
F18.1,50,2.5,0.3
F18.1,51,2.55,0.3
F18.1,52,2.6,0.3
F18.1,53,2.65,0.3
F18.1,54,2.7,0.3
F18.1,55,2.75,0.3
F18.1,56,2.8,0.3
F18.1,57,2.85,0.3
F18.1,58,2.9,0.3
F18.1,59,2.95,0.3
F18.1,60,3.0,0.3
F18.1,61,3.05,0.3
F18.2,0,0.0,0.0
F18.2,1,0.05,0.0082020997375328
F18.2,2,0.1,0.0164041994750656
F18.2,3,0.15,0.0246062992125984
F18.2,4,0.2,0.0328083989501312
F18.2,5,0.25,0.041010498687664
F18.2,6,0.3,0.0492125984251968
F18.2,7,0.35,0.0544488188976377
F18.2,8,0.4,0.0593700787401574
F18.2,9,0.45,0.0642913385826771
F18.2,10,0.5,0.0692125984251968
F18.2,11,0.55,0.0741338582677165
F18.2,12,0.6,0.0790551181102362
F18.2,13,0.65,0.0826509186351706
F18.2,14,0.7,0.0859317585301837
F18.2,15,0.75,0.0892125984251968
F18.2,16,0.8,0.0924934383202099
F18.2,17,0.85,0.0957742782152231
F18.2,18,0.9,0.0990551181102362
F18.2,19,0.95,0.1081758530183727
F18.2,20,1.0,0.1196587926509186
F18.2,21,1.05,0.1311417322834645
F18.2,22,1.1,0.1426246719160105
F18.2,23,1.15,0.1541076115485564
F18.2,24,1.2,0.1655905511811023
F18.2,25,1.25,0.1770734908136483
F18.2,26,1.3,0.1885564304461942
F18.2,27,1.35,0.2000393700787401
F18.2,28,1.4,0.211522309711286
F18.2,29,1.45,0.223005249343832
F18.2,30,1.5,0.235275590551181
F18.2,31,1.55,0.2451181102362204
F18.2,32,1.6,0.2549606299212598
F18.2,33,1.65,0.2648031496062992
F18.2,34,1.7,0.2746456692913385
F18.2,35,1.75,0.2844881889763779
F18.2,36,1.8,0.2943307086614173
F18.2,37,1.85,0.3
F18.2,38,1.9,0.3
F18.2,39,1.95,0.3
F18.2,40,2.0,0.3
F18.2,41,2.05,0.3
F18.2,42,2.1,0.3
F18.2,43,2.15,0.3
F18.2,44,2.2,0.3
F18.2,45,2.25,0.3
F18.2,46,2.3,0.3
F18.2,47,2.35,0.3
F18.2,48,2.4,0.3
F18.2,49,2.45,0.3
F18.2,50,2.5,0.3
F18.2,51,2.55,0.3
F18.2,52,2.6,0.3
F18.2,53,2.65,0.3
F18.2,54,2.7,0.3
F18.2,55,2.75,0.3
F18.2,56,2.8,0.3
F18.2,57,2.85,0.3
F18.2,58,2.9,0.3
F18.2,59,2.95,0.3
F18.2,60,3.0,0.3
F18.2,61,3.05,0.3
F18.3,0,0.0,0.0
F18.3,1,0.05,0.0082020997375328
F18.3,2,0.1,0.0164041994750656
F18.3,3,0.15,0.0246062992125984
F18.3,4,0.2,0.0328083989501312
F18.3,5,0.25,0.041010498687664
F18.3,6,0.3,0.0492125984251968
F18.3,7,0.35,0.0544488188976377
F18.3,8,0.4,0.0593700787401574
F18.3,9,0.45,0.0642913385826771
F18.3,10,0.5,0.0692125984251968
F18.3,11,0.55,0.0741338582677165
F18.3,12,0.6,0.0790551181102362
F18.3,13,0.65,0.0826509186351706
F18.3,14,0.7,0.0859317585301837
F18.3,15,0.75,0.0892125984251968
F18.3,16,0.8,0.0924934383202099
F18.3,17,0.85,0.0957742782152231
F18.3,18,0.9,0.0990551181102362
F18.3,19,0.95,0.1081758530183727
F18.3,20,1.0,0.1196587926509186
F18.3,21,1.05,0.1311417322834645
F18.3,22,1.1,0.1426246719160105
F18.3,23,1.15,0.1541076115485564
F18.3,24,1.2,0.1655905511811023
F18.3,25,1.25,0.1770734908136483
F18.3,26,1.3,0.1885564304461942
F18.3,27,1.35,0.2000393700787401
F18.3,28,1.4,0.211522309711286
F18.3,29,1.45,0.223005249343832
F18.3,30,1.5,0.235275590551181
F18.3,31,1.55,0.2451181102362204
F18.3,32,1.6,0.2549606299212598
F18.3,33,1.65,0.2648031496062992
F18.3,34,1.7,0.2746456692913385
F18.3,35,1.75,0.2844881889763779
F18.3,36,1.8,0.2943307086614173
F18.3,37,1.85,0.3
F18.3,38,1.9,0.3
F18.3,39,1.95,0.3
F18.3,40,2.0,0.3
F18.3,41,2.05,0.3
F18.3,42,2.1,0.3
F18.3,43,2.15,0.3
F18.3,44,2.2,0.3
F18.3,45,2.25,0.3
F18.3,46,2.3,0.3
F18.3,47,2.35,0.3
F18.3,48,2.4,0.3
F18.3,49,2.45,0.3
F18.3,50,2.5,0.3
F18.3,51,2.55,0.3
F18.3,52,2.6,0.3
F18.3,53,2.65,0.3
F18.3,54,2.7,0.3
F18.3,55,2.75,0.3
F18.3,56,2.8,0.3
F18.3,57,2.85,0.3
F18.3,58,2.9,0.3
F18.3,59,2.95,0.3
F18.3,60,3.0,0.3
F18.3,61,3.05,0.3
F18.4,0,0.0,0.0
F18.4,1,0.05,0.0049212598425196
F18.4,2,0.1,0.0098425196850393
F18.4,3,0.15,0.014763779527559
F18.4,4,0.2,0.0196850393700787
F18.4,5,0.25,0.0246062992125984
F18.4,6,0.3,0.0295275590551181
F18.4,7,0.35,0.0314829396325459
F18.4,8,0.4,0.0331233595800524
F18.4,9,0.45,0.034763779527559
F18.4,10,0.5,0.0364041994750656
F18.4,11,0.55,0.0380446194225721
F18.4,12,0.6,0.0396850393700787
F18.4,13,0.65,0.0413254593175853
F18.4,14,0.7,0.0429658792650918
F18.4,15,0.75,0.0446062992125984
F18.4,16,0.8,0.0462467191601049
F18.4,17,0.85,0.0478871391076115
F18.4,18,0.9,0.0495275590551181
F18.4,19,0.95,0.0546719160104986
F18.4,20,1.0,0.0612335958005249
F18.4,21,1.05,0.0677952755905511
F18.4,22,1.1,0.0743569553805774
F18.4,23,1.15,0.0809186351706036
F18.4,24,1.2,0.0874803149606299
F18.4,25,1.25,0.0930314960629921
F18.4,26,1.3,0.0979527559055118
F18.4,27,1.35,0.1028740157480315
F18.4,28,1.4,0.1077952755905511
F18.4,29,1.45,0.1127165354330708
F18.4,30,1.5,0.1176377952755905
F18.4,31,1.55,0.1225590551181102
F18.4,32,1.6,0.1274803149606299
F18.4,33,1.65,0.1324015748031496
F18.4,34,1.7,0.1373228346456692
F18.4,35,1.75,0.1422440944881889
F18.4,36,1.8,0.1471653543307086
F18.4,37,1.85,0.15
F18.4,38,1.9,0.15
F18.4,39,1.95,0.15
F18.4,40,2.0,0.15
F18.4,41,2.05,0.15
F18.4,42,2.1,0.15
F18.4,43,2.15,0.15
F18.4,44,2.2,0.15
F18.4,45,2.25,0.15
F18.4,46,2.3,0.15
F18.4,47,2.35,0.15
F18.4,48,2.4,0.15
F18.4,49,2.45,0.15
F18.4,50,2.5,0.15
F18.4,51,2.55,0.15
F18.4,52,2.6,0.15
F18.4,53,2.65,0.15
F18.4,54,2.7,0.15
F18.4,55,2.75,0.15
F18.4,56,2.8,0.15
F18.4,57,2.85,0.15
F18.4,58,2.9,0.15
F18.4,59,2.95,0.15
F18.4,60,3.0,0.15
F18.4,61,3.05,0.2003280839895012
F18.5,0,0.0,0.0
F18.5,1,0.05,0.0131233595800524
F18.5,2,0.1,0.0262467191601049
F18.5,3,0.15,0.0393700787401574
F18.5,4,0.2,0.0524934383202099
F18.5,5,0.25,0.0656167979002624
F18.5,6,0.3,0.0787401574803149
F18.5,7,0.35,0.0859317585301837
F18.5,8,0.4,0.0924934383202099
F18.5,9,0.45,0.0990551181102362
F18.5,10,0.5,0.1056167979002624
F18.5,11,0.55,0.1121784776902887
F18.5,12,0.6,0.1187401574803149
F18.5,13,0.65,0.1239763779527559
F18.5,14,0.7,0.1288976377952755
F18.5,15,0.75,0.1338188976377952
F18.5,16,0.8,0.1387401574803149
F18.5,17,0.85,0.1436614173228346
F18.5,18,0.9,0.1485826771653543
F18.5,19,0.95,0.1628477690288713
F18.5,20,1.0,0.1808923884514435
F18.5,21,1.05,0.1989370078740157
F18.5,22,1.1,0.2169816272965879
F18.5,23,1.15,0.23502624671916
F18.5,24,1.2,0.2530708661417322
F18.5,25,1.25,0.2701049868766404
F18.5,26,1.3,0.286509186351706
F18.5,27,1.35,0.3029133858267717
F18.5,28,1.4,0.3193175853018372
F18.5,29,1.45,0.3357217847769028
F18.5,30,1.5,0.3529133858267716
F18.5,31,1.55,0.3676771653543307
F18.5,32,1.6,0.3824409448818898
F18.5,33,1.65,0.3972047244094487
F18.5,34,1.7,0.4119685039370078
F18.5,35,1.75,0.4267322834645669
F18.5,36,1.8,0.441496062992126
F18.5,37,1.85,0.45
F18.5,38,1.9,0.45
F18.5,39,1.95,0.45
F18.5,40,2.0,0.45
F18.5,41,2.05,0.45
F18.5,42,2.1,0.45
F18.5,43,2.15,0.45
F18.5,44,2.2,0.45
F18.5,45,2.25,0.45
F18.5,46,2.3,0.45
F18.5,47,2.35,0.45
F18.5,48,2.4,0.45
F18.5,49,2.45,0.45
F18.5,50,2.5,0.45
F18.5,51,2.55,0.45
F18.5,52,2.6,0.45
F18.5,53,2.65,0.45
F18.5,54,2.7,0.45
F18.5,55,2.75,0.45
F18.5,56,2.8,0.45
F18.5,57,2.85,0.45
F18.5,58,2.9,0.45
F18.5,59,2.95,0.45
F18.5,60,3.0,0.45
F18.5,61,3.05,0.6009842519685038
F18.6,0,0.0,0.0
F18.6,1,0.05,0.04
F18.6,2,0.1,0.08
F18.6,3,0.15,0.12
F18.6,4,0.2,0.16
F18.6,5,0.25,0.2
F18.6,6,0.3,0.24
F18.6,7,0.35,0.2605
F18.6,8,0.4,0.272
F18.6,9,0.45,0.2835
F18.6,10,0.5,0.295
F18.6,11,0.55,0.3065
F18.6,12,0.6,0.318
F18.6,13,0.65,0.3295
F18.6,14,0.7,0.3409999999999999
F18.6,15,0.75,0.3525
F18.6,16,0.8,0.364
F18.6,17,0.85,0.3755
F18.6,18,0.9,0.387
F18.6,19,0.95,0.3984999999999999
F18.6,20,1.0,0.41
F18.6,21,1.05,0.4215
F18.6,22,1.1,0.433
F18.6,23,1.15,0.4445
F18.6,24,1.2,0.456
F18.6,25,1.25,0.4675
F18.6,26,1.3,0.479
F18.6,27,1.35,0.4905
F18.6,28,1.4,0.502
F18.6,29,1.45,0.5135000000000001
F18.6,30,1.5,0.525
F18.6,31,1.55,0.5365
F18.6,32,1.6,0.548
F18.6,33,1.65,0.5595
F18.6,34,1.7,0.571
F18.6,35,1.75,0.5825
F18.6,36,1.8,0.5940000000000001
F18.6,37,1.85,0.6055
F18.6,38,1.9,0.617
F18.6,39,1.95,0.6285000000000001
F18.6,40,2.0,0.64
F18.6,41,2.05,0.6515
F18.6,42,2.1,0.663
F18.6,43,2.15,0.6745
F18.6,44,2.2,0.6860000000000002
F18.6,45,2.25,0.6975
F18.6,46,2.3,0.7090000000000001
F18.6,47,2.35,0.7205000000000001
F18.6,48,2.4,0.732
F18.6,49,2.45,0.7435
F18.6,50,2.5,0.7550000000000001
F18.6,51,2.55,0.7665
F18.6,52,2.6,0.778
F18.6,53,2.65,0.785
F18.6,54,2.7,0.79
F18.6,55,2.75,0.795
F18.6,56,2.8,0.8
F18.6,57,2.85,0.805
F18.6,58,2.9,0.81
F18.6,59,2.95,0.8150000000000001
F18.6,60,3.0,0.8200000000000001
F18.6,61,3.05,0.825
F18.6,62,3.1,0.8300000000000001
F18.6,63,3.15,0.835
F18.6,64,3.2,0.8400000000000001
F18.6,65,3.25,0.845
F18.6,66,3.3,0.8500000000000001
F18.6,67,3.35,0.855
F18.6,68,3.4,0.8600000000000001
F18.6,69,3.45,0.865
F18.6,70,3.5,0.8700000000000001
F18.6,71,3.55,0.875
F18.6,72,3.6,0.8800000000000001
F18.6,73,3.65,0.885
F18.6,74,3.7,0.8900000000000001
F18.6,75,3.75,0.895
F18.6,76,3.8,0.9
F18.6,77,3.85,0.905
F18.6,78,3.9,0.91
F18.6,79,3.95,0.915
F18.6,80,4.0,0.92
F18.6,81,4.05,0.925
F18.6,82,4.1,0.93
F18.6,83,4.15,0.935
F18.6,84,4.2,0.94
F18.6,85,4.25,0.945
F18.6,86,4.3,0.95
F18.6,87,4.35,0.955
F18.6,88,4.4,0.96
F18.6,89,4.44999999999999,0.965
F18.6,90,4.49999999999999,0.97
F18.6,91,4.54999999999999,0.975
F18.6,92,4.59999999999999,0.98
F18.6,93,4.64999999999999,0.984999999999999
F18.6,94,4.69999999999999,0.9899999999999992
F18.6,95,4.74999999999999,0.994999999999999
F18.6,96,4.79999999999999,0.9999999999999992
F18.6,97,4.84999999999999,1.0
F18.6,98,4.89999999999999,1.0
F18.6,99,4.94999999999999,1.0
F18.6,100,4.99999999999999,1.0
F18.6,101,5.04999999999999,1.0
F18.6,102,5.09999999999999,1.0
F18.6,103,5.14999999999999,1.0
F18.6,104,5.19999999999999,1.0
F18.6,105,5.24999999999999,1.0
F18.6,106,5.29999999999999,1.0
F18.6,107,5.34999999999999,1.0
F18.6,108,5.39999999999999,1.0
F18.6,109,5.44999999999999,1.0
F18.6,110,5.49999999999999,1.0
F18.6,111,5.54999999999999,1.0
F18.6,112,5.59999999999999,1.0
F18.6,113,5.64999999999999,1.0
F18.6,114,5.69999999999999,1.0
F18.6,115,5.74999999999999,1.0
F18.6,116,5.79999999999999,1.0
F18.6,117,5.84999999999999,1.0
F18.6,118,5.89999999999999,1.0
F18.6,119,5.94999999999999,1.0
F18.6,120,5.99999999999999,1.0
F19.1,0,0.0,0.0
F19.1,1,0.05,0.0
F19.1,2,0.1,0.0
F19.1,3,0.15,0.0
F19.1,4,0.2,0.0
F19.1,5,0.25,0.0
F19.1,6,0.3,0.0
F19.1,7,0.35,0.0
F19.1,8,0.4,0.0
F19.1,9,0.45,0.0
F19.1,10,0.5,0.0
F19.1,11,0.55,0.0
F19.1,12,0.6,0.0
F19.1,13,0.65,0.0
F19.1,14,0.7,0.0
F19.1,15,0.75,0.0
F19.1,16,0.8,0.0
F19.1,17,0.85,0.0
F19.1,18,0.9,0.0
F19.1,19,0.95,0.0
F19.1,20,1.0,0.0
F19.1,21,1.05,0.0
F19.1,22,1.1,0.0
F19.1,23,1.15,0.0
F19.1,24,1.2,0.0
F19.1,25,1.25,0.0
F19.1,26,1.3,0.0
F19.1,27,1.35,0.0
F19.1,28,1.4,0.0
F19.1,29,1.45,0.0
F19.1,30,1.5,0.0
F19.1,31,1.55,0.0
F19.1,32,1.6,0.0
F19.1,33,1.65,0.0
F19.1,34,1.7,0.0
F19.1,35,1.75,0.0
F19.1,36,1.8,0.0
F19.1,37,1.85,0.0
F19.1,38,1.9,0.0
F19.1,39,1.95,0.0
F19.1,40,2.0,0.0
F19.1,41,2.05,0.0
F19.1,42,2.1,0.0
F19.1,43,2.15,0.0
F19.1,44,2.2,0.0
F19.1,45,2.25,0.0
F19.1,46,2.3,0.0
F19.1,47,2.35,0.0
F19.1,48,2.4,0.0
F19.1,49,2.45,0.0
F19.1,50,2.5,0.0
F19.1,51,2.55,0.0
F19.1,52,2.6,0.0
F19.1,53,2.65,0.0
F19.1,54,2.7,0.0
F19.1,55,2.75,0.0
F19.1,56,2.8,0.0
F19.1,57,2.85,0.0
F19.1,58,2.9,0.0
F19.1,59,2.95,0.0
F19.1,60,3.0,0.0
F19.1,61,3.05,0.0
F19.2,0,0.0,0.0
F19.2,1,0.05,0.0
F19.2,2,0.1,0.0
F19.2,3,0.15,0.0
F19.2,4,0.2,0.0
F19.2,5,0.25,0.0
F19.2,6,0.3,0.0
F19.2,7,0.35,0.0
F19.2,8,0.4,0.0
F19.2,9,0.45,0.0
F19.2,10,0.5,0.0
F19.2,11,0.55,0.0
F19.2,12,0.6,0.0
F19.2,13,0.65,0.0
F19.2,14,0.7,0.0
F19.2,15,0.75,0.0
F19.2,16,0.8,0.0
F19.2,17,0.85,0.0
F19.2,18,0.9,0.0
F19.2,19,0.95,0.0
F19.2,20,1.0,0.0
F19.2,21,1.05,0.0
F19.2,22,1.1,0.0
F19.2,23,1.15,0.0
F19.2,24,1.2,0.0
F19.2,25,1.25,0.0
F19.2,26,1.3,0.0
F19.2,27,1.35,0.0
F19.2,28,1.4,0.0
F19.2,29,1.45,0.0
F19.2,30,1.5,0.0
F19.2,31,1.55,0.0
F19.2,32,1.6,0.0
F19.2,33,1.65,0.0
F19.2,34,1.7,0.0
F19.2,35,1.75,0.0
F19.2,36,1.8,0.0
F19.2,37,1.85,0.0
F19.2,38,1.9,0.0
F19.2,39,1.95,0.0
F19.2,40,2.0,0.0
F19.2,41,2.05,0.0
F19.2,42,2.1,0.0
F19.2,43,2.15,0.0
F19.2,44,2.2,0.0
F19.2,45,2.25,0.0
F19.2,46,2.3,0.0
F19.2,47,2.35,0.0
F19.2,48,2.4,0.0
F19.2,49,2.45,0.0
F19.2,50,2.5,0.0
F19.2,51,2.55,0.0
F19.2,52,2.6,0.0
F19.2,53,2.65,0.0
F19.2,54,2.7,0.0
F19.2,55,2.75,0.0
F19.2,56,2.8,0.0
F19.2,57,2.85,0.0
F19.2,58,2.9,0.0
F19.2,59,2.95,0.0
F19.2,60,3.0,0.0
F19.2,61,3.05,0.0
F19.3,0,0.0,0.0
F19.3,1,0.05,0.0082020997375328
F19.3,2,0.1,0.0164041994750656
F19.3,3,0.15,0.0246062992125984
F19.3,4,0.2,0.0328083989501312
F19.3,5,0.25,0.041010498687664
F19.3,6,0.3,0.0492125984251968
F19.3,7,0.35,0.05
F19.3,8,0.4,0.05
F19.3,9,0.45,0.05
F19.3,10,0.5,0.05
F19.3,11,0.55,0.05
F19.3,12,0.6,0.05
F19.3,13,0.65,0.05
F19.3,14,0.7,0.05
F19.3,15,0.75,0.05
F19.3,16,0.8,0.05
F19.3,17,0.85,0.05
F19.3,18,0.9,0.05
F19.3,19,0.95,0.05
F19.3,20,1.0,0.05
F19.3,21,1.05,0.05
F19.3,22,1.1,0.05
F19.3,23,1.15,0.05
F19.3,24,1.2,0.05
F19.3,25,1.25,0.05
F19.3,26,1.3,0.05
F19.3,27,1.35,0.05
F19.3,28,1.4,0.05
F19.3,29,1.45,0.05
F19.3,30,1.5,0.05
F19.3,31,1.55,0.05
F19.3,32,1.6,0.05
F19.3,33,1.65,0.05
F19.3,34,1.7,0.05
F19.3,35,1.75,0.05
F19.3,36,1.8,0.05
F19.3,37,1.85,0.05
F19.3,38,1.9,0.05
F19.3,39,1.95,0.05
F19.3,40,2.0,0.05
F19.3,41,2.05,0.05
F19.3,42,2.1,0.05
F19.3,43,2.15,0.05
F19.3,44,2.2,0.05
F19.3,45,2.25,0.05
F19.3,46,2.3,0.05
F19.3,47,2.35,0.05
F19.3,48,2.4,0.05
F19.3,49,2.45,0.05
F19.3,50,2.5,0.05
F19.3,51,2.55,0.05
F19.3,52,2.6,0.05
F19.3,53,2.65,0.05
F19.3,54,2.7,0.05
F19.3,55,2.75,0.05
F19.3,56,2.8,0.05
F19.3,57,2.85,0.05
F19.3,58,2.9,0.05
F19.3,59,2.95,0.05
F19.3,60,3.0,0.05
F19.3,61,3.05,0.05
F2.1,0,0.0,0.0
F2.1,1,0.05,0.0032808398950131
F2.1,2,0.1,0.0065616797900262
F2.1,3,0.15,0.0098425196850393
F2.1,4,0.2,0.0131233595800524
F2.1,5,0.25,0.0164041994750656
F2.1,6,0.3,0.0196850393700787
F2.1,7,0.35,0.0229658792650918
F2.1,8,0.4,0.0262467191601049
F2.1,9,0.45,0.0295275590551181
F2.1,10,0.5,0.0328083989501312
F2.1,11,0.55,0.0360892388451443
F2.1,12,0.6,0.0393700787401574
F2.1,13,0.65,0.0426509186351706
F2.1,14,0.7,0.0459317585301837
F2.1,15,0.75,0.0492125984251968
F2.1,16,0.8,0.0524934383202099
F2.1,17,0.85,0.055774278215223
F2.1,18,0.9,0.0590551181102362
F2.1,19,0.95,0.0611679790026246
F2.1,20,1.0,0.0628083989501312
F2.1,21,1.05,0.0644488188976378
F2.1,22,1.1,0.0660892388451443
F2.1,23,1.15,0.0677296587926509
F2.1,24,1.2,0.0693700787401574
F2.1,25,1.25,0.071010498687664
F2.1,26,1.3,0.0726509186351706
F2.1,27,1.35,0.0742913385826771
F2.1,28,1.4,0.0759317585301837
F2.1,29,1.45,0.0775721784776903
F2.1,30,1.5,0.0792125984251968
F2.1,31,1.55,0.0808530183727034
F2.1,32,1.6,0.0824934383202099
F2.1,33,1.65,0.0841338582677165
F2.1,34,1.7,0.0857742782152231
F2.1,35,1.75,0.0874146981627296
F2.1,36,1.8,0.0890551181102362
F2.1,37,1.85,0.0906955380577427
F2.1,38,1.9,0.0923359580052493
F2.1,39,1.95,0.0939763779527559
F2.1,40,2.0,0.0956167979002624
F2.1,41,2.05,0.097257217847769
F2.1,42,2.1,0.0988976377952756
F2.1,43,2.15,0.1010761154855643
F2.1,44,2.2,0.1043569553805774
F2.1,45,2.25,0.1076377952755905
F2.1,46,2.3,0.1109186351706036
F2.1,47,2.35,0.1141994750656168
F2.1,48,2.4,0.1174803149606299
F2.1,49,2.45,0.120761154855643
F2.1,50,2.5,0.1240419947506561
F2.1,51,2.55,0.1273228346456692
F2.1,52,2.6,0.1306036745406824
F2.1,53,2.65,0.1338845144356955
F2.1,54,2.7,0.1371653543307087
F2.1,55,2.75,0.1404461942257218
F2.1,56,2.8,0.1437270341207349
F2.1,57,2.85,0.147007874015748
F2.1,58,2.9,0.1502887139107611
F2.1,59,2.95,0.1535695538057743
F2.1,60,3.0,0.1568503937007874
F2.1,61,3.05,0.1500656167979002
F2.2,0,0.0,0.0
F2.2,1,0.05,0.0032808398950131
F2.2,2,0.1,0.0065616797900262
F2.2,3,0.15,0.0098425196850393
F2.2,4,0.2,0.0131233595800524
F2.2,5,0.25,0.0164041994750656
F2.2,6,0.3,0.0196850393700787
F2.2,7,0.35,0.0229658792650918
F2.2,8,0.4,0.0262467191601049
F2.2,9,0.45,0.0295275590551181
F2.2,10,0.5,0.0328083989501312
F2.2,11,0.55,0.0360892388451443
F2.2,12,0.6,0.0393700787401574
F2.2,13,0.65,0.0426509186351706
F2.2,14,0.7,0.0459317585301837
F2.2,15,0.75,0.0492125984251968
F2.2,16,0.8,0.0524934383202099
F2.2,17,0.85,0.055774278215223
F2.2,18,0.9,0.0590551181102362
F2.2,19,0.95,0.0611679790026246
F2.2,20,1.0,0.0628083989501312
F2.2,21,1.05,0.0644488188976378
F2.2,22,1.1,0.0660892388451443
F2.2,23,1.15,0.0677296587926509
F2.2,24,1.2,0.0693700787401574
F2.2,25,1.25,0.071010498687664
F2.2,26,1.3,0.0726509186351706
F2.2,27,1.35,0.0742913385826771
F2.2,28,1.4,0.0759317585301837
F2.2,29,1.45,0.0775721784776903
F2.2,30,1.5,0.0792125984251968
F2.2,31,1.55,0.0808530183727034
F2.2,32,1.6,0.0824934383202099
F2.2,33,1.65,0.0841338582677165
F2.2,34,1.7,0.0857742782152231
F2.2,35,1.75,0.0874146981627296
F2.2,36,1.8,0.0890551181102362
F2.2,37,1.85,0.0906955380577427
F2.2,38,1.9,0.0923359580052493
F2.2,39,1.95,0.0939763779527559
F2.2,40,2.0,0.0956167979002624
F2.2,41,2.05,0.097257217847769
F2.2,42,2.1,0.0988976377952756
F2.2,43,2.15,0.1010761154855643
F2.2,44,2.2,0.1043569553805774
F2.2,45,2.25,0.1076377952755905
F2.2,46,2.3,0.1109186351706036
F2.2,47,2.35,0.1141994750656168
F2.2,48,2.4,0.1174803149606299
F2.2,49,2.45,0.120761154855643
F2.2,50,2.5,0.1240419947506561
F2.2,51,2.55,0.1273228346456692
F2.2,52,2.6,0.1306036745406824
F2.2,53,2.65,0.1338845144356955
F2.2,54,2.7,0.1371653543307087
F2.2,55,2.75,0.1404461942257218
F2.2,56,2.8,0.1437270341207349
F2.2,57,2.85,0.147007874015748
F2.2,58,2.9,0.1502887139107611
F2.2,59,2.95,0.1535695538057743
F2.2,60,3.0,0.1568503937007874
F2.2,61,3.05,0.1500656167979002
F2.3,0,0.0,0.0
F2.3,1,0.05,0.0032808398950131
F2.3,2,0.1,0.0065616797900262
F2.3,3,0.15,0.0098425196850393
F2.3,4,0.2,0.0131233595800524
F2.3,5,0.25,0.0164041994750656
F2.3,6,0.3,0.0196850393700787
F2.3,7,0.35,0.0229658792650918
F2.3,8,0.4,0.0262467191601049
F2.3,9,0.45,0.0295275590551181
F2.3,10,0.5,0.0328083989501312
F2.3,11,0.55,0.0360892388451443
F2.3,12,0.6,0.0393700787401574
F2.3,13,0.65,0.0426509186351706
F2.3,14,0.7,0.0459317585301837
F2.3,15,0.75,0.0492125984251968
F2.3,16,0.8,0.0524934383202099
F2.3,17,0.85,0.055774278215223
F2.3,18,0.9,0.0590551181102362
F2.3,19,0.95,0.0611679790026246
F2.3,20,1.0,0.0628083989501312
F2.3,21,1.05,0.0644488188976378
F2.3,22,1.1,0.0660892388451443
F2.3,23,1.15,0.0677296587926509
F2.3,24,1.2,0.0693700787401574
F2.3,25,1.25,0.071010498687664
F2.3,26,1.3,0.0726509186351706
F2.3,27,1.35,0.0742913385826771
F2.3,28,1.4,0.0759317585301837
F2.3,29,1.45,0.0775721784776903
F2.3,30,1.5,0.0792125984251968
F2.3,31,1.55,0.0808530183727034
F2.3,32,1.6,0.0824934383202099
F2.3,33,1.65,0.0841338582677165
F2.3,34,1.7,0.0857742782152231
F2.3,35,1.75,0.0874146981627296
F2.3,36,1.8,0.0890551181102362
F2.3,37,1.85,0.0906955380577427
F2.3,38,1.9,0.0923359580052493
F2.3,39,1.95,0.0939763779527559
F2.3,40,2.0,0.0956167979002624
F2.3,41,2.05,0.097257217847769
F2.3,42,2.1,0.0988976377952756
F2.3,43,2.15,0.1010761154855643
F2.3,44,2.2,0.1043569553805774
F2.3,45,2.25,0.1076377952755905
F2.3,46,2.3,0.1109186351706036
F2.3,47,2.35,0.1141994750656168
F2.3,48,2.4,0.1174803149606299
F2.3,49,2.45,0.120761154855643
F2.3,50,2.5,0.1240419947506561
F2.3,51,2.55,0.1273228346456692
F2.3,52,2.6,0.1306036745406824
F2.3,53,2.65,0.1338845144356955
F2.3,54,2.7,0.1371653543307087
F2.3,55,2.75,0.1404461942257218
F2.3,56,2.8,0.1437270341207349
F2.3,57,2.85,0.147007874015748
F2.3,58,2.9,0.1502887139107611
F2.3,59,2.95,0.1535695538057743
F2.3,60,3.0,0.1568503937007874
F2.3,61,3.05,0.1500656167979002
F20.1,0,0.0,0.0
F20.1,1,0.05,0.0656167979002624
F20.1,2,0.1,0.1312335958005249
F20.1,3,0.15,0.1968503937007874
F20.1,4,0.2,0.2624671916010498
F20.1,5,0.25,0.3280839895013123
F20.1,6,0.3,0.3937007874015748
F20.1,7,0.35,0.4
F20.1,8,0.4,0.4
F20.1,9,0.45,0.4
F20.1,10,0.5,0.4
F20.1,11,0.55,0.4
F20.1,12,0.6,0.4
F20.1,13,0.65,0.4
F20.1,14,0.7,0.4
F20.1,15,0.75,0.4
F20.1,16,0.8,0.4
F20.1,17,0.85,0.4
F20.1,18,0.9,0.4
F20.1,19,0.95,0.4
F20.1,20,1.0,0.4
F20.1,21,1.05,0.4
F20.1,22,1.1,0.4
F20.1,23,1.15,0.4
F20.1,24,1.2,0.4
F20.1,25,1.25,0.4
F20.1,26,1.3,0.4
F20.1,27,1.35,0.4
F20.1,28,1.4,0.4
F20.1,29,1.45,0.4
F20.1,30,1.5,0.4
F20.1,31,1.55,0.4
F20.1,32,1.6,0.4
F20.1,33,1.65,0.4
F20.1,34,1.7,0.4
F20.1,35,1.75,0.4
F20.1,36,1.8,0.4
F20.1,37,1.85,0.4
F20.1,38,1.9,0.4
F20.1,39,1.95,0.4
F20.1,40,2.0,0.4
F20.1,41,2.05,0.4
F20.1,42,2.1,0.4
F20.1,43,2.15,0.4
F20.1,44,2.2,0.4
F20.1,45,2.25,0.4
F20.1,46,2.3,0.4
F20.1,47,2.35,0.4
F20.1,48,2.4,0.4
F20.1,49,2.45,0.4
F20.1,50,2.5,0.4
F20.1,51,2.55,0.4
F20.1,52,2.6,0.4
F20.1,53,2.65,0.4
F20.1,54,2.7,0.4
F20.1,55,2.75,0.4
F20.1,56,2.8,0.4
F20.1,57,2.85,0.4
F20.1,58,2.9,0.4
F20.1,59,2.95,0.4
F20.1,60,3.0,0.4
F20.1,61,3.05,0.4
F20.2,0,0.0,0.0
F20.2,1,0.05,0.0
F20.2,2,0.1,0.0
F20.2,3,0.15,0.0
F20.2,4,0.2,0.0
F20.2,5,0.25,0.0
F20.2,6,0.3,0.0
F20.2,7,0.35,0.0
F20.2,8,0.4,0.0
F20.2,9,0.45,0.0
F20.2,10,0.5,0.0
F20.2,11,0.55,0.0
F20.2,12,0.6,0.0
F20.2,13,0.65,0.0
F20.2,14,0.7,0.0
F20.2,15,0.75,0.0
F20.2,16,0.8,0.0
F20.2,17,0.85,0.0
F20.2,18,0.9,0.0
F20.2,19,0.95,0.0467191601049868
F20.2,20,1.0,0.1123359580052493
F20.2,21,1.05,0.1779527559055118
F20.2,22,1.1,0.2435695538057743
F20.2,23,1.15,0.3091863517060366
F20.2,24,1.2,0.3748031496062991
F20.2,25,1.25,0.4
F20.2,26,1.3,0.4
F20.2,27,1.35,0.4
F20.2,28,1.4,0.4
F20.2,29,1.45,0.4
F20.2,30,1.5,0.4
F20.2,31,1.55,0.4
F20.2,32,1.6,0.4
F20.2,33,1.65,0.4
F20.2,34,1.7,0.4
F20.2,35,1.75,0.4
F20.2,36,1.8,0.4
F20.2,37,1.85,0.4
F20.2,38,1.9,0.4
F20.2,39,1.95,0.4
F20.2,40,2.0,0.4
F20.2,41,2.05,0.4
F20.2,42,2.1,0.4
F20.2,43,2.15,0.4
F20.2,44,2.2,0.4
F20.2,45,2.25,0.4
F20.2,46,2.3,0.4
F20.2,47,2.35,0.4
F20.2,48,2.4,0.4
F20.2,49,2.45,0.4
F20.2,50,2.5,0.4
F20.2,51,2.55,0.4
F20.2,52,2.6,0.4
F20.2,53,2.65,0.4
F20.2,54,2.7,0.4
F20.2,55,2.75,0.4
F20.2,56,2.8,0.4
F20.2,57,2.85,0.4
F20.2,58,2.9,0.4
F20.2,59,2.95,0.4
F20.2,60,3.0,0.4
F20.2,61,3.05,0.4
F20.3,0,0.0,0.0
F20.3,1,0.05,0.0
F20.3,2,0.1,0.0
F20.3,3,0.15,0.0
F20.3,4,0.2,0.0
F20.3,5,0.25,0.0
F20.3,6,0.3,0.0
F20.3,7,0.35,0.0
F20.3,8,0.4,0.0
F20.3,9,0.45,0.0
F20.3,10,0.5,0.0
F20.3,11,0.55,0.0
F20.3,12,0.6,0.0
F20.3,13,0.65,0.0
F20.3,14,0.7,0.0
F20.3,15,0.75,0.0
F20.3,16,0.8,0.0
F20.3,17,0.85,0.0
F20.3,18,0.9,0.0
F20.3,19,0.95,0.0467191601049868
F20.3,20,1.0,0.1123359580052493
F20.3,21,1.05,0.1779527559055118
F20.3,22,1.1,0.2435695538057743
F20.3,23,1.15,0.3091863517060366
F20.3,24,1.2,0.3748031496062991
F20.3,25,1.25,0.4
F20.3,26,1.3,0.4
F20.3,27,1.35,0.4
F20.3,28,1.4,0.4
F20.3,29,1.45,0.4
F20.3,30,1.5,0.4
F20.3,31,1.55,0.4
F20.3,32,1.6,0.4
F20.3,33,1.65,0.4
F20.3,34,1.7,0.4
F20.3,35,1.75,0.4
F20.3,36,1.8,0.4
F20.3,37,1.85,0.4
F20.3,38,1.9,0.4
F20.3,39,1.95,0.4
F20.3,40,2.0,0.4
F20.3,41,2.05,0.4
F20.3,42,2.1,0.4
F20.3,43,2.15,0.4
F20.3,44,2.2,0.4
F20.3,45,2.25,0.4
F20.3,46,2.3,0.4
F20.3,47,2.35,0.4
F20.3,48,2.4,0.4
F20.3,49,2.45,0.4
F20.3,50,2.5,0.4
F20.3,51,2.55,0.4
F20.3,52,2.6,0.4
F20.3,53,2.65,0.4
F20.3,54,2.7,0.4
F20.3,55,2.75,0.4
F20.3,56,2.8,0.4
F20.3,57,2.85,0.4
F20.3,58,2.9,0.4
F20.3,59,2.95,0.4
F20.3,60,3.0,0.4
F20.3,61,3.05,0.4
F20.4,0,0.0,0.0
F20.4,1,0.05,0.0
F20.4,2,0.1,0.0
F20.4,3,0.15,0.0
F20.4,4,0.2,0.0
F20.4,5,0.25,0.0
F20.4,6,0.3,0.0
F20.4,7,0.35,0.0
F20.4,8,0.4,0.0
F20.4,9,0.45,0.0
F20.4,10,0.5,0.0
F20.4,11,0.55,0.0
F20.4,12,0.6,0.0
F20.4,13,0.65,0.0
F20.4,14,0.7,0.0
F20.4,15,0.75,0.0
F20.4,16,0.8,0.0
F20.4,17,0.85,0.0
F20.4,18,0.9,0.0
F20.4,19,0.95,0.0116797900262467
F20.4,20,1.0,0.0280839895013123
F20.4,21,1.05,0.0444881889763779
F20.4,22,1.1,0.0608923884514435
F20.4,23,1.15,0.0772965879265091
F20.4,24,1.2,0.0937007874015747
F20.4,25,1.25,0.1
F20.4,26,1.3,0.1
F20.4,27,1.35,0.1
F20.4,28,1.4,0.1
F20.4,29,1.45,0.1
F20.4,30,1.5,0.1
F20.4,31,1.55,0.1
F20.4,32,1.6,0.1
F20.4,33,1.65,0.1
F20.4,34,1.7,0.1
F20.4,35,1.75,0.1
F20.4,36,1.8,0.1
F20.4,37,1.85,0.1
F20.4,38,1.9,0.1
F20.4,39,1.95,0.1
F20.4,40,2.0,0.1
F20.4,41,2.05,0.1
F20.4,42,2.1,0.1
F20.4,43,2.15,0.1
F20.4,44,2.2,0.1
F20.4,45,2.25,0.1
F20.4,46,2.3,0.1
F20.4,47,2.35,0.1
F20.4,48,2.4,0.1
F20.4,49,2.45,0.1
F20.4,50,2.5,0.1
F20.4,51,2.55,0.1
F20.4,52,2.6,0.1
F20.4,53,2.65,0.1
F20.4,54,2.7,0.1
F20.4,55,2.75,0.1
F20.4,56,2.8,0.1
F20.4,57,2.85,0.1
F20.4,58,2.9,0.1
F20.4,59,2.95,0.1
F20.4,60,3.0,0.1
F20.4,61,3.05,0.1
F20.5,0,0.0,0.0
F20.5,1,0.05,0.0
F20.5,2,0.1,0.0
F20.5,3,0.15,0.0
F20.5,4,0.2,0.0
F20.5,5,0.25,0.0
F20.5,6,0.3,0.0
F20.5,7,0.35,0.0
F20.5,8,0.4,0.0
F20.5,9,0.45,0.0
F20.5,10,0.5,0.0
F20.5,11,0.55,0.0
F20.5,12,0.6,0.0
F20.5,13,0.65,0.0
F20.5,14,0.7,0.0
F20.5,15,0.75,0.0
F20.5,16,0.8,0.0
F20.5,17,0.85,0.0
F20.5,18,0.9,0.0
F20.5,19,0.95,0.0116797900262467
F20.5,20,1.0,0.0280839895013123
F20.5,21,1.05,0.0444881889763779
F20.5,22,1.1,0.0608923884514435
F20.5,23,1.15,0.0772965879265091
F20.5,24,1.2,0.0937007874015747
F20.5,25,1.25,0.1
F20.5,26,1.3,0.1
F20.5,27,1.35,0.1
F20.5,28,1.4,0.1
F20.5,29,1.45,0.1
F20.5,30,1.5,0.1
F20.5,31,1.55,0.1
F20.5,32,1.6,0.1
F20.5,33,1.65,0.1
F20.5,34,1.7,0.1
F20.5,35,1.75,0.1
F20.5,36,1.8,0.1
F20.5,37,1.85,0.1
F20.5,38,1.9,0.1
F20.5,39,1.95,0.1
F20.5,40,2.0,0.1
F20.5,41,2.05,0.1
F20.5,42,2.1,0.1
F20.5,43,2.15,0.1
F20.5,44,2.2,0.1
F20.5,45,2.25,0.1
F20.5,46,2.3,0.1
F20.5,47,2.35,0.1
F20.5,48,2.4,0.1
F20.5,49,2.45,0.1
F20.5,50,2.5,0.1
F20.5,51,2.55,0.1
F20.5,52,2.6,0.1
F20.5,53,2.65,0.1
F20.5,54,2.7,0.1
F20.5,55,2.75,0.1
F20.5,56,2.8,0.1
F20.5,57,2.85,0.1
F20.5,58,2.9,0.1
F20.5,59,2.95,0.1
F20.5,60,3.0,0.1
F20.5,61,3.05,0.1
F21.1,0,0.0,0.0
F21.1,1,0.05,0.015
F21.1,2,0.1,0.03
F21.1,3,0.15,0.045
F21.1,4,0.2,0.06
F21.1,5,0.25,0.075
F21.1,6,0.3,0.09
F21.1,7,0.35,0.105
F21.1,8,0.4,0.12
F21.1,9,0.45,0.135
F21.1,10,0.5,0.15
F21.1,11,0.55,0.165
F21.1,12,0.6,0.18
F21.1,13,0.65,0.195
F21.1,14,0.7,0.2099999999999999
F21.1,15,0.75,0.2249999999999999
F21.1,16,0.8,0.24
F21.1,17,0.85,0.255
F21.1,18,0.9,0.27
F21.1,19,0.95,0.285
F21.1,20,1.0,0.3
F21.1,21,1.05,0.315
F21.1,22,1.1,0.33
F21.1,23,1.15,0.345
F21.1,24,1.2,0.36
F21.1,25,1.25,0.375
F21.1,26,1.3,0.39
F21.1,27,1.35,0.405
F21.1,28,1.4,0.42
F21.1,29,1.45,0.435
F21.1,30,1.5,0.45
F21.1,31,1.55,0.46
F21.1,32,1.6,0.47
F21.1,33,1.65,0.48
F21.1,34,1.7,0.49
F21.1,35,1.75,0.5
F21.1,36,1.8,0.51
F21.1,37,1.85,0.52
F21.1,38,1.9,0.53
F21.1,39,1.95,0.54
F21.1,40,2.0,0.55
F21.1,41,2.05,0.56
F21.1,42,2.1,0.5700000000000001
F21.1,43,2.15,0.5800000000000001
F21.1,44,2.2,0.5900000000000001
F21.1,45,2.25,0.6000000000000001
F21.1,46,2.3,0.61
F21.1,47,2.35,0.6200000000000001
F21.1,48,2.4,0.63
F21.1,49,2.45,0.64
F21.1,50,2.5,0.65
F21.1,51,2.55,0.66
F21.1,52,2.6,0.67
F21.1,53,2.65,0.6799999999999999
F21.1,54,2.7,0.6900000000000001
F21.1,55,2.75,0.7
F21.1,56,2.8,0.71
F21.1,57,2.85,0.72
F21.1,58,2.9,0.73
F21.1,59,2.95,0.74
F21.1,60,3.0,0.75
F21.1,61,3.05,0.7575
F21.1,62,3.1,0.765
F21.1,63,3.15,0.7725
F21.1,64,3.2,0.78
F21.1,65,3.25,0.7875
F21.1,66,3.3,0.7949999999999999
F21.1,67,3.35,0.8025
F21.1,68,3.4,0.81
F21.1,69,3.45,0.8175
F21.1,70,3.5,0.825
F21.1,71,3.55,0.8325
F21.1,72,3.6,0.8400000000000001
F21.1,73,3.65,0.8475
F21.1,74,3.7,0.855
F21.1,75,3.75,0.8625
F21.1,76,3.8,0.87
F21.1,77,3.85,0.8775000000000001
F21.1,78,3.9,0.885
F21.1,79,3.95,0.8925000000000001
F21.1,80,4.0,0.9
F21.1,81,4.05,0.904999999999999
F21.1,82,4.1,0.909999999999999
F21.1,83,4.15,0.914999999999999
F21.1,84,4.2,0.919999999999999
F21.1,85,4.25,0.924999999999999
F21.1,86,4.3,0.929999999999999
F21.1,87,4.35,0.9349999999999988
F21.1,88,4.4,0.939999999999999
F21.1,89,4.44999999999999,0.9449999999999992
F21.1,90,4.49999999999999,0.9499999999999992
F21.1,91,4.54999999999999,0.954999999999999
F21.1,92,4.59999999999999,0.959999999999999
F21.1,93,4.64999999999999,0.964999999999999
F21.1,94,4.69999999999999,0.9699999999999992
F21.1,95,4.74999999999999,0.974999999999999
F21.1,96,4.79999999999999,0.979999999999999
F21.1,97,4.84999999999999,0.984999999999999
F21.1,98,4.89999999999999,0.989999999999999
F21.1,99,4.94999999999999,0.994999999999999
F21.1,100,4.99999999999999,0.999999999999999
F21.1,101,5.04999999999999,1.0
F21.1,102,5.09999999999999,1.0
F21.1,103,5.14999999999999,1.0
F21.1,104,5.19999999999999,1.0
F21.1,105,5.24999999999999,1.0
F21.1,106,5.29999999999999,1.0
F21.1,107,5.34999999999999,1.0
F21.1,108,5.39999999999999,1.0
F21.1,109,5.44999999999999,1.0
F21.1,110,5.49999999999999,1.0
F21.1,111,5.54999999999999,1.0
F21.1,112,5.59999999999999,1.0
F21.1,113,5.64999999999999,1.0
F21.1,114,5.69999999999999,1.0
F21.1,115,5.74999999999999,1.0
F21.1,116,5.79999999999999,1.0
F21.1,117,5.84999999999999,1.0
F21.1,118,5.89999999999999,1.0
F21.1,119,5.94999999999999,1.0
F21.1,120,5.99999999999999,1.0
F21.10,0,0.0,0.0
F21.10,1,0.05,0.0025
F21.10,2,0.1,0.005
F21.10,3,0.15,0.0075
F21.10,4,0.2,0.01
F21.10,5,0.25,0.0125
F21.10,6,0.3,0.015
F21.10,7,0.35,0.0175
F21.10,8,0.4,0.02
F21.10,9,0.45,0.0225
F21.10,10,0.5,0.025
F21.10,11,0.55,0.0275
F21.10,12,0.6,0.03
F21.10,13,0.65,0.0325
F21.10,14,0.7,0.035
F21.10,15,0.75,0.0375
F21.10,16,0.8,0.04
F21.10,17,0.85,0.0425
F21.10,18,0.9,0.045
F21.10,19,0.95,0.0475
F21.10,20,1.0,0.0499999999999999
F21.10,21,1.05,0.053
F21.10,22,1.1,0.056
F21.10,23,1.15,0.0589999999999999
F21.10,24,1.2,0.0619999999999999
F21.10,25,1.25,0.065
F21.10,26,1.3,0.068
F21.10,27,1.35,0.071
F21.10,28,1.4,0.074
F21.10,29,1.45,0.077
F21.10,30,1.5,0.08
F21.10,31,1.55,0.0829999999999999
F21.10,32,1.6,0.086
F21.10,33,1.65,0.089
F21.10,34,1.7,0.092
F21.10,35,1.75,0.095
F21.10,36,1.8,0.0979999999999999
F21.10,37,1.85,0.1009999999999999
F21.10,38,1.9,0.104
F21.10,39,1.95,0.107
F21.10,40,2.0,0.1099999999999999
F21.10,41,2.05,0.1219999999999998
F21.10,42,2.1,0.134
F21.10,43,2.15,0.1459999999999999
F21.10,44,2.2,0.158
F21.10,45,2.25,0.1699999999999999
F21.10,46,2.3,0.1819999999999999
F21.10,47,2.35,0.1939999999999999
F21.10,48,2.4,0.2059999999999999
F21.10,49,2.45,0.2179999999999999
F21.10,50,2.5,0.2299999999999999
F21.10,51,2.55,0.2419999999999998
F21.10,52,2.6,0.254
F21.10,53,2.65,0.2659999999999999
F21.10,54,2.7,0.2779999999999999
F21.10,55,2.75,0.2899999999999999
F21.10,56,2.8,0.3019999999999999
F21.10,57,2.85,0.3139999999999999
F21.10,58,2.9,0.3259999999999999
F21.10,59,2.95,0.3379999999999999
F21.10,60,3.0,0.35
F21.10,61,3.05,0.3664999999999999
F21.10,62,3.1,0.3829999999999999
F21.10,63,3.15,0.3995000000000001
F21.10,64,3.2,0.416
F21.10,65,3.25,0.4325
F21.10,66,3.3,0.4489999999999999
F21.10,67,3.35,0.4654999999999999
F21.10,68,3.4,0.4819999999999999
F21.10,69,3.45,0.4985
F21.10,70,3.5,0.515
F21.10,71,3.55,0.5315
F21.10,72,3.6,0.5479999999999999
F21.10,73,3.65,0.5644999999999999
F21.10,74,3.7,0.5810000000000001
F21.10,75,3.75,0.5975
F21.10,76,3.8,0.614
F21.10,77,3.85,0.6305
F21.10,78,3.9,0.6469999999999999
F21.10,79,3.95,0.6635000000000001
F21.10,80,4.0,0.68
F21.10,81,4.05,0.6960000000000001
F21.10,82,4.1,0.7119999999999999
F21.10,83,4.15,0.7280000000000003
F21.10,84,4.2,0.7440000000000001
F21.10,85,4.25,0.7600000000000001
F21.10,86,4.3,0.7760000000000001
F21.10,87,4.35,0.7919999999999999
F21.10,88,4.4,0.8080000000000002
F21.10,89,4.44999999999999,0.8240000000000002
F21.10,90,4.49999999999999,0.8400000000000002
F21.10,91,4.54999999999999,0.856
F21.10,92,4.59999999999999,0.872
F21.10,93,4.64999999999999,0.8880000000000002
F21.10,94,4.69999999999999,0.904
F21.10,95,4.74999999999999,0.92
F21.10,96,4.79999999999999,0.936
F21.10,97,4.84999999999999,0.9519999999999998
F21.10,98,4.89999999999999,0.9680000000000004
F21.10,99,4.94999999999999,0.984
F21.10,100,4.99999999999999,1.0
F21.11,0,0.0,0.0
F21.11,1,0.05,0.0225
F21.11,2,0.1,0.045
F21.11,3,0.15,0.0675
F21.11,4,0.2,0.09
F21.11,5,0.25,0.1125
F21.11,6,0.3,0.135
F21.11,7,0.35,0.1575
F21.11,8,0.4,0.18
F21.11,9,0.45,0.2025
F21.11,10,0.5,0.225
F21.11,11,0.55,0.235
F21.11,12,0.6,0.245
F21.11,13,0.65,0.255
F21.11,14,0.7,0.265
F21.11,15,0.75,0.275
F21.11,16,0.8,0.285
F21.11,17,0.85,0.295
F21.11,18,0.9,0.305
F21.11,19,0.95,0.315
F21.11,20,1.0,0.325
F21.11,21,1.05,0.3349999999999999
F21.11,22,1.1,0.345
F21.11,23,1.15,0.355
F21.11,24,1.2,0.365
F21.11,25,1.25,0.375
F21.11,26,1.3,0.385
F21.11,27,1.35,0.395
F21.11,28,1.4,0.405
F21.11,29,1.45,0.415
F21.11,30,1.5,0.425
F21.11,31,1.55,0.4337499999999999
F21.11,32,1.6,0.4425
F21.11,33,1.65,0.45125
F21.11,34,1.7,0.46
F21.11,35,1.75,0.46875
F21.11,36,1.8,0.4775
F21.11,37,1.85,0.4862499999999999
F21.11,38,1.9,0.495
F21.11,39,1.95,0.5037499999999999
F21.11,40,2.0,0.5125
F21.11,41,2.05,0.52125
F21.11,42,2.1,0.53
F21.11,43,2.15,0.5387500000000001
F21.11,44,2.2,0.5475
F21.11,45,2.25,0.5562499999999999
F21.11,46,2.3,0.565
F21.11,47,2.35,0.57375
F21.11,48,2.4,0.5825
F21.11,49,2.45,0.59125
F21.11,50,2.5,0.6
F21.11,51,2.55,0.605
F21.11,52,2.6,0.61
F21.11,53,2.65,0.615
F21.11,54,2.7,0.62
F21.11,55,2.75,0.625
F21.11,56,2.8,0.63
F21.11,57,2.85,0.635
F21.11,58,2.9,0.64
F21.11,59,2.95,0.645
F21.11,60,3.0,0.65
F21.11,61,3.05,0.655
F21.11,62,3.1,0.66
F21.11,63,3.15,0.665
F21.11,64,3.2,0.67
F21.11,65,3.25,0.675
F21.11,66,3.3,0.68
F21.11,67,3.35,0.685
F21.11,68,3.4,0.69
F21.11,69,3.45,0.695
F21.11,70,3.5,0.7
F21.11,71,3.55,0.73
F21.11,72,3.6,0.76
F21.11,73,3.65,0.79
F21.11,74,3.7,0.82
F21.11,75,3.75,0.85
F21.11,76,3.8,0.88
F21.11,77,3.85,0.91
F21.11,78,3.9,0.94
F21.11,79,3.95,0.97
F21.11,80,4.0,1.0
F21.12,0,0.0,0.0
F21.12,1,0.05,0.0761904761904762
F21.12,2,0.1,0.1523809523809524
F21.12,3,0.15,0.2
F21.12,4,0.2,0.2476190476190476
F21.12,5,0.25,0.2666666666666666
F21.12,6,0.3,0.2857142857142857
F21.12,7,0.35,0.3015873015873016
F21.12,8,0.4,0.3174603174603175
F21.12,9,0.45,0.3333333333333333
F21.12,10,0.5,0.3492063492063492
F21.12,11,0.55,0.3650793650793651
F21.12,12,0.6,0.3809523809523809
F21.12,13,0.65,0.4126984126984127
F21.12,14,0.7,0.4444444444444444
F21.12,15,0.75,0.4761904761904762
F21.12,16,0.8,0.507936507936508
F21.12,17,0.85,0.5396825396825398
F21.12,18,0.9,0.5714285714285714
F21.12,19,0.95,0.6031746031746031
F21.12,20,1.0,0.6349206349206349
F21.12,21,1.05,0.6666666666666667
F21.12,22,1.1,0.6984126984126986
F21.12,23,1.15,0.7301587301587302
F21.12,24,1.2,0.7619047619047619
F21.12,25,1.25,0.7777777777777778
F21.12,26,1.3,0.7936507936507937
F21.12,27,1.35,0.8095238095238095
F21.12,28,1.4,0.8253968253968254
F21.12,29,1.45,0.8412698412698412
F21.12,30,1.5,0.8571428571428571
F21.12,31,1.55,0.873015873015873
F21.12,32,1.6,0.888888888888889
F21.12,33,1.65,0.9047619047619048
F21.12,34,1.7,0.9206349206349206
F21.12,35,1.75,0.9365079365079364
F21.12,36,1.8,0.9523809523809524
F21.12,37,1.85,0.953968253968254
F21.12,38,1.9,0.9555555555555556
F21.12,39,1.95,0.9571428571428572
F21.12,40,2.0,0.9587301587301588
F21.12,41,2.05,0.9603174603174602
F21.12,42,2.1,0.961904761904762
F21.12,43,2.15,0.963809523809524
F21.12,44,2.2,0.9657142857142856
F21.12,45,2.25,0.9676190476190476
F21.12,46,2.3,0.9695238095238096
F21.12,47,2.35,0.9714285714285716
F21.12,48,2.4,0.9733333333333334
F21.12,49,2.45,0.9761904761904764
F21.12,50,2.5,0.979047619047619
F21.12,51,2.55,0.9819047619047618
F21.12,52,2.6,0.9847619047619048
F21.12,53,2.65,0.9876190476190476
F21.12,54,2.7,0.9904761904761904
F21.12,55,2.75,0.992063492063492
F21.12,56,2.8,0.9936507936507936
F21.12,57,2.85,0.9952380952380953
F21.12,58,2.9,0.996825396825397
F21.12,59,2.95,0.9984126984126984
F21.12,60,3.0,1.0
F21.13,0,0.0,0.0
F21.13,1,0.05,0.0357142857142857
F21.13,2,0.1,0.0714285714285714
F21.13,3,0.15,0.0892857142857142
F21.13,4,0.2,0.1071428571428571
F21.13,5,0.25,0.125
F21.13,6,0.3,0.1428571428571428
F21.13,7,0.35,0.1785714285714285
F21.13,8,0.4,0.2142857142857142
F21.13,9,0.45,0.25
F21.13,10,0.5,0.2857142857142857
F21.13,11,0.55,0.3214285714285714
F21.13,12,0.6,0.3571428571428571
F21.13,13,0.65,0.3809523809523809
F21.13,14,0.7,0.4047619047619047
F21.13,15,0.75,0.4285714285714286
F21.13,16,0.8,0.4523809523809524
F21.13,17,0.85,0.4761904761904761
F21.13,18,0.9,0.5
F21.13,19,0.95,0.5059523809523809
F21.13,20,1.0,0.511904761904762
F21.13,21,1.05,0.5178571428571428
F21.13,22,1.1,0.5238095238095237
F21.13,23,1.15,0.5297619047619047
F21.13,24,1.2,0.5357142857142857
F21.13,25,1.25,0.5416666666666667
F21.13,26,1.3,0.5476190476190477
F21.13,27,1.35,0.5535714285714286
F21.13,28,1.4,0.5595238095238095
F21.13,29,1.45,0.5654761904761905
F21.13,30,1.5,0.5714285714285714
F21.13,31,1.55,0.5773809523809523
F21.13,32,1.6,0.5833333333333334
F21.13,33,1.65,0.5892857142857143
F21.13,34,1.7,0.5952380952380952
F21.13,35,1.75,0.6011904761904762
F21.13,36,1.8,0.6071428571428571
F21.13,37,1.85,0.613095238095238
F21.13,38,1.9,0.619047619047619
F21.13,39,1.95,0.625
F21.13,40,2.0,0.6309523809523809
F21.13,41,2.05,0.6369047619047619
F21.13,42,2.1,0.6428571428571429
F21.13,43,2.15,0.6488095238095238
F21.13,44,2.2,0.6547619047619048
F21.13,45,2.25,0.6607142857142857
F21.13,46,2.3,0.6666666666666666
F21.13,47,2.35,0.6726190476190477
F21.13,48,2.4,0.6785714285714286
F21.13,49,2.45,0.7083333333333333
F21.13,50,2.5,0.738095238095238
F21.13,51,2.55,0.7678571428571428
F21.13,52,2.6,0.7976190476190476
F21.13,53,2.65,0.8273809523809523
F21.13,54,2.7,0.8571428571428571
F21.13,55,2.75,0.8809523809523808
F21.13,56,2.8,0.9047619047619044
F21.13,57,2.85,0.9285714285714284
F21.13,58,2.9,0.9523809523809522
F21.13,59,2.95,0.976190476190476
F21.13,60,3.0,1.0
F21.2,0,0.0,0.0
F21.2,1,0.05,0.0404907975460122
F21.2,2,0.1,0.0625766871165644
F21.2,3,0.15,0.0846625766871165
F21.2,4,0.2,0.1067484662576687
F21.2,5,0.25,0.1288343558282208
F21.2,6,0.3,0.150920245398773
F21.2,7,0.35,0.1730061349693251
F21.2,8,0.4,0.1950920245398772
F21.2,9,0.45,0.2171779141104294
F21.2,10,0.5,0.2392638036809815
F21.2,11,0.55,0.252760736196319
F21.2,12,0.6,0.2662576687116564
F21.2,13,0.65,0.2797546012269938
F21.2,14,0.7,0.2932515337423312
F21.2,15,0.75,0.3067484662576687
F21.2,16,0.8,0.3202453987730062
F21.2,17,0.85,0.3337423312883435
F21.2,18,0.9,0.347239263803681
F21.2,19,0.95,0.3607361963190184
F21.2,20,1.0,0.3742331288343558
F21.2,21,1.05,0.3834355828220859
F21.2,22,1.1,0.3926380368098159
F21.2,23,1.15,0.4018404907975459
F21.2,24,1.2,0.411042944785276
F21.2,25,1.25,0.4202453987730061
F21.2,26,1.3,0.4294478527607361
F21.2,27,1.35,0.4386503067484663
F21.2,28,1.4,0.4478527607361963
F21.2,29,1.45,0.4570552147239263
F21.2,30,1.5,0.4662576687116564
F21.2,31,1.55,0.4748466257668711
F21.2,32,1.6,0.4834355828220859
F21.2,33,1.65,0.4920245398773006
F21.2,34,1.7,0.5006134969325153
F21.2,35,1.75,0.50920245398773
F21.2,36,1.8,0.5177914110429448
F21.2,37,1.85,0.5263803680981596
F21.2,38,1.9,0.5349693251533743
F21.2,39,1.95,0.5435582822085889
F21.2,40,2.0,0.5521472392638037
F21.2,41,2.05,0.5588957055214724
F21.2,42,2.1,0.5656441717791412
F21.2,43,2.15,0.5723926380368098
F21.2,44,2.2,0.5791411042944786
F21.2,45,2.25,0.5858895705521473
F21.2,46,2.3,0.592638036809816
F21.2,47,2.35,0.5993865030674848
F21.2,48,2.4,0.6061349693251534
F21.2,49,2.45,0.6128834355828221
F21.2,50,2.5,0.6196319018404908
F21.2,51,2.55,0.6263803680981596
F21.2,52,2.6,0.6331288343558282
F21.2,53,2.65,0.639877300613497
F21.2,54,2.7,0.6466257668711657
F21.2,55,2.75,0.6533742331288344
F21.2,56,2.8,0.660122699386503
F21.2,57,2.85,0.6668711656441718
F21.2,58,2.9,0.6736196319018405
F21.2,59,2.95,0.6803680981595093
F21.2,60,3.0,0.6871165644171779
F21.2,61,3.05,0.6938650306748466
F21.2,62,3.1,0.7006134969325154
F21.2,63,3.15,0.7073619631901841
F21.2,64,3.2,0.7141104294478527
F21.2,65,3.25,0.7208588957055215
F21.2,66,3.3,0.7276073619631902
F21.2,67,3.35,0.7343558282208589
F21.2,68,3.4,0.7411042944785275
F21.2,69,3.45,0.7478527607361963
F21.2,70,3.5,0.754601226993865
F21.2,71,3.55,0.7613496932515337
F21.2,72,3.6,0.7680981595092025
F21.2,73,3.65,0.7748466257668711
F21.2,74,3.7,0.7815950920245398
F21.2,75,3.75,0.7883435582822085
F21.2,76,3.8,0.7950920245398773
F21.2,77,3.85,0.8018404907975459
F21.2,78,3.9,0.8085889570552146
F21.2,79,3.95,0.8153374233128834
F21.2,80,4.0,0.8220858895705521
F21.2,81,4.05,0.8263803680981586
F21.2,82,4.1,0.830674846625766
F21.2,83,4.15,0.8349693251533733
F21.2,84,4.2,0.8392638036809807
F21.2,85,4.25,0.8435582822085881
F21.2,86,4.3,0.8478527607361954
F21.2,87,4.35,0.8521472392638028
F21.2,88,4.4,0.8564417177914101
F21.2,89,4.44999999999999,0.8607361963190175
F21.2,90,4.49999999999999,0.8650306748466249
F21.2,91,4.54999999999999,0.8693251533742323
F21.2,92,4.59999999999999,0.8736196319018397
F21.2,93,4.64999999999999,0.877914110429447
F21.2,94,4.69999999999999,0.8822085889570545
F21.2,95,4.74999999999999,0.8865030674846618
F21.2,96,4.79999999999999,0.8907975460122691
F21.2,97,4.84999999999999,0.8950920245398765
F21.2,98,4.89999999999999,0.8993865030674838
F21.2,99,4.94999999999999,0.9036809815950912
F21.2,100,4.99999999999999,0.9079754601226986
F21.2,101,5.04999999999999,0.9125766871165636
F21.2,102,5.09999999999999,0.9171779141104286
F21.2,103,5.14999999999999,0.9217791411042936
F21.2,104,5.19999999999999,0.9263803680981588
F21.2,105,5.24999999999999,0.9309815950920236
F21.2,106,5.29999999999999,0.9355828220858888
F21.2,107,5.34999999999999,0.9401840490797536
F21.2,108,5.39999999999999,0.9447852760736188
F21.2,109,5.44999999999999,0.9493865030674838
F21.2,110,5.49999999999999,0.9539877300613488
F21.2,111,5.54999999999999,0.958588957055214
F21.2,112,5.59999999999999,0.9631901840490787
F21.2,113,5.64999999999999,0.967791411042944
F21.2,114,5.69999999999999,0.972392638036809
F21.2,115,5.74999999999999,0.976993865030674
F21.2,116,5.79999999999999,0.981595092024539
F21.2,117,5.84999999999999,0.986196319018404
F21.2,118,5.89999999999999,0.990797546012269
F21.2,119,5.94999999999999,0.995398773006134
F21.2,120,5.99999999999999,0.9999999999999992
F21.3,0,0.0,0.0
F21.3,1,0.05,0.0611477586608912
F21.3,2,0.1,0.1222955173217824
F21.3,3,0.15,0.1834432759826737
F21.3,4,0.2,0.2445910346435649
F21.3,5,0.25,0.3057387933044562
F21.3,6,0.3,0.3668865519653474
F21.3,7,0.35,0.4280343106262386
F21.3,8,0.4,0.4891820692871299
F21.3,9,0.45,0.5503298279480212
F21.3,10,0.5,0.6114775866089124
F21.3,11,0.55,0.6342829373940649
F21.3,12,0.6,0.6570882881792174
F21.3,13,0.65,0.6798936389643699
F21.3,14,0.7,0.7026989897495224
F21.3,15,0.75,0.7255043405346748
F21.3,16,0.8,0.7483096913198274
F21.3,17,0.85,0.7711150421049799
F21.3,18,0.9,0.7939203928901324
F21.3,19,0.95,0.8167257436752848
F21.3,20,1.0,0.8395310944604374
F21.3,21,1.05,0.8479368307595039
F21.3,22,1.1,0.8563425670585703
F21.3,23,1.15,0.8647483033576366
F21.3,24,1.2,0.8731540396567031
F21.3,25,1.25,0.8815597759557696
F21.3,26,1.3,0.889965512254836
F21.3,27,1.35,0.8983712485539025
F21.3,28,1.4,0.9067769848529688
F21.3,29,1.45,0.9151827211520353
F21.3,30,1.5,0.9235884574511016
F21.3,31,1.55,0.9304268594124137
F21.3,32,1.6,0.9372652613737256
F21.3,33,1.65,0.9441036633350371
F21.3,34,1.7,0.9509420652963492
F21.3,35,1.75,0.957780467257661
F21.3,36,1.8,0.9646188692189728
F21.3,37,1.85,0.9714572711802848
F21.3,38,1.9,0.9782956731415964
F21.3,39,1.95,0.9851340751029084
F21.3,40,2.0,0.9919724770642202
F21.3,41,2.05,0.9923738532110092
F21.3,42,2.1,0.9927752293577982
F21.3,43,2.15,0.9931766055045872
F21.3,44,2.2,0.993577981651376
F21.3,45,2.25,0.9939793577981652
F21.3,46,2.3,0.9943807339449542
F21.3,47,2.35,0.9947821100917432
F21.3,48,2.4,0.995183486238532
F21.3,49,2.45,0.9955848623853212
F21.3,50,2.5,0.99598623853211
F21.3,51,2.55,0.9963876146788992
F21.3,52,2.6,0.996788990825688
F21.3,53,2.65,0.9971903669724772
F21.3,54,2.7,0.997591743119266
F21.3,55,2.75,0.997993119266055
F21.3,56,2.8,0.998394495412844
F21.3,57,2.85,0.998795871559633
F21.3,58,2.9,0.999197247706422
F21.3,59,2.95,0.999598623853211
F21.3,60,3.0,1.0
F21.3,61,3.05,1.0
F21.3,62,3.1,1.0
F21.3,63,3.15,1.0
F21.3,64,3.2,1.0
F21.3,65,3.25,1.0
F21.3,66,3.3,1.0
F21.3,67,3.35,1.0
F21.3,68,3.4,1.0
F21.3,69,3.45,1.0
F21.3,70,3.5,1.0
F21.3,71,3.55,1.0
F21.3,72,3.6,1.0
F21.3,73,3.65,1.0
F21.3,74,3.7,1.0
F21.3,75,3.75,1.0
F21.3,76,3.8,1.0
F21.3,77,3.85,1.0
F21.3,78,3.9,1.0
F21.3,79,3.95,1.0
F21.3,80,4.0,1.0
F21.3,81,4.05,1.0
F21.3,82,4.1,1.0
F21.3,83,4.15,1.0
F21.3,84,4.2,1.0
F21.3,85,4.25,1.0
F21.3,86,4.3,1.0
F21.3,87,4.35,1.0
F21.3,88,4.4,1.0
F21.3,89,4.44999999999999,1.0
F21.3,90,4.49999999999999,1.0
F21.3,91,4.54999999999999,1.0
F21.3,92,4.59999999999999,1.0
F21.3,93,4.64999999999999,1.0
F21.3,94,4.69999999999999,1.0
F21.3,95,4.74999999999999,1.0
F21.3,96,4.79999999999999,1.0
F21.3,97,4.84999999999999,1.0
F21.3,98,4.89999999999999,1.0
F21.3,99,4.94999999999999,1.0
F21.3,100,4.99999999999999,1.0
F21.3,101,5.04999999999999,1.0
F21.3,102,5.09999999999999,1.0
F21.3,103,5.14999999999999,1.0
F21.3,104,5.19999999999999,1.0
F21.3,105,5.24999999999999,1.0
F21.3,106,5.29999999999999,1.0
F21.3,107,5.34999999999999,1.0
F21.3,108,5.39999999999999,1.0
F21.3,109,5.44999999999999,1.0
F21.3,110,5.49999999999999,1.0
F21.3,111,5.54999999999999,1.0
F21.3,112,5.59999999999999,1.0
F21.3,113,5.64999999999999,1.0
F21.3,114,5.69999999999999,1.0
F21.3,115,5.74999999999999,1.0
F21.3,116,5.79999999999999,1.0
F21.3,117,5.84999999999999,1.0
F21.3,118,5.89999999999999,1.0
F21.3,119,5.94999999999999,1.0
F21.3,120,5.99999999999999,1.0
F21.4,0,0.0,0.0
F21.4,1,0.05,0.0376789623183567
F21.4,2,0.1,0.0753579246367135
F21.4,3,0.15,0.1130368869550702
F21.4,4,0.2,0.150715849273427
F21.4,5,0.25,0.1883948115917837
F21.4,6,0.3,0.2260737739101405
F21.4,7,0.35,0.2637527362284972
F21.4,8,0.4,0.3014316985468541
F21.4,9,0.45,0.3391106608652108
F21.4,10,0.5,0.3767896231835675
F21.4,11,0.55,0.3928788227298104
F21.4,12,0.6,0.4089680222760533
F21.4,13,0.65,0.4250572218222962
F21.4,14,0.7,0.4411464213685391
F21.4,15,0.75,0.457235620914782
F21.4,16,0.8,0.4733248204610248
F21.4,17,0.85,0.4894140200072677
F21.4,18,0.9,0.5055032195535106
F21.4,19,0.95,0.5215924190997535
F21.4,20,1.0,0.5376816186459964
F21.4,21,1.05,0.5498471251765525
F21.4,22,1.1,0.5620126317071086
F21.4,23,1.15,0.5741781382376646
F21.4,24,1.2,0.5863436447682208
F21.4,25,1.25,0.5985091512987768
F21.4,26,1.3,0.610674657829333
F21.4,27,1.35,0.6228401643598891
F21.4,28,1.4,0.6350056708904451
F21.4,29,1.45,0.6471711774210012
F21.4,30,1.5,0.6593366839515573
F21.4,31,1.55,0.6696875388062653
F21.4,32,1.6,0.6800383936609732
F21.4,33,1.65,0.6903892485156812
F21.4,34,1.7,0.7007401033703891
F21.4,35,1.75,0.711090958225097
F21.4,36,1.8,0.721441813079805
F21.4,37,1.85,0.7317926679345129
F21.4,38,1.9,0.7421435227892209
F21.4,39,1.95,0.7524943776439288
F21.4,40,2.0,0.7628452324986368
F21.4,41,2.05,0.7688704036651766
F21.4,42,2.1,0.7748955748317164
F21.4,43,2.15,0.7809207459982562
F21.4,44,2.2,0.7869459171647961
F21.4,45,2.25,0.7929710883313359
F21.4,46,2.3,0.7989962594978757
F21.4,47,2.35,0.8050214306644156
F21.4,48,2.4,0.8110466018309553
F21.4,49,2.45,0.8170717729974951
F21.4,50,2.5,0.823096944164035
F21.4,51,2.55,0.8291221153305748
F21.4,52,2.6,0.8351472864971146
F21.4,53,2.65,0.8411724576636543
F21.4,54,2.7,0.8471976288301942
F21.4,55,2.75,0.853222799996734
F21.4,56,2.8,0.8592479711632738
F21.4,57,2.85,0.8652731423298137
F21.4,58,2.9,0.8712983134963534
F21.4,59,2.95,0.8773234846628933
F21.4,60,3.0,0.8833486558294331
F21.4,61,3.05,0.8862739677828787
F21.4,62,3.1,0.8891992797363244
F21.4,63,3.15,0.89212459168977
F21.4,64,3.2,0.8950499036432157
F21.4,65,3.25,0.8979752155966613
F21.4,66,3.3,0.9009005275501069
F21.4,67,3.35,0.9038258395035526
F21.4,68,3.4,0.906751151456998
F21.4,69,3.45,0.9096764634104438
F21.4,70,3.5,0.9126017753638894
F21.4,71,3.55,0.915527087317335
F21.4,72,3.6,0.9184523992707808
F21.4,73,3.65,0.9213777112242264
F21.4,74,3.7,0.924303023177672
F21.4,75,3.75,0.9272283351311176
F21.4,76,3.8,0.9301536470845632
F21.4,77,3.85,0.9330789590380087
F21.4,78,3.9,0.9360042709914544
F21.4,79,3.95,0.9389295829449
F21.4,80,4.0,0.9418548948983456
F21.4,81,4.05,0.9438001191645422
F21.4,82,4.1,0.945745343430739
F21.4,83,4.15,0.9476905676969358
F21.4,84,4.2,0.9496357919631326
F21.4,85,4.25,0.9515810162293294
F21.4,86,4.3,0.9535262404955264
F21.4,87,4.35,0.9554714647617232
F21.4,88,4.4,0.95741668902792
F21.4,89,4.44999999999999,0.9593619132941168
F21.4,90,4.49999999999999,0.9613071375603136
F21.4,91,4.54999999999999,0.9632523618265104
F21.4,92,4.59999999999999,0.9651975860927072
F21.4,93,4.64999999999999,0.967142810358904
F21.4,94,4.69999999999999,0.9690880346251008
F21.4,95,4.74999999999999,0.9710332588912975
F21.4,96,4.79999999999999,0.9729784831574944
F21.4,97,4.84999999999999,0.9749237074236912
F21.4,98,4.89999999999999,0.976868931689888
F21.4,99,4.94999999999999,0.978814155956085
F21.4,100,4.99999999999999,0.9807593802222818
F21.4,101,5.04999999999999,0.9817214112111678
F21.4,102,5.09999999999999,0.9826834422000538
F21.4,103,5.14999999999999,0.9836454731889396
F21.4,104,5.19999999999999,0.9846075041778256
F21.4,105,5.24999999999999,0.9855695351667114
F21.4,106,5.29999999999999,0.9865315661555972
F21.4,107,5.34999999999999,0.9874935971444831
F21.4,108,5.39999999999999,0.9884556281333692
F21.4,109,5.44999999999999,0.989417659122255
F21.4,110,5.49999999999999,0.9903796901111408
F21.4,111,5.54999999999999,0.9913417211000268
F21.4,112,5.59999999999999,0.9923037520889126
F21.4,113,5.64999999999999,0.9932657830777986
F21.4,114,5.69999999999999,0.9942278140666844
F21.4,115,5.74999999999999,0.9951898450555704
F21.4,116,5.79999999999999,0.9961518760444562
F21.4,117,5.84999999999999,0.997113907033342
F21.4,118,5.89999999999999,0.998075938022228
F21.4,119,5.94999999999999,0.999037969011114
F21.4,120,5.99999999999999,0.9999999999999998
F21.5,0,0.0,0.0
F21.5,1,0.05,0.0238953574549085
F21.5,2,0.1,0.0477907149098171
F21.5,3,0.15,0.0716860723647257
F21.5,4,0.2,0.0955814298196343
F21.5,5,0.25,0.1194767872745428
F21.5,6,0.3,0.1433721447294514
F21.5,7,0.35,0.1672675021843599
F21.5,8,0.4,0.1911628596392686
F21.5,9,0.45,0.2150582170941771
F21.5,10,0.5,0.2389535745490857
F21.5,11,0.55,0.2631781852649317
F21.5,12,0.6,0.2874027959807776
F21.5,13,0.65,0.3116274066966236
F21.5,14,0.7,0.3358520174124695
F21.5,15,0.75,0.3600766281283155
F21.5,16,0.8,0.3843012388441615
F21.5,17,0.85,0.4085258495600075
F21.5,18,0.9,0.4327504602758535
F21.5,19,0.95,0.4569750709916994
F21.5,20,1.0,0.4811996817075454
F21.5,21,1.05,0.5004592226798976
F21.5,22,1.1,0.5197187636522499
F21.5,23,1.15,0.5389783046246021
F21.5,24,1.2,0.5582378455969543
F21.5,25,1.25,0.5774973865693066
F21.5,26,1.3,0.5967569275416589
F21.5,27,1.35,0.616016468514011
F21.5,28,1.4,0.6352760094863632
F21.5,29,1.45,0.6545355504587155
F21.5,30,1.5,0.6737950914310677
F21.5,31,1.55,0.6928739156212943
F21.5,32,1.6,0.7119527398115209
F21.5,33,1.65,0.7310315640017474
F21.5,34,1.7,0.750110388191974
F21.5,35,1.75,0.7691892123822005
F21.5,36,1.8,0.788268036572427
F21.5,37,1.85,0.8073468607626536
F21.5,38,1.9,0.8264256849528802
F21.5,39,1.95,0.8455045091431067
F21.5,40,2.0,0.8645833333333333
F21.5,41,2.05,0.8713541666666665
F21.5,42,2.1,0.8781249999999999
F21.5,43,2.15,0.8848958333333332
F21.5,44,2.2,0.8916666666666666
F21.5,45,2.25,0.8984375
F21.5,46,2.3,0.9052083333333332
F21.5,47,2.35,0.9119791666666668
F21.5,48,2.4,0.91875
F21.5,49,2.45,0.9255208333333332
F21.5,50,2.5,0.9322916666666666
F21.5,51,2.55,0.9390625
F21.5,52,2.6,0.9458333333333332
F21.5,53,2.65,0.9526041666666666
F21.5,54,2.7,0.959375
F21.5,55,2.75,0.9661458333333331
F21.5,56,2.8,0.9729166666666668
F21.5,57,2.85,0.9796875
F21.5,58,2.9,0.9864583333333332
F21.5,59,2.95,0.9932291666666668
F21.5,60,3.0,1.0
F21.5,61,3.05,1.0
F21.5,62,3.1,1.0
F21.5,63,3.15,1.0
F21.5,64,3.2,1.0
F21.5,65,3.25,1.0
F21.5,66,3.3,1.0
F21.5,67,3.35,1.0
F21.5,68,3.4,1.0
F21.5,69,3.45,1.0
F21.5,70,3.5,1.0
F21.5,71,3.55,1.0
F21.5,72,3.6,1.0
F21.5,73,3.65,1.0
F21.5,74,3.7,1.0
F21.5,75,3.75,1.0
F21.5,76,3.8,1.0
F21.5,77,3.85,1.0
F21.5,78,3.9,1.0
F21.5,79,3.95,1.0
F21.5,80,4.0,1.0
F21.5,81,4.05,1.0
F21.5,82,4.1,1.0
F21.5,83,4.15,1.0
F21.5,84,4.2,1.0
F21.5,85,4.25,1.0
F21.5,86,4.3,1.0
F21.5,87,4.35,1.0
F21.5,88,4.4,1.0
F21.5,89,4.44999999999999,1.0
F21.5,90,4.49999999999999,1.0
F21.5,91,4.54999999999999,1.0
F21.5,92,4.59999999999999,1.0
F21.5,93,4.64999999999999,1.0
F21.5,94,4.69999999999999,1.0
F21.5,95,4.74999999999999,1.0
F21.5,96,4.79999999999999,1.0
F21.5,97,4.84999999999999,1.0
F21.5,98,4.89999999999999,1.0
F21.5,99,4.94999999999999,1.0
F21.5,100,4.99999999999999,1.0
F21.5,101,5.04999999999999,1.0
F21.5,102,5.09999999999999,1.0
F21.5,103,5.14999999999999,1.0
F21.5,104,5.19999999999999,1.0
F21.5,105,5.24999999999999,1.0
F21.5,106,5.29999999999999,1.0
F21.5,107,5.34999999999999,1.0
F21.5,108,5.39999999999999,1.0
F21.5,109,5.44999999999999,1.0
F21.5,110,5.49999999999999,1.0
F21.5,111,5.54999999999999,1.0
F21.5,112,5.59999999999999,1.0
F21.5,113,5.64999999999999,1.0
F21.5,114,5.69999999999999,1.0
F21.5,115,5.74999999999999,1.0
F21.5,116,5.79999999999999,1.0
F21.5,117,5.84999999999999,1.0
F21.5,118,5.89999999999999,1.0
F21.5,119,5.94999999999999,1.0
F21.5,120,5.99999999999999,1.0
F21.6,0,0.0,0.0
F21.6,1,0.05,0.0323296917604509
F21.6,2,0.1,0.0646593835209018
F21.6,3,0.15,0.0969890752813528
F21.6,4,0.2,0.1293187670418037
F21.6,5,0.25,0.1616484588022547
F21.6,6,0.3,0.1939781505627056
F21.6,7,0.35,0.2263078423231565
F21.6,8,0.4,0.2586375340836075
F21.6,9,0.45,0.2909672258440585
F21.6,10,0.5,0.3232969176045094
F21.6,11,0.55,0.3416201363170251
F21.6,12,0.6,0.3599433550295409
F21.6,13,0.65,0.3782665737420567
F21.6,14,0.7,0.3965897924545724
F21.6,15,0.75,0.4149130111670882
F21.6,16,0.8,0.433236229879604
F21.6,17,0.85,0.4515594485921197
F21.6,18,0.9,0.4698826673046354
F21.6,19,0.95,0.4882058860171512
F21.6,20,1.0,0.506529104729667
F21.6,21,1.05,0.5193357522876079
F21.6,22,1.1,0.5321423998455489
F21.6,23,1.15,0.5449490474034898
F21.6,24,1.2,0.5577556949614308
F21.6,25,1.25,0.5705623425193718
F21.6,26,1.3,0.5833689900773127
F21.6,27,1.35,0.5961756376352537
F21.6,28,1.4,0.6089822851931946
F21.6,29,1.45,0.6217889327511357
F21.6,30,1.5,0.6345955803090766
F21.6,31,1.55,0.6455669879213688
F21.6,32,1.6,0.6565383955336611
F21.6,33,1.65,0.6675098031459532
F21.6,34,1.7,0.6784812107582455
F21.6,35,1.75,0.6894526183705377
F21.6,36,1.8,0.7004240259828299
F21.6,37,1.85,0.7113954335951223
F21.6,38,1.9,0.7223668412074143
F21.6,39,1.95,0.7333382488197067
F21.6,40,2.0,0.7443096564319989
F21.6,41,2.05,0.750298825812865
F21.6,42,2.1,0.7562879951937312
F21.6,43,2.15,0.7622771645745974
F21.6,44,2.2,0.7682663339554635
F21.6,45,2.25,0.7742555033363296
F21.6,46,2.3,0.7802446727171959
F21.6,47,2.35,0.786233842098062
F21.6,48,2.4,0.7922230114789282
F21.6,49,2.45,0.7982121808597944
F21.6,50,2.5,0.8042013502406605
F21.6,51,2.55,0.8101905196215267
F21.6,52,2.6,0.8161796890023929
F21.6,53,2.65,0.822168858383259
F21.6,54,2.7,0.8281580277641252
F21.6,55,2.75,0.8341471971449914
F21.6,56,2.8,0.8401363665258575
F21.6,57,2.85,0.8461255359067237
F21.6,58,2.9,0.8521147052875898
F21.6,59,2.95,0.8581038746684561
F21.6,60,3.0,0.8640930440493222
F21.6,61,3.05,0.867527799691545
F21.6,62,3.1,0.870962555333768
F21.6,63,3.15,0.8743973109759908
F21.6,64,3.2,0.8778320666182137
F21.6,65,3.25,0.8812668222604365
F21.6,66,3.3,0.8847015779026594
F21.6,67,3.35,0.8881363335448823
F21.6,68,3.4,0.8915710891871051
F21.6,69,3.45,0.895005844829328
F21.6,70,3.5,0.8984406004715508
F21.6,71,3.55,0.9018753561137738
F21.6,72,3.6,0.9053101117559966
F21.6,73,3.65,0.9087448673982196
F21.6,74,3.7,0.9121796230404424
F21.6,75,3.75,0.9156143786826652
F21.6,76,3.8,0.919049134324888
F21.6,77,3.85,0.922483889967111
F21.6,78,3.9,0.9259186456093338
F21.6,79,3.95,0.9293534012515569
F21.6,80,4.0,0.9327881568937796
F21.6,81,4.05,0.93503609745254
F21.6,82,4.1,0.9372840380113008
F21.6,83,4.15,0.9395319785700617
F21.6,84,4.2,0.9417799191288224
F21.6,85,4.25,0.9440278596875832
F21.6,86,4.3,0.9462758002463442
F21.6,87,4.35,0.9485237408051048
F21.6,88,4.4,0.9507716813638658
F21.6,89,4.44999999999999,0.9530196219226268
F21.6,90,4.49999999999999,0.9552675624813876
F21.6,91,4.54999999999999,0.9575155030401484
F21.6,92,4.59999999999999,0.9597634435989092
F21.6,93,4.64999999999999,0.96201138415767
F21.6,94,4.69999999999999,0.9642593247164308
F21.6,95,4.74999999999999,0.9665072652751916
F21.6,96,4.79999999999999,0.9687552058339524
F21.6,97,4.84999999999999,0.9710031463927132
F21.6,98,4.89999999999999,0.973251086951474
F21.6,99,4.94999999999999,0.975499027510235
F21.6,100,4.99999999999999,0.977746968068996
F21.6,101,5.04999999999999,0.9788596196655462
F21.6,102,5.09999999999999,0.9799722712620964
F21.6,103,5.14999999999999,0.9810849228586468
F21.6,104,5.19999999999999,0.9821975744551968
F21.6,105,5.24999999999999,0.983310226051747
F21.6,106,5.29999999999999,0.9844228776482972
F21.6,107,5.34999999999999,0.9855355292448472
F21.6,108,5.39999999999999,0.9866481808413976
F21.6,109,5.44999999999999,0.9877608324379478
F21.6,110,5.49999999999999,0.988873484034498
F21.6,111,5.54999999999999,0.989986135631048
F21.6,112,5.59999999999999,0.9910987872275984
F21.6,113,5.64999999999999,0.9922114388241484
F21.6,114,5.69999999999999,0.9933240904206988
F21.6,115,5.74999999999999,0.9944367420172489
F21.6,116,5.79999999999999,0.995549393613799
F21.6,117,5.84999999999999,0.9966620452103492
F21.6,118,5.89999999999999,0.9977746968068996
F21.6,119,5.94999999999999,0.9988873484034496
F21.6,120,5.99999999999999,0.9999999999999998
F21.7,0,0.0,0.0
F21.7,1,0.05,0.005
F21.7,2,0.1,0.01
F21.7,3,0.15,0.015
F21.7,4,0.2,0.02
F21.7,5,0.25,0.025
F21.7,6,0.3,0.03
F21.7,7,0.35,0.0349999999999999
F21.7,8,0.4,0.04
F21.7,9,0.45,0.045
F21.7,10,0.5,0.05
F21.7,11,0.55,0.055
F21.7,12,0.6,0.06
F21.7,13,0.65,0.065
F21.7,14,0.7,0.0699999999999999
F21.7,15,0.75,0.075
F21.7,16,0.8,0.08
F21.7,17,0.85,0.085
F21.7,18,0.9,0.09
F21.7,19,0.95,0.095
F21.7,20,1.0,0.1
F21.7,21,1.05,0.103
F21.7,22,1.1,0.106
F21.7,23,1.15,0.1089999999999999
F21.7,24,1.2,0.1119999999999999
F21.7,25,1.25,0.1149999999999999
F21.7,26,1.3,0.118
F21.7,27,1.35,0.121
F21.7,28,1.4,0.124
F21.7,29,1.45,0.127
F21.7,30,1.5,0.13
F21.7,31,1.55,0.133
F21.7,32,1.6,0.136
F21.7,33,1.65,0.1389999999999999
F21.7,34,1.7,0.142
F21.7,35,1.75,0.145
F21.7,36,1.8,0.148
F21.7,37,1.85,0.151
F21.7,38,1.9,0.154
F21.7,39,1.95,0.157
F21.7,40,2.0,0.16
F21.7,41,2.05,0.1629999999999999
F21.7,42,2.1,0.166
F21.7,43,2.15,0.169
F21.7,44,2.2,0.172
F21.7,45,2.25,0.175
F21.7,46,2.3,0.178
F21.7,47,2.35,0.181
F21.7,48,2.4,0.184
F21.7,49,2.45,0.187
F21.7,50,2.5,0.19
F21.7,51,2.55,0.193
F21.7,52,2.6,0.196
F21.7,53,2.65,0.199
F21.7,54,2.7,0.202
F21.7,55,2.75,0.205
F21.7,56,2.8,0.208
F21.7,57,2.85,0.211
F21.7,58,2.9,0.214
F21.7,59,2.95,0.217
F21.7,60,3.0,0.22
F21.7,61,3.05,0.2395
F21.7,62,3.1,0.2590000000000001
F21.7,63,3.15,0.2784999999999999
F21.7,64,3.2,0.2980000000000002
F21.7,65,3.25,0.3175000000000001
F21.7,66,3.3,0.3369999999999999
F21.7,67,3.35,0.3565
F21.7,68,3.4,0.3760000000000001
F21.7,69,3.45,0.3955000000000002
F21.7,70,3.5,0.415
F21.7,71,3.55,0.4345000000000001
F21.7,72,3.6,0.4540000000000002
F21.7,73,3.65,0.4735
F21.7,74,3.7,0.4930000000000001
F21.7,75,3.75,0.5125000000000002
F21.7,76,3.8,0.532
F21.7,77,3.85,0.5515000000000001
F21.7,78,3.9,0.571
F21.7,79,3.95,0.5905000000000002
F21.7,80,4.0,0.6100000000000001
F21.7,81,4.05,0.6295
F21.7,82,4.1,0.649
F21.7,83,4.15,0.6685000000000003
F21.7,84,4.2,0.6880000000000002
F21.7,85,4.25,0.7075
F21.7,86,4.3,0.7270000000000001
F21.7,87,4.35,0.7464999999999999
F21.7,88,4.4,0.7660000000000002
F21.7,89,4.44999999999999,0.7855000000000001
F21.7,90,4.49999999999999,0.8050000000000002
F21.7,91,4.54999999999999,0.8245
F21.7,92,4.59999999999999,0.8439999999999999
F21.7,93,4.64999999999999,0.8634999999999962
F21.7,94,4.69999999999999,0.8829999999999965
F21.7,95,4.74999999999999,0.9024999999999964
F21.7,96,4.79999999999999,0.9219999999999962
F21.7,97,4.84999999999999,0.9414999999999962
F21.7,98,4.89999999999999,0.960999999999996
F21.7,99,4.94999999999999,0.9804999999999964
F21.7,100,4.99999999999999,0.9999999999999962
F21.7,101,5.04999999999999,1.0
F21.7,102,5.09999999999999,1.0
F21.7,103,5.14999999999999,1.0
F21.7,104,5.19999999999999,1.0
F21.7,105,5.24999999999999,1.0
F21.7,106,5.29999999999999,1.0
F21.7,107,5.34999999999999,1.0
F21.7,108,5.39999999999999,1.0
F21.7,109,5.44999999999999,1.0
F21.7,110,5.49999999999999,1.0
F21.7,111,5.54999999999999,1.0
F21.7,112,5.59999999999999,1.0
F21.7,113,5.64999999999999,1.0
F21.7,114,5.69999999999999,1.0
F21.7,115,5.74999999999999,1.0
F21.7,116,5.79999999999999,1.0
F21.7,117,5.84999999999999,1.0
F21.7,118,5.89999999999999,1.0
F21.7,119,5.94999999999999,1.0
F21.7,120,5.99999999999999,1.0
F21.8,0,0.0,0.0
F21.8,1,0.05,0.02
F21.8,2,0.1,0.04
F21.8,3,0.15,0.06
F21.8,4,0.2,0.08
F21.8,5,0.25,0.1
F21.8,6,0.3,0.12
F21.8,7,0.35,0.14
F21.8,8,0.4,0.16
F21.8,9,0.45,0.18
F21.8,10,0.5,0.2
F21.8,11,0.55,0.2125
F21.8,12,0.6,0.225
F21.8,13,0.65,0.2375
F21.8,14,0.7,0.25
F21.8,15,0.75,0.2608333333333333
F21.8,16,0.8,0.2716666666666666
F21.8,17,0.85,0.2825
F21.8,18,0.9,0.2933333333333333
F21.8,19,0.95,0.3041666666666667
F21.8,20,1.0,0.315
F21.8,21,1.05,0.323
F21.8,22,1.1,0.331
F21.8,23,1.15,0.3405
F21.8,24,1.2,0.35
F21.8,25,1.25,0.36
F21.8,26,1.3,0.37
F21.8,27,1.35,0.3825
F21.8,28,1.4,0.395
F21.8,29,1.45,0.4065
F21.8,30,1.5,0.418
F21.8,31,1.55,0.4242
F21.8,32,1.6,0.4304
F21.8,33,1.65,0.4366
F21.8,34,1.7,0.4427999999999999
F21.8,35,1.75,0.4489999999999999
F21.8,36,1.8,0.4552
F21.8,37,1.85,0.4614
F21.8,38,1.9,0.4675999999999999
F21.8,39,1.95,0.4738
F21.8,40,2.0,0.48
F21.8,41,2.05,0.484
F21.8,42,2.1,0.488
F21.8,43,2.15,0.492
F21.8,44,2.2,0.496
F21.8,45,2.25,0.5
F21.8,46,2.3,0.504
F21.8,47,2.35,0.508
F21.8,48,2.4,0.512
F21.8,49,2.45,0.516
F21.8,50,2.5,0.52
F21.8,51,2.55,0.5245
F21.8,52,2.6,0.529
F21.8,53,2.65,0.5335000000000001
F21.8,54,2.7,0.538
F21.8,55,2.75,0.5425
F21.8,56,2.8,0.5469999999999999
F21.8,57,2.85,0.5514999999999999
F21.8,58,2.9,0.5559999999999999
F21.8,59,2.95,0.5605
F21.8,60,3.0,0.565
F21.8,61,3.05,0.5725
F21.8,62,3.1,0.58
F21.8,63,3.15,0.5874999999999999
F21.8,64,3.2,0.595
F21.8,65,3.25,0.6025
F21.8,66,3.3,0.61
F21.8,67,3.35,0.6174999999999999
F21.8,68,3.4,0.625
F21.8,69,3.45,0.6325000000000001
F21.8,70,3.5,0.64
F21.8,71,3.55,0.6475
F21.8,72,3.6,0.655
F21.8,73,3.65,0.6625000000000001
F21.8,74,3.7,0.67
F21.8,75,3.75,0.6775
F21.8,76,3.8,0.6849999999999999
F21.8,77,3.85,0.6924999999999999
F21.8,78,3.9,0.7
F21.8,79,3.95,0.7075
F21.8,80,4.0,0.715
F21.8,81,4.05,0.7229999999999999
F21.8,82,4.1,0.7309999999999999
F21.8,83,4.15,0.7389999999999999
F21.8,84,4.2,0.747
F21.8,85,4.25,0.755
F21.8,86,4.3,0.763
F21.8,87,4.35,0.7710000000000001
F21.8,88,4.4,0.7790000000000001
F21.8,89,4.44999999999999,0.7870000000000001
F21.8,90,4.49999999999999,0.795
F21.8,91,4.54999999999999,0.802
F21.8,92,4.59999999999999,0.8089999999999999
F21.8,93,4.64999999999999,0.8160000000000001
F21.8,94,4.69999999999999,0.8230000000000001
F21.8,95,4.74999999999999,0.8300000000000001
F21.8,96,4.79999999999999,0.837
F21.8,97,4.84999999999999,0.8440000000000001
F21.8,98,4.89999999999999,0.8510000000000001
F21.8,99,4.94999999999999,0.8580000000000001
F21.8,100,4.99999999999999,0.865
F21.8,101,5.04999999999999,0.87
F21.8,102,5.09999999999999,0.875
F21.8,103,5.14999999999999,0.88
F21.8,104,5.19999999999999,0.885
F21.8,105,5.24999999999999,0.89
F21.8,106,5.29999999999999,0.895
F21.8,107,5.34999999999999,0.9
F21.8,108,5.39999999999999,0.905
F21.8,109,5.44999999999999,0.91
F21.8,110,5.49999999999999,0.915
F21.8,111,5.54999999999999,0.919
F21.8,112,5.59999999999999,0.923
F21.8,113,5.64999999999999,0.927
F21.8,114,5.69999999999999,0.931
F21.8,115,5.74999999999999,0.935
F21.8,116,5.79999999999999,0.939
F21.8,117,5.84999999999999,0.943
F21.8,118,5.89999999999999,0.947
F21.8,119,5.94999999999999,0.951
F21.8,120,5.99999999999999,0.955
F21.8,121,6.04999999999999,0.9582
F21.8,122,6.09999999999999,0.9614
F21.8,123,6.14999999999999,0.9646
F21.8,124,6.19999999999999,0.9678000000000002
F21.8,125,6.24999999999999,0.971
F21.8,126,6.29999999999999,0.9768
F21.8,127,6.34999999999999,0.9826
F21.8,128,6.39999999999999,0.9884
F21.8,129,6.44999999999999,0.9942
F21.8,130,6.49999999999999,1.0
F21.9,0,0.0,0.0
F21.9,1,0.05,0.02
F21.9,2,0.1,0.04
F21.9,3,0.15,0.06
F21.9,4,0.2,0.08
F21.9,5,0.25,0.1
F21.9,6,0.3,0.12
F21.9,7,0.35,0.14
F21.9,8,0.4,0.16
F21.9,9,0.45,0.18
F21.9,10,0.5,0.2
F21.9,11,0.55,0.22
F21.9,12,0.6,0.24
F21.9,13,0.65,0.26
F21.9,14,0.7,0.28
F21.9,15,0.75,0.3
F21.9,16,0.8,0.32
F21.9,17,0.85,0.34
F21.9,18,0.9,0.36
F21.9,19,0.95,0.38
F21.9,20,1.0,0.4
F21.9,21,1.05,0.42
F21.9,22,1.1,0.44
F21.9,23,1.15,0.4599999999999999
F21.9,24,1.2,0.48
F21.9,25,1.25,0.5
F21.9,26,1.3,0.52
F21.9,27,1.35,0.54
F21.9,28,1.4,0.56
F21.9,29,1.45,0.58
F21.9,30,1.5,0.6
F21.9,31,1.55,0.62
F21.9,32,1.6,0.64
F21.9,33,1.65,0.66
F21.9,34,1.7,0.68
F21.9,35,1.75,0.7000000000000001
F21.9,36,1.8,0.72
F21.9,37,1.85,0.74
F21.9,38,1.9,0.76
F21.9,39,1.95,0.78
F21.9,40,2.0,0.8
F21.9,41,2.05,0.8049999999999999
F21.9,42,2.1,0.8099999999999999
F21.9,43,2.15,0.815
F21.9,44,2.2,0.8200000000000001
F21.9,45,2.25,0.825
F21.9,46,2.3,0.83
F21.9,47,2.35,0.835
F21.9,48,2.4,0.84
F21.9,49,2.45,0.845
F21.9,50,2.5,0.85
F21.9,51,2.55,0.855
F21.9,52,2.6,0.86
F21.9,53,2.65,0.865
F21.9,54,2.7,0.87
F21.9,55,2.75,0.875
F21.9,56,2.8,0.88
F21.9,57,2.85,0.885
F21.9,58,2.9,0.8899999999999999
F21.9,59,2.95,0.895
F21.9,60,3.0,0.8999999999999999
F21.9,61,3.05,0.905
F21.9,62,3.1,0.91
F21.9,63,3.15,0.915
F21.9,64,3.2,0.92
F21.9,65,3.25,0.925
F21.9,66,3.3,0.93
F21.9,67,3.35,0.935
F21.9,68,3.4,0.94
F21.9,69,3.45,0.945
F21.9,70,3.5,0.95
F21.9,71,3.55,0.955
F21.9,72,3.6,0.96
F21.9,73,3.65,0.965
F21.9,74,3.7,0.97
F21.9,75,3.75,0.975
F21.9,76,3.8,0.98
F21.9,77,3.85,0.985
F21.9,78,3.9,0.99
F21.9,79,3.95,0.995
F21.9,80,4.0,1.0
F21.9,81,4.05,1.0
F21.9,82,4.1,1.0
F21.9,83,4.15,1.0
F21.9,84,4.2,1.0
F21.9,85,4.25,1.0
F21.9,86,4.3,1.0
F21.9,87,4.35,1.0
F21.9,88,4.4,1.0
F21.9,89,4.44999999999999,1.0
F21.9,90,4.49999999999999,1.0
F21.9,91,4.54999999999999,1.0
F21.9,92,4.59999999999999,1.0
F21.9,93,4.64999999999999,1.0
F21.9,94,4.69999999999999,1.0
F21.9,95,4.74999999999999,1.0
F21.9,96,4.79999999999999,1.0
F21.9,97,4.84999999999999,1.0
F21.9,98,4.89999999999999,1.0
F21.9,99,4.94999999999999,1.0
F21.9,100,4.99999999999999,1.0
F5.1,0,0.0,0.0
F5.1,1,0.05,0.0
F5.1,2,0.1,0.0
F5.1,3,0.15,0.0
F5.1,4,0.2,0.0
F5.1,5,0.25,0.0
F5.1,6,0.3,0.0
F5.1,7,0.35,0.0
F5.1,8,0.4,0.0
F5.1,9,0.45,0.0
F5.1,10,0.5,0.0
F5.1,11,0.55,0.0
F5.1,12,0.6,0.0
F5.1,13,0.65,0.0
F5.1,14,0.7,0.0
F5.1,15,0.75,0.0
F5.1,16,0.8,0.0
F5.1,17,0.85,0.0
F5.1,18,0.9,0.0
F5.1,19,0.95,0.0
F5.1,20,1.0,0.0
F5.1,21,1.05,0.0
F5.1,22,1.1,0.0
F5.1,23,1.15,0.0
F5.1,24,1.2,0.0
F5.1,25,1.25,0.0
F5.1,26,1.3,0.0
F5.1,27,1.35,0.0
F5.1,28,1.4,0.0
F5.1,29,1.45,0.0
F5.1,30,1.5,0.0
F5.1,31,1.55,0.0
F5.1,32,1.6,0.0
F5.1,33,1.65,0.0
F5.1,34,1.7,0.0
F5.1,35,1.75,0.0
F5.1,36,1.8,0.0
F5.1,37,1.85,0.0
F5.1,38,1.9,0.0
F5.1,39,1.95,0.0
F5.1,40,2.0,0.0
F5.1,41,2.05,0.0
F5.1,42,2.1,0.0
F5.1,43,2.15,0.0
F5.1,44,2.2,0.0
F5.1,45,2.25,0.0
F5.1,46,2.3,0.0
F5.1,47,2.35,0.0
F5.1,48,2.4,0.0
F5.1,49,2.45,0.0
F5.1,50,2.5,0.0
F5.1,51,2.55,0.0
F5.1,52,2.6,0.0
F5.1,53,2.65,0.0
F5.1,54,2.7,0.0
F5.1,55,2.75,0.0
F5.1,56,2.8,0.0
F5.1,57,2.85,0.0
F5.1,58,2.9,0.0
F5.1,59,2.95,0.0
F5.1,60,3.0,0.0
F5.1,61,3.05,0.0
F6.1,0,0.0,0.0
F6.1,1,0.05,0.0
F6.1,2,0.1,0.0
F6.1,3,0.15,0.0
F6.1,4,0.2,0.0
F6.1,5,0.25,0.0
F6.1,6,0.3,0.0
F6.1,7,0.35,0.0
F6.1,8,0.4,0.0
F6.1,9,0.45,0.0
F6.1,10,0.5,0.0
F6.1,11,0.55,0.0
F6.1,12,0.6,0.0
F6.1,13,0.65,0.0
F6.1,14,0.7,0.0
F6.1,15,0.75,0.0
F6.1,16,0.8,0.0
F6.1,17,0.85,0.0
F6.1,18,0.9,0.0
F6.1,19,0.95,0.0
F6.1,20,1.0,0.0
F6.1,21,1.05,0.0
F6.1,22,1.1,0.0
F6.1,23,1.15,0.0
F6.1,24,1.2,0.0
F6.1,25,1.25,0.0
F6.1,26,1.3,0.0
F6.1,27,1.35,0.0
F6.1,28,1.4,0.0
F6.1,29,1.45,0.0
F6.1,30,1.5,0.0
F6.1,31,1.55,0.0
F6.1,32,1.6,0.0
F6.1,33,1.65,0.0
F6.1,34,1.7,0.0
F6.1,35,1.75,0.0
F6.1,36,1.8,0.0
F6.1,37,1.85,0.0
F6.1,38,1.9,0.0
F6.1,39,1.95,0.0
F6.1,40,2.0,0.0
F6.1,41,2.05,0.0
F6.1,42,2.1,0.0
F6.1,43,2.15,0.0
F6.1,44,2.2,0.0
F6.1,45,2.25,0.0
F6.1,46,2.3,0.0
F6.1,47,2.35,0.0
F6.1,48,2.4,0.0
F6.1,49,2.45,0.0
F6.1,50,2.5,0.0
F6.1,51,2.55,0.0
F6.1,52,2.6,0.0
F6.1,53,2.65,0.0
F6.1,54,2.7,0.0
F6.1,55,2.75,0.0
F6.1,56,2.8,0.0
F6.1,57,2.85,0.0
F6.1,58,2.9,0.0
F6.1,59,2.95,0.0
F6.1,60,3.0,0.0
F6.1,61,3.05,0.0
F6.2,0,0.0,0.0
F6.2,1,0.05,0.0
F6.2,2,0.1,0.0
F6.2,3,0.15,0.0
F6.2,4,0.2,0.0
F6.2,5,0.25,0.0
F6.2,6,0.3,0.0
F6.2,7,0.35,0.0
F6.2,8,0.4,0.0
F6.2,9,0.45,0.0
F6.2,10,0.5,0.0
F6.2,11,0.55,0.0
F6.2,12,0.6,0.0
F6.2,13,0.65,0.0013254593175853
F6.2,14,0.7,0.0029658792650918
F6.2,15,0.75,0.0046062992125984
F6.2,16,0.8,0.0062467191601049
F6.2,17,0.85,0.0078871391076115
F6.2,18,0.9,0.0095275590551181
F6.2,19,0.95,0.01
F6.2,20,1.0,0.01
F6.2,21,1.05,0.01
F6.2,22,1.1,0.01
F6.2,23,1.15,0.01
F6.2,24,1.2,0.01
F6.2,25,1.25,0.01
F6.2,26,1.3,0.01
F6.2,27,1.35,0.01
F6.2,28,1.4,0.01
F6.2,29,1.45,0.01
F6.2,30,1.5,0.01
F6.2,31,1.55,0.01
F6.2,32,1.6,0.01
F6.2,33,1.65,0.01
F6.2,34,1.7,0.01
F6.2,35,1.75,0.01
F6.2,36,1.8,0.01
F6.2,37,1.85,0.0106955380577427
F6.2,38,1.9,0.0123359580052493
F6.2,39,1.95,0.0139763779527559
F6.2,40,2.0,0.0156167979002624
F6.2,41,2.05,0.017257217847769
F6.2,42,2.1,0.0188976377952755
F6.2,43,2.15,0.02
F6.2,44,2.2,0.02
F6.2,45,2.25,0.02
F6.2,46,2.3,0.02
F6.2,47,2.35,0.02
F6.2,48,2.4,0.02
F6.2,49,2.45,0.02
F6.2,50,2.5,0.02
F6.2,51,2.55,0.02
F6.2,52,2.6,0.02
F6.2,53,2.65,0.02
F6.2,54,2.7,0.02
F6.2,55,2.75,0.02
F6.2,56,2.8,0.02
F6.2,57,2.85,0.02
F6.2,58,2.9,0.02
F6.2,59,2.95,0.02
F6.2,60,3.0,0.02
F6.2,61,3.05,0.02
F6.3,0,0.0,0.0
F6.3,1,0.05,0.04
F6.3,2,0.1,0.08
F6.3,3,0.15,0.12
F6.3,4,0.2,0.16
F6.3,5,0.25,0.2
F6.3,6,0.3,0.24
F6.3,7,0.35,0.269
F6.3,8,0.4,0.286
F6.3,9,0.45,0.303
F6.3,10,0.5,0.32
F6.3,11,0.55,0.337
F6.3,12,0.6,0.354
F6.3,13,0.65,0.371
F6.3,14,0.7,0.388
F6.3,15,0.75,0.405
F6.3,16,0.8,0.422
F6.3,17,0.85,0.439
F6.3,18,0.9,0.456
F6.3,19,0.95,0.473
F6.3,20,1.0,0.49
F6.3,21,1.05,0.507
F6.3,22,1.1,0.524
F6.3,23,1.15,0.541
F6.3,24,1.2,0.558
F6.3,25,1.25,0.5750000000000001
F6.3,26,1.3,0.5920000000000001
F6.3,27,1.35,0.6090000000000001
F6.3,28,1.4,0.626
F6.3,29,1.45,0.643
F6.3,30,1.5,0.66
F6.3,31,1.55,0.677
F6.3,32,1.6,0.6940000000000001
F6.3,33,1.65,0.7110000000000001
F6.3,34,1.7,0.7280000000000001
F6.3,35,1.75,0.7450000000000001
F6.3,36,1.8,0.7620000000000001
F6.3,37,1.85,0.7790000000000001
F6.3,38,1.9,0.796
F6.3,39,1.95,0.8130000000000001
F6.3,40,2.0,0.8300000000000001
F6.3,41,2.05,0.847
F6.3,42,2.1,0.8640000000000001
F6.3,43,2.15,0.881
F6.3,44,2.2,0.8980000000000001
F6.3,45,2.25,0.915
F6.3,46,2.3,0.932
F6.3,47,2.35,0.949
F6.3,48,2.4,0.966
F6.3,49,2.45,0.983
F6.3,50,2.5,1.0
F6.3,51,2.55,1.0
F6.3,52,2.6,1.0
F6.3,53,2.65,1.0
F6.3,54,2.7,1.0
F6.3,55,2.75,1.0
F6.3,56,2.8,1.0
F6.3,57,2.85,1.0
F6.3,58,2.9,1.0
F6.3,59,2.95,1.0
F6.3,60,3.0,1.0
F6.3,61,3.05,1.0
F6.3,62,3.1,1.0
F6.3,63,3.15,1.0
F6.3,64,3.2,1.0
F6.3,65,3.25,1.0
F6.3,66,3.3,1.0
F6.3,67,3.35,1.0
F6.3,68,3.4,1.0
F6.3,69,3.45,1.0
F6.3,70,3.5,1.0
F6.3,71,3.55,1.0
F6.3,72,3.6,1.0
F6.3,73,3.65,1.0
F6.3,74,3.7,1.0
F6.3,75,3.75,1.0
F6.3,76,3.8,1.0
F6.3,77,3.85,1.0
F6.3,78,3.9,1.0
F6.3,79,3.95,1.0
F6.3,80,4.0,1.0
F6.3,81,4.05,1.0
F6.3,82,4.1,1.0
F6.3,83,4.15,1.0
F6.3,84,4.2,1.0
F6.3,85,4.25,1.0
F6.3,86,4.3,1.0
F6.3,87,4.35,1.0
F6.3,88,4.4,1.0
F6.3,89,4.44999999999999,1.0
F6.3,90,4.49999999999999,1.0
F6.3,91,4.54999999999999,1.0
F6.3,92,4.59999999999999,1.0
F6.3,93,4.64999999999999,1.0
F6.3,94,4.69999999999999,1.0
F6.3,95,4.74999999999999,1.0
F6.3,96,4.79999999999999,1.0
F6.3,97,4.84999999999999,1.0
F6.3,98,4.89999999999999,1.0
F6.3,99,4.94999999999999,1.0
F6.3,100,4.99999999999999,1.0
F6.3,101,5.04999999999999,1.0
F6.3,102,5.09999999999999,1.0
F6.3,103,5.14999999999999,1.0
F6.3,104,5.19999999999999,1.0
F6.3,105,5.24999999999999,1.0
F6.3,106,5.29999999999999,1.0
F6.3,107,5.34999999999999,1.0
F6.3,108,5.39999999999999,1.0
F6.3,109,5.44999999999999,1.0
F6.3,110,5.49999999999999,1.0
F6.3,111,5.54999999999999,1.0
F6.3,112,5.59999999999999,1.0
F6.3,113,5.64999999999999,1.0
F6.3,114,5.69999999999999,1.0
F6.3,115,5.74999999999999,1.0
F6.3,116,5.79999999999999,1.0
F6.3,117,5.84999999999999,1.0
F6.3,118,5.89999999999999,1.0
F6.3,119,5.94999999999999,1.0
F6.3,120,5.99999999999999,1.0
F7.1,0,0.0,0.0
F7.1,1,0.05,0.025
F7.1,2,0.1,0.05
F7.1,3,0.15,0.075
F7.1,4,0.2,0.1
F7.1,5,0.25,0.125
F7.1,6,0.3,0.15
F7.1,7,0.35,0.175
F7.1,8,0.4,0.2
F7.1,9,0.45,0.225
F7.1,10,0.5,0.25
F7.1,11,0.55,0.267
F7.1,12,0.6,0.284
F7.1,13,0.65,0.301
F7.1,14,0.7,0.3179999999999999
F7.1,15,0.75,0.3349999999999999
F7.1,16,0.8,0.352
F7.1,17,0.85,0.369
F7.1,18,0.9,0.386
F7.1,19,0.95,0.4029999999999999
F7.1,20,1.0,0.42
F7.1,21,1.05,0.433
F7.1,22,1.1,0.446
F7.1,23,1.15,0.4589999999999999
F7.1,24,1.2,0.472
F7.1,25,1.25,0.485
F7.1,26,1.3,0.498
F7.1,27,1.35,0.511
F7.1,28,1.4,0.524
F7.1,29,1.45,0.537
F7.1,30,1.5,0.55
F7.1,31,1.55,0.56
F7.1,32,1.6,0.5700000000000001
F7.1,33,1.65,0.5800000000000001
F7.1,34,1.7,0.5900000000000001
F7.1,35,1.75,0.6000000000000001
F7.1,36,1.8,0.6100000000000001
F7.1,37,1.85,0.6200000000000001
F7.1,38,1.9,0.63
F7.1,39,1.95,0.64
F7.1,40,2.0,0.65
F7.1,41,2.05,0.6575
F7.1,42,2.1,0.665
F7.1,43,2.15,0.6725
F7.1,44,2.2,0.68
F7.1,45,2.25,0.6875
F7.1,46,2.3,0.695
F7.1,47,2.35,0.7025
F7.1,48,2.4,0.71
F7.1,49,2.45,0.7175
F7.1,50,2.5,0.7250000000000001
F7.1,51,2.55,0.7325
F7.1,52,2.6,0.74
F7.1,53,2.65,0.7475
F7.1,54,2.7,0.7550000000000001
F7.1,55,2.75,0.7625000000000001
F7.1,56,2.8,0.77
F7.1,57,2.85,0.7775000000000001
F7.1,58,2.9,0.785
F7.1,59,2.95,0.7925000000000001
F7.1,60,3.0,0.8
F7.1,61,3.05,0.805
F7.1,62,3.1,0.81
F7.1,63,3.15,0.8150000000000001
F7.1,64,3.2,0.8200000000000001
F7.1,65,3.25,0.8250000000000001
F7.1,66,3.3,0.8300000000000001
F7.1,67,3.35,0.8350000000000001
F7.1,68,3.4,0.8400000000000001
F7.1,69,3.45,0.8450000000000001
F7.1,70,3.5,0.8500000000000001
F7.1,71,3.55,0.855
F7.1,72,3.6,0.8600000000000001
F7.1,73,3.65,0.865
F7.1,74,3.7,0.8700000000000001
F7.1,75,3.75,0.875
F7.1,76,3.8,0.88
F7.1,77,3.85,0.885
F7.1,78,3.9,0.89
F7.1,79,3.95,0.895
F7.1,80,4.0,0.9
F7.1,81,4.05,0.904999999999999
F7.1,82,4.1,0.909999999999999
F7.1,83,4.15,0.914999999999999
F7.1,84,4.2,0.919999999999999
F7.1,85,4.25,0.924999999999999
F7.1,86,4.3,0.929999999999999
F7.1,87,4.35,0.9349999999999988
F7.1,88,4.4,0.939999999999999
F7.1,89,4.44999999999999,0.9449999999999992
F7.1,90,4.49999999999999,0.9499999999999992
F7.1,91,4.54999999999999,0.954999999999999
F7.1,92,4.59999999999999,0.959999999999999
F7.1,93,4.64999999999999,0.964999999999999
F7.1,94,4.69999999999999,0.9699999999999992
F7.1,95,4.74999999999999,0.974999999999999
F7.1,96,4.79999999999999,0.979999999999999
F7.1,97,4.84999999999999,0.984999999999999
F7.1,98,4.89999999999999,0.989999999999999
F7.1,99,4.94999999999999,0.994999999999999
F7.1,100,4.99999999999999,0.999999999999999
F7.1,101,5.04999999999999,1.0
F7.1,102,5.09999999999999,1.0
F7.1,103,5.14999999999999,1.0
F7.1,104,5.19999999999999,1.0
F7.1,105,5.24999999999999,1.0
F7.1,106,5.29999999999999,1.0
F7.1,107,5.34999999999999,1.0
F7.1,108,5.39999999999999,1.0
F7.1,109,5.44999999999999,1.0
F7.1,110,5.49999999999999,1.0
F7.1,111,5.54999999999999,1.0
F7.1,112,5.59999999999999,1.0
F7.1,113,5.64999999999999,1.0
F7.1,114,5.69999999999999,1.0
F7.1,115,5.74999999999999,1.0
F7.1,116,5.79999999999999,1.0
F7.1,117,5.84999999999999,1.0
F7.1,118,5.89999999999999,1.0
F7.1,119,5.94999999999999,1.0
F7.1,120,5.99999999999999,1.0
F7.10,0,0.0,0.0
F7.10,1,0.05,0.014
F7.10,2,0.1,0.028
F7.10,3,0.15,0.042
F7.10,4,0.2,0.056
F7.10,5,0.25,0.07
F7.10,6,0.3,0.084
F7.10,7,0.35,0.098
F7.10,8,0.4,0.112
F7.10,9,0.45,0.126
F7.10,10,0.5,0.14
F7.10,11,0.55,0.154
F7.10,12,0.6,0.168
F7.10,13,0.65,0.182
F7.10,14,0.7,0.196
F7.10,15,0.75,0.21
F7.10,16,0.8,0.224
F7.10,17,0.85,0.238
F7.10,18,0.9,0.252
F7.10,19,0.95,0.266
F7.10,20,1.0,0.28
F7.10,21,1.05,0.289
F7.10,22,1.1,0.298
F7.10,23,1.15,0.307
F7.10,24,1.2,0.316
F7.10,25,1.25,0.3249999999999999
F7.10,26,1.3,0.3339999999999999
F7.10,27,1.35,0.3429999999999999
F7.10,28,1.4,0.352
F7.10,29,1.45,0.361
F7.10,30,1.5,0.37
F7.10,31,1.55,0.379
F7.10,32,1.6,0.388
F7.10,33,1.65,0.397
F7.10,34,1.7,0.406
F7.10,35,1.75,0.415
F7.10,36,1.8,0.424
F7.10,37,1.85,0.433
F7.10,38,1.9,0.4419999999999999
F7.10,39,1.95,0.4509999999999999
F7.10,40,2.0,0.4599999999999999
F7.10,41,2.05,0.469
F7.10,42,2.1,0.478
F7.10,43,2.15,0.487
F7.10,44,2.2,0.496
F7.10,45,2.25,0.505
F7.10,46,2.3,0.514
F7.10,47,2.35,0.523
F7.10,48,2.4,0.532
F7.10,49,2.45,0.541
F7.10,50,2.5,0.5499999999999999
F7.10,51,2.55,0.5589999999999999
F7.10,52,2.6,0.568
F7.10,53,2.65,0.577
F7.10,54,2.7,0.586
F7.10,55,2.75,0.595
F7.10,56,2.8,0.604
F7.10,57,2.85,0.613
F7.10,58,2.9,0.622
F7.10,59,2.95,0.631
F7.10,60,3.0,0.64
F7.10,61,3.05,0.6489999999999999
F7.10,62,3.1,0.6579999999999999
F7.10,63,3.15,0.6669999999999999
F7.10,64,3.2,0.6759999999999999
F7.10,65,3.25,0.6849999999999999
F7.10,66,3.3,0.694
F7.10,67,3.35,0.703
F7.10,68,3.4,0.712
F7.10,69,3.45,0.721
F7.10,70,3.5,0.73
F7.10,71,3.55,0.7389999999999999
F7.10,72,3.6,0.748
F7.10,73,3.65,0.7569999999999999
F7.10,74,3.7,0.766
F7.10,75,3.75,0.7749999999999999
F7.10,76,3.8,0.7839999999999999
F7.10,77,3.85,0.7929999999999999
F7.10,78,3.9,0.8019999999999999
F7.10,79,3.95,0.8109999999999999
F7.10,80,4.0,0.82
F7.10,81,4.05,0.829
F7.10,82,4.1,0.8379999999999999
F7.10,83,4.15,0.847
F7.10,84,4.2,0.856
F7.10,85,4.25,0.865
F7.10,86,4.3,0.8739999999999999
F7.10,87,4.35,0.8829999999999999
F7.10,88,4.4,0.892
F7.10,89,4.44999999999999,0.901
F7.10,90,4.49999999999999,0.91
F7.10,91,4.54999999999999,0.919
F7.10,92,4.59999999999999,0.928
F7.10,93,4.64999999999999,0.936999999999998
F7.10,94,4.69999999999999,0.9459999999999982
F7.10,95,4.74999999999999,0.9549999999999982
F7.10,96,4.79999999999999,0.9639999999999982
F7.10,97,4.84999999999999,0.972999999999998
F7.10,98,4.89999999999999,0.981999999999998
F7.10,99,4.94999999999999,0.9909999999999982
F7.10,100,4.99999999999999,0.9999999999999982
F7.10,101,5.04999999999999,1.0
F7.10,102,5.09999999999999,1.0
F7.10,103,5.14999999999999,1.0
F7.10,104,5.19999999999999,1.0
F7.10,105,5.24999999999999,1.0
F7.10,106,5.29999999999999,1.0
F7.10,107,5.34999999999999,1.0
F7.10,108,5.39999999999999,1.0
F7.10,109,5.44999999999999,1.0
F7.10,110,5.49999999999999,1.0
F7.10,111,5.54999999999999,1.0
F7.10,112,5.59999999999999,1.0
F7.10,113,5.64999999999999,1.0
F7.10,114,5.69999999999999,1.0
F7.10,115,5.74999999999999,1.0
F7.10,116,5.79999999999999,1.0
F7.10,117,5.84999999999999,1.0
F7.10,118,5.89999999999999,1.0
F7.10,119,5.94999999999999,1.0
F7.10,120,5.99999999999999,1.0
F7.11,0,0.0,0.0
F7.11,1,0.05,0.014
F7.11,2,0.1,0.028
F7.11,3,0.15,0.042
F7.11,4,0.2,0.056
F7.11,5,0.25,0.07
F7.11,6,0.3,0.084
F7.11,7,0.35,0.098
F7.11,8,0.4,0.112
F7.11,9,0.45,0.126
F7.11,10,0.5,0.14
F7.11,11,0.55,0.154
F7.11,12,0.6,0.168
F7.11,13,0.65,0.182
F7.11,14,0.7,0.196
F7.11,15,0.75,0.21
F7.11,16,0.8,0.224
F7.11,17,0.85,0.238
F7.11,18,0.9,0.252
F7.11,19,0.95,0.266
F7.11,20,1.0,0.28
F7.11,21,1.05,0.289
F7.11,22,1.1,0.298
F7.11,23,1.15,0.307
F7.11,24,1.2,0.316
F7.11,25,1.25,0.3249999999999999
F7.11,26,1.3,0.3339999999999999
F7.11,27,1.35,0.3429999999999999
F7.11,28,1.4,0.352
F7.11,29,1.45,0.361
F7.11,30,1.5,0.37
F7.11,31,1.55,0.379
F7.11,32,1.6,0.388
F7.11,33,1.65,0.397
F7.11,34,1.7,0.406
F7.11,35,1.75,0.415
F7.11,36,1.8,0.424
F7.11,37,1.85,0.433
F7.11,38,1.9,0.4419999999999999
F7.11,39,1.95,0.4509999999999999
F7.11,40,2.0,0.4599999999999999
F7.11,41,2.05,0.469
F7.11,42,2.1,0.478
F7.11,43,2.15,0.487
F7.11,44,2.2,0.496
F7.11,45,2.25,0.505
F7.11,46,2.3,0.514
F7.11,47,2.35,0.523
F7.11,48,2.4,0.532
F7.11,49,2.45,0.541
F7.11,50,2.5,0.5499999999999999
F7.11,51,2.55,0.5589999999999999
F7.11,52,2.6,0.568
F7.11,53,2.65,0.577
F7.11,54,2.7,0.586
F7.11,55,2.75,0.595
F7.11,56,2.8,0.604
F7.11,57,2.85,0.613
F7.11,58,2.9,0.622
F7.11,59,2.95,0.631
F7.11,60,3.0,0.64
F7.11,61,3.05,0.6489999999999999
F7.11,62,3.1,0.6579999999999999
F7.11,63,3.15,0.6669999999999999
F7.11,64,3.2,0.6759999999999999
F7.11,65,3.25,0.6849999999999999
F7.11,66,3.3,0.694
F7.11,67,3.35,0.703
F7.11,68,3.4,0.712
F7.11,69,3.45,0.721
F7.11,70,3.5,0.73
F7.11,71,3.55,0.7389999999999999
F7.11,72,3.6,0.748
F7.11,73,3.65,0.7569999999999999
F7.11,74,3.7,0.766
F7.11,75,3.75,0.7749999999999999
F7.11,76,3.8,0.7839999999999999
F7.11,77,3.85,0.7929999999999999
F7.11,78,3.9,0.8019999999999999
F7.11,79,3.95,0.8109999999999999
F7.11,80,4.0,0.82
F7.11,81,4.05,0.829
F7.11,82,4.1,0.8379999999999999
F7.11,83,4.15,0.847
F7.11,84,4.2,0.856
F7.11,85,4.25,0.865
F7.11,86,4.3,0.8739999999999999
F7.11,87,4.35,0.8829999999999999
F7.11,88,4.4,0.892
F7.11,89,4.44999999999999,0.901
F7.11,90,4.49999999999999,0.91
F7.11,91,4.54999999999999,0.919
F7.11,92,4.59999999999999,0.928
F7.11,93,4.64999999999999,0.936999999999998
F7.11,94,4.69999999999999,0.9459999999999982
F7.11,95,4.74999999999999,0.9549999999999982
F7.11,96,4.79999999999999,0.9639999999999982
F7.11,97,4.84999999999999,0.972999999999998
F7.11,98,4.89999999999999,0.981999999999998
F7.11,99,4.94999999999999,0.9909999999999982
F7.11,100,4.99999999999999,0.9999999999999982
F7.11,101,5.04999999999999,1.0
F7.11,102,5.09999999999999,1.0
F7.11,103,5.14999999999999,1.0
F7.11,104,5.19999999999999,1.0
F7.11,105,5.24999999999999,1.0
F7.11,106,5.29999999999999,1.0
F7.11,107,5.34999999999999,1.0
F7.11,108,5.39999999999999,1.0
F7.11,109,5.44999999999999,1.0
F7.11,110,5.49999999999999,1.0
F7.11,111,5.54999999999999,1.0
F7.11,112,5.59999999999999,1.0
F7.11,113,5.64999999999999,1.0
F7.11,114,5.69999999999999,1.0
F7.11,115,5.74999999999999,1.0
F7.11,116,5.79999999999999,1.0
F7.11,117,5.84999999999999,1.0
F7.11,118,5.89999999999999,1.0
F7.11,119,5.94999999999999,1.0
F7.11,120,5.99999999999999,1.0
F7.12,0,0.0,0.0
F7.12,1,0.05,0.014
F7.12,2,0.1,0.02
F7.12,3,0.15,0.03
F7.12,4,0.2,0.04
F7.12,5,0.25,0.0737499999999999
F7.12,6,0.3,0.1074999999999999
F7.12,7,0.35,0.14125
F7.12,8,0.4,0.175
F7.12,9,0.45,0.2087499999999999
F7.12,10,0.5,0.2424999999999999
F7.12,11,0.55,0.2762499999999999
F7.12,12,0.6,0.3099999999999999
F7.12,13,0.65,0.3437499999999999
F7.12,14,0.7,0.3774999999999999
F7.12,15,0.75,0.4112499999999999
F7.12,16,0.8,0.445
F7.12,17,0.85,0.4787499999999999
F7.12,18,0.9,0.5124999999999998
F7.12,19,0.95,0.5462499999999999
F7.12,20,1.0,0.58
F7.12,21,1.05,0.592
F7.12,22,1.1,0.604
F7.12,23,1.15,0.6159999999999999
F7.12,24,1.2,0.6279999999999999
F7.12,25,1.25,0.6399999999999999
F7.12,26,1.3,0.6519999999999999
F7.12,27,1.35,0.6639999999999999
F7.12,28,1.4,0.6759999999999999
F7.12,29,1.45,0.688
F7.12,30,1.5,0.7
F7.12,31,1.55,0.709
F7.12,32,1.6,0.718
F7.12,33,1.65,0.727
F7.12,34,1.7,0.736
F7.12,35,1.75,0.745
F7.12,36,1.8,0.754
F7.12,37,1.85,0.763
F7.12,38,1.9,0.772
F7.12,39,1.95,0.781
F7.12,40,2.0,0.79
F7.12,41,2.05,0.79425
F7.12,42,2.1,0.7985
F7.12,43,2.15,0.8027500000000001
F7.12,44,2.2,0.807
F7.12,45,2.25,0.81125
F7.12,46,2.3,0.8155
F7.12,47,2.35,0.81975
F7.12,48,2.4,0.8240000000000001
F7.12,49,2.45,0.82825
F7.12,50,2.5,0.8325
F7.12,51,2.55,0.83675
F7.12,52,2.6,0.841
F7.12,53,2.65,0.8452500000000001
F7.12,54,2.7,0.8495
F7.12,55,2.75,0.85375
F7.12,56,2.8,0.858
F7.12,57,2.85,0.86225
F7.12,58,2.9,0.8665
F7.12,59,2.95,0.87075
F7.12,60,3.0,0.875
F7.12,61,3.05,0.87925
F7.12,62,3.1,0.8835
F7.12,63,3.15,0.88775
F7.12,64,3.2,0.892
F7.12,65,3.25,0.89625
F7.12,66,3.3,0.9005
F7.12,67,3.35,0.90475
F7.12,68,3.4,0.909
F7.12,69,3.45,0.91325
F7.12,70,3.5,0.9175
F7.12,71,3.55,0.92175
F7.12,72,3.6,0.926
F7.12,73,3.65,0.93025
F7.12,74,3.7,0.9345
F7.12,75,3.75,0.93875
F7.12,76,3.8,0.943
F7.12,77,3.85,0.94725
F7.12,78,3.9,0.9515
F7.12,79,3.95,0.95575
F7.12,80,4.0,0.96
F7.12,81,4.05,0.962
F7.12,82,4.1,0.964
F7.12,83,4.15,0.966
F7.12,84,4.2,0.968
F7.12,85,4.25,0.97
F7.12,86,4.3,0.972
F7.12,87,4.35,0.974
F7.12,88,4.4,0.976
F7.12,89,4.44999999999999,0.978
F7.12,90,4.49999999999999,0.98
F7.12,91,4.54999999999999,0.982
F7.12,92,4.59999999999999,0.984
F7.12,93,4.64999999999999,0.986
F7.12,94,4.69999999999999,0.988
F7.12,95,4.74999999999999,0.99
F7.12,96,4.79999999999999,0.992
F7.12,97,4.84999999999999,0.994
F7.12,98,4.89999999999999,0.996
F7.12,99,4.94999999999999,0.998
F7.12,100,4.99999999999999,1.0
F7.13,0,0.0,0.0
F7.13,1,0.05,0.005
F7.13,2,0.1,0.01
F7.13,3,0.15,0.015
F7.13,4,0.2,0.02
F7.13,5,0.25,0.025
F7.13,6,0.3,0.03
F7.13,7,0.35,0.0349999999999999
F7.13,8,0.4,0.04
F7.13,9,0.45,0.045
F7.13,10,0.5,0.05
F7.13,11,0.55,0.055
F7.13,12,0.6,0.06
F7.13,13,0.65,0.065
F7.13,14,0.7,0.0699999999999999
F7.13,15,0.75,0.075
F7.13,16,0.8,0.08
F7.13,17,0.85,0.0849999999999999
F7.13,18,0.9,0.09
F7.13,19,0.95,0.095
F7.13,20,1.0,0.1
F7.13,21,1.05,0.1
F7.13,22,1.1,0.1
F7.13,23,1.15,0.1
F7.13,24,1.2,0.1
F7.13,25,1.25,0.1
F7.13,26,1.3,0.1
F7.13,27,1.35,0.1
F7.13,28,1.4,0.1
F7.13,29,1.45,0.1
F7.13,30,1.5,0.1
F7.13,31,1.55,0.1
F7.13,32,1.6,0.1
F7.13,33,1.65,0.1
F7.13,34,1.7,0.1
F7.13,35,1.75,0.1
F7.13,36,1.8,0.1
F7.13,37,1.85,0.1
F7.13,38,1.9,0.1
F7.13,39,1.95,0.1
F7.13,40,2.0,0.1
F7.13,41,2.05,0.1
F7.13,42,2.1,0.1
F7.13,43,2.15,0.1
F7.13,44,2.2,0.1
F7.13,45,2.25,0.1
F7.13,46,2.3,0.1
F7.13,47,2.35,0.1
F7.13,48,2.4,0.1
F7.13,49,2.45,0.1
F7.13,50,2.5,0.1
F7.13,51,2.55,0.1
F7.13,52,2.6,0.1
F7.13,53,2.65,0.1
F7.13,54,2.7,0.1
F7.13,55,2.75,0.1
F7.13,56,2.8,0.1
F7.13,57,2.85,0.1
F7.13,58,2.9,0.1
F7.13,59,2.95,0.1
F7.13,60,3.0,0.1
F7.13,61,3.05,0.1
F7.13,62,3.1,0.1
F7.13,63,3.15,0.1
F7.13,64,3.2,0.1
F7.13,65,3.25,0.1
F7.13,66,3.3,0.1
F7.13,67,3.35,0.1
F7.13,68,3.4,0.1
F7.13,69,3.45,0.1
F7.13,70,3.5,0.1
F7.13,71,3.55,0.1
F7.13,72,3.6,0.1
F7.13,73,3.65,0.1
F7.13,74,3.7,0.1
F7.13,75,3.75,0.1
F7.13,76,3.8,0.1
F7.13,77,3.85,0.1
F7.13,78,3.9,0.1
F7.13,79,3.95,0.1
F7.13,80,4.0,0.1
F7.13,81,4.05,0.1
F7.13,82,4.1,0.1
F7.13,83,4.15,0.1
F7.13,84,4.2,0.1
F7.13,85,4.25,0.1
F7.13,86,4.3,0.1
F7.13,87,4.35,0.1
F7.13,88,4.4,0.1
F7.13,89,4.44999999999999,0.1
F7.13,90,4.49999999999999,0.1
F7.13,91,4.54999999999999,0.1
F7.13,92,4.59999999999999,0.1
F7.13,93,4.64999999999999,0.1
F7.13,94,4.69999999999999,0.1
F7.13,95,4.74999999999999,0.1
F7.13,96,4.79999999999999,0.1
F7.13,97,4.84999999999999,0.1
F7.13,98,4.89999999999999,0.1
F7.13,99,4.94999999999999,0.1
F7.13,100,4.99999999999999,0.1
F7.2,0,0.0,0.0
F7.2,1,0.05,0.0214436906377204
F7.2,2,0.1,0.0428873812754409
F7.2,3,0.15,0.0643310719131614
F7.2,4,0.2,0.0857747625508819
F7.2,5,0.25,0.1072184531886024
F7.2,6,0.3,0.1286621438263229
F7.2,7,0.35,0.1501058344640434
F7.2,8,0.4,0.1715495251017639
F7.2,9,0.45,0.1929932157394844
F7.2,10,0.5,0.2144369063772049
F7.2,11,0.55,0.2302686567164179
F7.2,12,0.6,0.2461004070556309
F7.2,13,0.65,0.261932157394844
F7.2,14,0.7,0.277763907734057
F7.2,15,0.75,0.29359565807327
F7.2,16,0.8,0.309427408412483
F7.2,17,0.85,0.3252591587516961
F7.2,18,0.9,0.3410909090909091
F7.2,19,0.95,0.3569226594301221
F7.2,20,1.0,0.3727544097693351
F7.2,21,1.05,0.3958724559023067
F7.2,22,1.1,0.4189905020352782
F7.2,23,1.15,0.4421085481682496
F7.2,24,1.2,0.4652265943012211
F7.2,25,1.25,0.4883446404341927
F7.2,26,1.3,0.5114626865671642
F7.2,27,1.35,0.5345807327001357
F7.2,28,1.4,0.5576987788331071
F7.2,29,1.45,0.5808168249660787
F7.2,30,1.5,0.6039348710990502
F7.2,31,1.55,0.6145072930800543
F7.2,32,1.6,0.6250797150610584
F7.2,33,1.65,0.6356521370420624
F7.2,34,1.7,0.6462245590230665
F7.2,35,1.75,0.6567969810040706
F7.2,36,1.8,0.6673694029850746
F7.2,37,1.85,0.6779418249660788
F7.2,38,1.9,0.6885142469470827
F7.2,39,1.95,0.6990866689280869
F7.2,40,2.0,0.709659090909091
F7.2,41,2.05,0.7145965909090909
F7.2,42,2.1,0.7195340909090909
F7.2,43,2.15,0.724471590909091
F7.2,44,2.2,0.729409090909091
F7.2,45,2.25,0.7343465909090909
F7.2,46,2.3,0.739284090909091
F7.2,47,2.35,0.744221590909091
F7.2,48,2.4,0.7491590909090909
F7.2,49,2.45,0.754096590909091
F7.2,50,2.5,0.7590340909090909
F7.2,51,2.55,0.763971590909091
F7.2,52,2.6,0.768909090909091
F7.2,53,2.65,0.7738465909090909
F7.2,54,2.7,0.778784090909091
F7.2,55,2.75,0.783721590909091
F7.2,56,2.8,0.7886590909090909
F7.2,57,2.85,0.793596590909091
F7.2,58,2.9,0.798534090909091
F7.2,59,2.95,0.803471590909091
F7.2,60,3.0,0.808409090909091
F7.2,61,3.05,0.812346590909091
F7.2,62,3.1,0.8162840909090909
F7.2,63,3.15,0.820221590909091
F7.2,64,3.2,0.824159090909091
F7.2,65,3.25,0.8280965909090909
F7.2,66,3.3,0.832034090909091
F7.2,67,3.35,0.835971590909091
F7.2,68,3.4,0.8399090909090909
F7.2,69,3.45,0.843846590909091
F7.2,70,3.5,0.847784090909091
F7.2,71,3.55,0.8517215909090909
F7.2,72,3.6,0.855659090909091
F7.2,73,3.65,0.8595965909090909
F7.2,74,3.7,0.863534090909091
F7.2,75,3.75,0.867471590909091
F7.2,76,3.8,0.8714090909090909
F7.2,77,3.85,0.875346590909091
F7.2,78,3.9,0.879284090909091
F7.2,79,3.95,0.883221590909091
F7.2,80,4.0,0.887159090909091
F7.2,81,4.05,0.8912386363636355
F7.2,82,4.1,0.895318181818181
F7.2,83,4.15,0.8993977272727265
F7.2,84,4.2,0.903477272727272
F7.2,85,4.25,0.9075568181818174
F7.2,86,4.3,0.9116363636363628
F7.2,87,4.35,0.9157159090909084
F7.2,88,4.4,0.9197954545454538
F7.2,89,4.44999999999999,0.9238749999999992
F7.2,90,4.49999999999999,0.9279545454545448
F7.2,91,4.54999999999999,0.93203409090909
F7.2,92,4.59999999999999,0.9361136363636356
F7.2,93,4.64999999999999,0.940193181818181
F7.2,94,4.69999999999999,0.9442727272727264
F7.2,95,4.74999999999999,0.948352272727272
F7.2,96,4.79999999999999,0.9524318181818174
F7.2,97,4.84999999999999,0.9565113636363628
F7.2,98,4.89999999999999,0.9605909090909084
F7.2,99,4.94999999999999,0.9646704545454536
F7.2,100,4.99999999999999,0.9687499999999992
F7.2,101,5.04999999999999,0.9703124999999996
F7.2,102,5.09999999999999,0.9718749999999996
F7.2,103,5.14999999999999,0.9734374999999996
F7.2,104,5.19999999999999,0.9749999999999996
F7.2,105,5.24999999999999,0.9765624999999996
F7.2,106,5.29999999999999,0.9781249999999996
F7.2,107,5.34999999999999,0.9796874999999996
F7.2,108,5.39999999999999,0.9812499999999996
F7.2,109,5.44999999999999,0.9828124999999996
F7.2,110,5.49999999999999,0.9843749999999996
F7.2,111,5.54999999999999,0.9859374999999996
F7.2,112,5.59999999999999,0.9874999999999996
F7.2,113,5.64999999999999,0.9890624999999996
F7.2,114,5.69999999999999,0.9906249999999996
F7.2,115,5.74999999999999,0.9921874999999996
F7.2,116,5.79999999999999,0.9937499999999996
F7.2,117,5.84999999999999,0.9953124999999996
F7.2,118,5.89999999999999,0.9968749999999996
F7.2,119,5.94999999999999,0.9984374999999996
F7.2,120,5.99999999999999,0.9999999999999996
F7.3,0,0.0,0.0
F7.3,1,0.05,0.0232218453188602
F7.3,2,0.1,0.0464436906377205
F7.3,3,0.15,0.0696655359565807
F7.3,4,0.2,0.092887381275441
F7.3,5,0.25,0.1161092265943012
F7.3,6,0.3,0.1393310719131614
F7.3,7,0.35,0.1625529172320217
F7.3,8,0.4,0.185774762550882
F7.3,9,0.45,0.2089966078697422
F7.3,10,0.5,0.2322184531886024
F7.3,11,0.55,0.2486343283582089
F7.3,12,0.6,0.2650502035278155
F7.3,13,0.65,0.281466078697422
F7.3,14,0.7,0.2978819538670285
F7.3,15,0.75,0.314297829036635
F7.3,16,0.8,0.3307137042062415
F7.3,17,0.85,0.347129579375848
F7.3,18,0.9,0.3635454545454545
F7.3,19,0.95,0.379961329715061
F7.3,20,1.0,0.3963772048846675
F7.3,21,1.05,0.4144362279511533
F7.3,22,1.1,0.4324952510176391
F7.3,23,1.15,0.4505542740841248
F7.3,24,1.2,0.4686132971506105
F7.3,25,1.25,0.4866723202170963
F7.3,26,1.3,0.504731343283582
F7.3,27,1.35,0.5227903663500679
F7.3,28,1.4,0.5408493894165536
F7.3,29,1.45,0.5589084124830394
F7.3,30,1.5,0.5769674355495251
F7.3,31,1.55,0.5872536465400272
F7.3,32,1.6,0.5975398575305292
F7.3,33,1.65,0.6078260685210313
F7.3,34,1.7,0.6181122795115332
F7.3,35,1.75,0.6283984905020353
F7.3,36,1.8,0.6386847014925374
F7.3,37,1.85,0.6489709124830394
F7.3,38,1.9,0.6592571234735415
F7.3,39,1.95,0.6695433344640435
F7.3,40,2.0,0.6798295454545455
F7.3,41,2.05,0.6860482954545455
F7.3,42,2.1,0.6922670454545455
F7.3,43,2.15,0.6984857954545455
F7.3,44,2.2,0.7047045454545455
F7.3,45,2.25,0.7109232954545455
F7.3,46,2.3,0.7171420454545455
F7.3,47,2.35,0.7233607954545456
F7.3,48,2.4,0.7295795454545455
F7.3,49,2.45,0.7357982954545456
F7.3,50,2.5,0.7420170454545455
F7.3,51,2.55,0.7482357954545454
F7.3,52,2.6,0.7544545454545455
F7.3,53,2.65,0.7606732954545454
F7.3,54,2.7,0.7668920454545455
F7.3,55,2.75,0.7731107954545455
F7.3,56,2.8,0.7793295454545455
F7.3,57,2.85,0.7855482954545455
F7.3,58,2.9,0.7917670454545455
F7.3,59,2.95,0.7979857954545455
F7.3,60,3.0,0.8042045454545454
F7.3,61,3.05,0.8086732954545455
F7.3,62,3.1,0.8131420454545455
F7.3,63,3.15,0.8176107954545454
F7.3,64,3.2,0.8220795454545454
F7.3,65,3.25,0.8265482954545454
F7.3,66,3.3,0.8310170454545455
F7.3,67,3.35,0.8354857954545455
F7.3,68,3.4,0.8399545454545454
F7.3,69,3.45,0.8444232954545454
F7.3,70,3.5,0.8488920454545454
F7.3,71,3.55,0.8533607954545455
F7.3,72,3.6,0.8578295454545455
F7.3,73,3.65,0.8622982954545454
F7.3,74,3.7,0.8667670454545454
F7.3,75,3.75,0.8712357954545454
F7.3,76,3.8,0.8757045454545455
F7.3,77,3.85,0.8801732954545455
F7.3,78,3.9,0.8846420454545454
F7.3,79,3.95,0.8891107954545454
F7.3,80,4.0,0.8935795454545454
F7.3,81,4.05,0.8981193181818172
F7.3,82,4.1,0.90265909090909
F7.3,83,4.15,0.9071988636363628
F7.3,84,4.2,0.9117386363636356
F7.3,85,4.25,0.9162784090909082
F7.3,86,4.3,0.9208181818181808
F7.3,87,4.35,0.9253579545454536
F7.3,88,4.4,0.9298977272727263
F7.3,89,4.44999999999999,0.9344374999999993
F7.3,90,4.49999999999999,0.9389772727272718
F7.3,91,4.54999999999999,0.9435170454545444
F7.3,92,4.59999999999999,0.9480568181818172
F7.3,93,4.64999999999999,0.95259659090909
F7.3,94,4.69999999999999,0.9571363636363628
F7.3,95,4.74999999999999,0.9616761363636356
F7.3,96,4.79999999999999,0.9662159090909082
F7.3,97,4.84999999999999,0.9707556818181808
F7.3,98,4.89999999999999,0.9752954545454536
F7.3,99,4.94999999999999,0.9798352272727264
F7.3,100,4.99999999999999,0.9843749999999992
F7.3,101,5.04999999999999,0.9851562499999998
F7.3,102,5.09999999999999,0.9859374999999998
F7.3,103,5.14999999999999,0.98671875
F7.3,104,5.19999999999999,0.9874999999999998
F7.3,105,5.24999999999999,0.98828125
F7.3,106,5.29999999999999,0.9890624999999998
F7.3,107,5.34999999999999,0.9898437499999998
F7.3,108,5.39999999999999,0.990625
F7.3,109,5.44999999999999,0.9914062499999998
F7.3,110,5.49999999999999,0.9921875
F7.3,111,5.54999999999999,0.9929687499999998
F7.3,112,5.59999999999999,0.9937499999999998
F7.3,113,5.64999999999999,0.99453125
F7.3,114,5.69999999999999,0.9953124999999998
F7.3,115,5.74999999999999,0.99609375
F7.3,116,5.79999999999999,0.9968749999999998
F7.3,117,5.84999999999999,0.9976562499999998
F7.3,118,5.89999999999999,0.9984375
F7.3,119,5.94999999999999,0.9992187499999998
F7.3,120,5.99999999999999,1.0
F7.4,0,0.0,0.0
F7.4,1,0.05,0.001
F7.4,2,0.1,0.002
F7.4,3,0.15,0.003
F7.4,4,0.2,0.004
F7.4,5,0.25,0.005
F7.4,6,0.3,0.006
F7.4,7,0.35,0.0069999999999999
F7.4,8,0.4,0.008
F7.4,9,0.45,0.009
F7.4,10,0.5,0.01
F7.4,11,0.55,0.012
F7.4,12,0.6,0.0139999999999999
F7.4,13,0.65,0.016
F7.4,14,0.7,0.0179999999999999
F7.4,15,0.75,0.0199999999999999
F7.4,16,0.8,0.022
F7.4,17,0.85,0.0239999999999999
F7.4,18,0.9,0.0259999999999999
F7.4,19,0.95,0.0279999999999999
F7.4,20,1.0,0.03
F7.4,21,1.05,0.0345
F7.4,22,1.1,0.039
F7.4,23,1.15,0.0434999999999999
F7.4,24,1.2,0.0479999999999999
F7.4,25,1.25,0.0525
F7.4,26,1.3,0.057
F7.4,27,1.35,0.0615
F7.4,28,1.4,0.0659999999999999
F7.4,29,1.45,0.0705
F7.4,30,1.5,0.075
F7.4,31,1.55,0.0775
F7.4,32,1.6,0.08
F7.4,33,1.65,0.0824999999999999
F7.4,34,1.7,0.0849999999999999
F7.4,35,1.75,0.0875
F7.4,36,1.8,0.09
F7.4,37,1.85,0.0925
F7.4,38,1.9,0.095
F7.4,39,1.95,0.0975
F7.4,40,2.0,0.1
F7.4,41,2.05,0.10125
F7.4,42,2.1,0.1025
F7.4,43,2.15,0.10375
F7.4,44,2.2,0.105
F7.4,45,2.25,0.10625
F7.4,46,2.3,0.1075
F7.4,47,2.35,0.10875
F7.4,48,2.4,0.11
F7.4,49,2.45,0.11125
F7.4,50,2.5,0.1125
F7.4,51,2.55,0.11375
F7.4,52,2.6,0.115
F7.4,53,2.65,0.11625
F7.4,54,2.7,0.1175
F7.4,55,2.75,0.11875
F7.4,56,2.8,0.12
F7.4,57,2.85,0.12125
F7.4,58,2.9,0.1225
F7.4,59,2.95,0.12375
F7.4,60,3.0,0.125
F7.4,61,3.05,0.12625
F7.4,62,3.1,0.1275
F7.4,63,3.15,0.12875
F7.4,64,3.2,0.13
F7.4,65,3.25,0.13125
F7.4,66,3.3,0.1325
F7.4,67,3.35,0.13375
F7.4,68,3.4,0.135
F7.4,69,3.45,0.13625
F7.4,70,3.5,0.1375
F7.4,71,3.55,0.13875
F7.4,72,3.6,0.14
F7.4,73,3.65,0.14125
F7.4,74,3.7,0.1425
F7.4,75,3.75,0.14375
F7.4,76,3.8,0.145
F7.4,77,3.85,0.14625
F7.4,78,3.9,0.1475
F7.4,79,3.95,0.14875
F7.4,80,4.0,0.15
F7.4,81,4.05,0.1512499999999997
F7.4,82,4.1,0.1524999999999997
F7.4,83,4.15,0.1537499999999997
F7.4,84,4.2,0.1549999999999997
F7.4,85,4.25,0.1562499999999997
F7.4,86,4.3,0.1574999999999997
F7.4,87,4.35,0.1587499999999997
F7.4,88,4.4,0.1599999999999997
F7.4,89,4.44999999999999,0.1612499999999997
F7.4,90,4.49999999999999,0.1624999999999997
F7.4,91,4.54999999999999,0.1637499999999997
F7.4,92,4.59999999999999,0.1649999999999997
F7.4,93,4.64999999999999,0.1662499999999997
F7.4,94,4.69999999999999,0.1674999999999997
F7.4,95,4.74999999999999,0.1687499999999997
F7.4,96,4.79999999999999,0.1699999999999997
F7.4,97,4.84999999999999,0.1712499999999997
F7.4,98,4.89999999999999,0.1724999999999997
F7.4,99,4.94999999999999,0.1737499999999997
F7.4,100,4.99999999999999,0.1749999999999997
F7.4,101,5.04999999999999,0.1762499999999997
F7.4,102,5.09999999999999,0.1774999999999997
F7.4,103,5.14999999999999,0.1787499999999997
F7.4,104,5.19999999999999,0.1799999999999997
F7.4,105,5.24999999999999,0.1812499999999997
F7.4,106,5.29999999999999,0.1824999999999997
F7.4,107,5.34999999999999,0.1837499999999997
F7.4,108,5.39999999999999,0.1849999999999997
F7.4,109,5.44999999999999,0.1862499999999997
F7.4,110,5.49999999999999,0.1874999999999997
F7.4,111,5.54999999999999,0.1887499999999997
F7.4,112,5.59999999999999,0.1899999999999997
F7.4,113,5.64999999999999,0.1912499999999997
F7.4,114,5.69999999999999,0.1924999999999997
F7.4,115,5.74999999999999,0.1937499999999997
F7.4,116,5.79999999999999,0.1949999999999997
F7.4,117,5.84999999999999,0.1962499999999997
F7.4,118,5.89999999999999,0.1974999999999997
F7.4,119,5.94999999999999,0.1987499999999997
F7.4,120,5.99999999999999,0.1999999999999997
F7.5,0,0.0,0.0
F7.5,1,0.05,0.002
F7.5,2,0.1,0.004
F7.5,3,0.15,0.006
F7.5,4,0.2,0.008
F7.5,5,0.25,0.01
F7.5,6,0.3,0.012
F7.5,7,0.35,0.0139999999999999
F7.5,8,0.4,0.016
F7.5,9,0.45,0.018
F7.5,10,0.5,0.02
F7.5,11,0.55,0.024
F7.5,12,0.6,0.0279999999999999
F7.5,13,0.65,0.032
F7.5,14,0.7,0.0359999999999999
F7.5,15,0.75,0.0399999999999999
F7.5,16,0.8,0.044
F7.5,17,0.85,0.0479999999999999
F7.5,18,0.9,0.0519999999999999
F7.5,19,0.95,0.0559999999999999
F7.5,20,1.0,0.06
F7.5,21,1.05,0.064
F7.5,22,1.1,0.068
F7.5,23,1.15,0.072
F7.5,24,1.2,0.076
F7.5,25,1.25,0.08
F7.5,26,1.3,0.084
F7.5,27,1.35,0.088
F7.5,28,1.4,0.092
F7.5,29,1.45,0.096
F7.5,30,1.5,0.1
F7.5,31,1.55,0.102
F7.5,32,1.6,0.104
F7.5,33,1.65,0.106
F7.5,34,1.7,0.108
F7.5,35,1.75,0.11
F7.5,36,1.8,0.112
F7.5,37,1.85,0.114
F7.5,38,1.9,0.1159999999999999
F7.5,39,1.95,0.118
F7.5,40,2.0,0.12
F7.5,41,2.05,0.12125
F7.5,42,2.1,0.1225
F7.5,43,2.15,0.12375
F7.5,44,2.2,0.125
F7.5,45,2.25,0.12625
F7.5,46,2.3,0.1275
F7.5,47,2.35,0.12875
F7.5,48,2.4,0.13
F7.5,49,2.45,0.13125
F7.5,50,2.5,0.1325
F7.5,51,2.55,0.1337499999999999
F7.5,52,2.6,0.135
F7.5,53,2.65,0.1362499999999999
F7.5,54,2.7,0.1375
F7.5,55,2.75,0.1387499999999999
F7.5,56,2.8,0.1399999999999999
F7.5,57,2.85,0.14125
F7.5,58,2.9,0.1425
F7.5,59,2.95,0.14375
F7.5,60,3.0,0.145
F7.5,61,3.05,0.14625
F7.5,62,3.1,0.1475
F7.5,63,3.15,0.14875
F7.5,64,3.2,0.15
F7.5,65,3.25,0.15125
F7.5,66,3.3,0.1525
F7.5,67,3.35,0.15375
F7.5,68,3.4,0.155
F7.5,69,3.45,0.15625
F7.5,70,3.5,0.1575
F7.5,71,3.55,0.15875
F7.5,72,3.6,0.16
F7.5,73,3.65,0.16125
F7.5,74,3.7,0.1625
F7.5,75,3.75,0.16375
F7.5,76,3.8,0.1649999999999999
F7.5,77,3.85,0.16625
F7.5,78,3.9,0.1674999999999999
F7.5,79,3.95,0.16875
F7.5,80,4.0,0.1699999999999999
F7.5,81,4.05,0.1712499999999997
F7.5,82,4.1,0.1724999999999997
F7.5,83,4.15,0.1737499999999997
F7.5,84,4.2,0.1749999999999997
F7.5,85,4.25,0.1762499999999997
F7.5,86,4.3,0.1774999999999997
F7.5,87,4.35,0.1787499999999997
F7.5,88,4.4,0.1799999999999997
F7.5,89,4.44999999999999,0.1812499999999997
F7.5,90,4.49999999999999,0.1824999999999997
F7.5,91,4.54999999999999,0.1837499999999997
F7.5,92,4.59999999999999,0.1849999999999997
F7.5,93,4.64999999999999,0.1862499999999997
F7.5,94,4.69999999999999,0.1874999999999997
F7.5,95,4.74999999999999,0.1887499999999997
F7.5,96,4.79999999999999,0.1899999999999997
F7.5,97,4.84999999999999,0.1912499999999997
F7.5,98,4.89999999999999,0.1924999999999997
F7.5,99,4.94999999999999,0.1937499999999997
F7.5,100,4.99999999999999,0.1949999999999997
F7.5,101,5.04999999999999,0.1962499999999997
F7.5,102,5.09999999999999,0.1974999999999997
F7.5,103,5.14999999999999,0.1987499999999997
F7.5,104,5.19999999999999,0.1999999999999997
F7.5,105,5.24999999999999,0.2012499999999997
F7.5,106,5.29999999999999,0.2024999999999997
F7.5,107,5.34999999999999,0.2037499999999997
F7.5,108,5.39999999999999,0.2049999999999997
F7.5,109,5.44999999999999,0.2062499999999997
F7.5,110,5.49999999999999,0.2074999999999997
F7.5,111,5.54999999999999,0.2087499999999997
F7.5,112,5.59999999999999,0.2099999999999997
F7.5,113,5.64999999999999,0.2112499999999997
F7.5,114,5.69999999999999,0.2124999999999997
F7.5,115,5.74999999999999,0.2137499999999997
F7.5,116,5.79999999999999,0.2149999999999997
F7.5,117,5.84999999999999,0.2162499999999997
F7.5,118,5.89999999999999,0.2174999999999997
F7.5,119,5.94999999999999,0.2187499999999997
F7.5,120,5.99999999999999,0.2199999999999997
F7.6,0,0.0,0.0
F7.6,1,0.05,0.0002
F7.6,2,0.1,0.0004
F7.6,3,0.15,0.0006
F7.6,4,0.2,0.0008
F7.6,5,0.25,0.001
F7.6,6,0.3,0.0012
F7.6,7,0.35,0.0014
F7.6,8,0.4,0.0016
F7.6,9,0.45,0.0018
F7.6,10,0.5,0.002
F7.6,11,0.55,0.0022
F7.6,12,0.6,0.0024
F7.6,13,0.65,0.0026
F7.6,14,0.7,0.0028
F7.6,15,0.75,0.003
F7.6,16,0.8,0.0032
F7.6,17,0.85,0.0034
F7.6,18,0.9,0.0036
F7.6,19,0.95,0.0038
F7.6,20,1.0,0.004
F7.6,21,1.05,0.0061
F7.6,22,1.1,0.0082
F7.6,23,1.15,0.0102999999999999
F7.6,24,1.2,0.0124
F7.6,25,1.25,0.0145
F7.6,26,1.3,0.0166
F7.6,27,1.35,0.0187
F7.6,28,1.4,0.0208
F7.6,29,1.45,0.0229
F7.6,30,1.5,0.025
F7.6,31,1.55,0.0255
F7.6,32,1.6,0.026
F7.6,33,1.65,0.0265
F7.6,34,1.7,0.027
F7.6,35,1.75,0.0275
F7.6,36,1.8,0.028
F7.6,37,1.85,0.0285
F7.6,38,1.9,0.0289999999999999
F7.6,39,1.95,0.0295
F7.6,40,2.0,0.03
F7.6,41,2.05,0.030125
F7.6,42,2.1,0.03025
F7.6,43,2.15,0.030375
F7.6,44,2.2,0.0305
F7.6,45,2.25,0.030625
F7.6,46,2.3,0.03075
F7.6,47,2.35,0.030875
F7.6,48,2.4,0.031
F7.6,49,2.45,0.031125
F7.6,50,2.5,0.03125
F7.6,51,2.55,0.031375
F7.6,52,2.6,0.0315
F7.6,53,2.65,0.031625
F7.6,54,2.7,0.03175
F7.6,55,2.75,0.031875
F7.6,56,2.8,0.032
F7.6,57,2.85,0.032125
F7.6,58,2.9,0.03225
F7.6,59,2.95,0.032375
F7.6,60,3.0,0.0325
F7.6,61,3.05,0.032625
F7.6,62,3.1,0.03275
F7.6,63,3.15,0.032875
F7.6,64,3.2,0.033
F7.6,65,3.25,0.033125
F7.6,66,3.3,0.03325
F7.6,67,3.35,0.033375
F7.6,68,3.4,0.0335
F7.6,69,3.45,0.033625
F7.6,70,3.5,0.03375
F7.6,71,3.55,0.033875
F7.6,72,3.6,0.034
F7.6,73,3.65,0.034125
F7.6,74,3.7,0.03425
F7.6,75,3.75,0.034375
F7.6,76,3.8,0.0345
F7.6,77,3.85,0.034625
F7.6,78,3.9,0.03475
F7.6,79,3.95,0.034875
F7.6,80,4.0,0.035
F7.6,81,4.05,0.0351249999999999
F7.6,82,4.1,0.0352499999999999
F7.6,83,4.15,0.0353749999999999
F7.6,84,4.2,0.0354999999999999
F7.6,85,4.25,0.0356249999999999
F7.6,86,4.3,0.0357499999999999
F7.6,87,4.35,0.0358749999999999
F7.6,88,4.4,0.0359999999999999
F7.6,89,4.44999999999999,0.0361249999999999
F7.6,90,4.49999999999999,0.0362499999999999
F7.6,91,4.54999999999999,0.0363749999999999
F7.6,92,4.59999999999999,0.0364999999999999
F7.6,93,4.64999999999999,0.0366249999999999
F7.6,94,4.69999999999999,0.0367499999999999
F7.6,95,4.74999999999999,0.0368749999999999
F7.6,96,4.79999999999999,0.0369999999999999
F7.6,97,4.84999999999999,0.0371249999999999
F7.6,98,4.89999999999999,0.0372499999999999
F7.6,99,4.94999999999999,0.0373749999999999
F7.6,100,4.99999999999999,0.0374999999999999
F7.6,101,5.04999999999999,0.0376249999999999
F7.6,102,5.09999999999999,0.0377499999999999
F7.6,103,5.14999999999999,0.0378749999999999
F7.6,104,5.19999999999999,0.0379999999999999
F7.6,105,5.24999999999999,0.0381249999999999
F7.6,106,5.29999999999999,0.0382499999999999
F7.6,107,5.34999999999999,0.0383749999999999
F7.6,108,5.39999999999999,0.0384999999999999
F7.6,109,5.44999999999999,0.0386249999999999
F7.6,110,5.49999999999999,0.0387499999999999
F7.6,111,5.54999999999999,0.0388749999999999
F7.6,112,5.59999999999999,0.0389999999999999
F7.6,113,5.64999999999999,0.0391249999999999
F7.6,114,5.69999999999999,0.0392499999999999
F7.6,115,5.74999999999999,0.0393749999999999
F7.6,116,5.79999999999999,0.0394999999999999
F7.6,117,5.84999999999999,0.0396249999999999
F7.6,118,5.89999999999999,0.0397499999999999
F7.6,119,5.94999999999999,0.0398749999999999
F7.6,120,5.99999999999999,0.0399999999999999
F7.7,0,0.0,0.0
F7.7,1,0.05,0.0015
F7.7,2,0.1,0.003
F7.7,3,0.15,0.0045
F7.7,4,0.2,0.006
F7.7,5,0.25,0.0075
F7.7,6,0.3,0.009
F7.7,7,0.35,0.0104999999999999
F7.7,8,0.4,0.012
F7.7,9,0.45,0.0135
F7.7,10,0.5,0.015
F7.7,11,0.55,0.0175
F7.7,12,0.6,0.0199999999999999
F7.7,13,0.65,0.0225
F7.7,14,0.7,0.0249999999999999
F7.7,15,0.75,0.0275
F7.7,16,0.8,0.03
F7.7,17,0.85,0.0325
F7.7,18,0.9,0.035
F7.7,19,0.95,0.0375
F7.7,20,1.0,0.04
F7.7,21,1.05,0.056
F7.7,22,1.1,0.072
F7.7,23,1.15,0.0879999999999999
F7.7,24,1.2,0.1039999999999999
F7.7,25,1.25,0.12
F7.7,26,1.3,0.136
F7.7,27,1.35,0.152
F7.7,28,1.4,0.1679999999999999
F7.7,29,1.45,0.184
F7.7,30,1.5,0.2
F7.7,31,1.55,0.205
F7.7,32,1.6,0.21
F7.7,33,1.65,0.215
F7.7,34,1.7,0.22
F7.7,35,1.75,0.225
F7.7,36,1.8,0.23
F7.7,37,1.85,0.235
F7.7,38,1.9,0.24
F7.7,39,1.95,0.245
F7.7,40,2.0,0.25
F7.7,41,2.05,0.25125
F7.7,42,2.1,0.2525
F7.7,43,2.15,0.25375
F7.7,44,2.2,0.255
F7.7,45,2.25,0.25625
F7.7,46,2.3,0.2575
F7.7,47,2.35,0.25875
F7.7,48,2.4,0.26
F7.7,49,2.45,0.26125
F7.7,50,2.5,0.2625
F7.7,51,2.55,0.26375
F7.7,52,2.6,0.265
F7.7,53,2.65,0.26625
F7.7,54,2.7,0.2675
F7.7,55,2.75,0.26875
F7.7,56,2.8,0.27
F7.7,57,2.85,0.27125
F7.7,58,2.9,0.2724999999999999
F7.7,59,2.95,0.27375
F7.7,60,3.0,0.275
F7.7,61,3.05,0.27625
F7.7,62,3.1,0.2774999999999999
F7.7,63,3.15,0.27875
F7.7,64,3.2,0.28
F7.7,65,3.25,0.28125
F7.7,66,3.3,0.2825
F7.7,67,3.35,0.28375
F7.7,68,3.4,0.285
F7.7,69,3.45,0.28625
F7.7,70,3.5,0.2875
F7.7,71,3.55,0.28875
F7.7,72,3.6,0.29
F7.7,73,3.65,0.29125
F7.7,74,3.7,0.2925
F7.7,75,3.75,0.29375
F7.7,76,3.8,0.295
F7.7,77,3.85,0.29625
F7.7,78,3.9,0.2975
F7.7,79,3.95,0.29875
F7.7,80,4.0,0.3
F7.7,81,4.05,0.3012499999999997
F7.7,82,4.1,0.3024999999999997
F7.7,83,4.15,0.3037499999999997
F7.7,84,4.2,0.3049999999999997
F7.7,85,4.25,0.3062499999999997
F7.7,86,4.3,0.3074999999999997
F7.7,87,4.35,0.3087499999999997
F7.7,88,4.4,0.3099999999999997
F7.7,89,4.44999999999999,0.3112499999999997
F7.7,90,4.49999999999999,0.3124999999999997
F7.7,91,4.54999999999999,0.3137499999999997
F7.7,92,4.59999999999999,0.3149999999999997
F7.7,93,4.64999999999999,0.3162499999999997
F7.7,94,4.69999999999999,0.3174999999999997
F7.7,95,4.74999999999999,0.3187499999999997
F7.7,96,4.79999999999999,0.3199999999999997
F7.7,97,4.84999999999999,0.3212499999999997
F7.7,98,4.89999999999999,0.3224999999999997
F7.7,99,4.94999999999999,0.3237499999999997
F7.7,100,4.99999999999999,0.3249999999999997
F7.7,101,5.04999999999999,0.3262499999999997
F7.7,102,5.09999999999999,0.3274999999999997
F7.7,103,5.14999999999999,0.3287499999999997
F7.7,104,5.19999999999999,0.3299999999999997
F7.7,105,5.24999999999999,0.3312499999999997
F7.7,106,5.29999999999999,0.3324999999999997
F7.7,107,5.34999999999999,0.3337499999999997
F7.7,108,5.39999999999999,0.3349999999999997
F7.7,109,5.44999999999999,0.3362499999999997
F7.7,110,5.49999999999999,0.3374999999999997
F7.7,111,5.54999999999999,0.3387499999999997
F7.7,112,5.59999999999999,0.3399999999999997
F7.7,113,5.64999999999999,0.3412499999999997
F7.7,114,5.69999999999999,0.3424999999999997
F7.7,115,5.74999999999999,0.3437499999999997
F7.7,116,5.79999999999999,0.3449999999999997
F7.7,117,5.84999999999999,0.3462499999999997
F7.7,118,5.89999999999999,0.3474999999999997
F7.7,119,5.94999999999999,0.3487499999999997
F7.7,120,5.99999999999999,0.3499999999999997
F7.8,0,0.0,0.0
F7.8,1,0.05,0.0015
F7.8,2,0.1,0.003
F7.8,3,0.15,0.0045
F7.8,4,0.2,0.006
F7.8,5,0.25,0.0075
F7.8,6,0.3,0.009
F7.8,7,0.35,0.0104999999999999
F7.8,8,0.4,0.012
F7.8,9,0.45,0.0135
F7.8,10,0.5,0.015
F7.8,11,0.55,0.016
F7.8,12,0.6,0.017
F7.8,13,0.65,0.018
F7.8,14,0.7,0.019
F7.8,15,0.75,0.02
F7.8,16,0.8,0.021
F7.8,17,0.85,0.022
F7.8,18,0.9,0.023
F7.8,19,0.95,0.024
F7.8,20,1.0,0.025
F7.8,21,1.05,0.0255
F7.8,22,1.1,0.026
F7.8,23,1.15,0.0265
F7.8,24,1.2,0.027
F7.8,25,1.25,0.0275
F7.8,26,1.3,0.028
F7.8,27,1.35,0.0285
F7.8,28,1.4,0.029
F7.8,29,1.45,0.0295
F7.8,30,1.5,0.03
F7.8,31,1.55,0.0305
F7.8,32,1.6,0.031
F7.8,33,1.65,0.0315
F7.8,34,1.7,0.032
F7.8,35,1.75,0.0325
F7.8,36,1.8,0.033
F7.8,37,1.85,0.0335
F7.8,38,1.9,0.034
F7.8,39,1.95,0.0345
F7.8,40,2.0,0.035
F7.8,41,2.05,0.0351875
F7.8,42,2.1,0.035375
F7.8,43,2.15,0.0355625
F7.8,44,2.2,0.03575
F7.8,45,2.25,0.0359375
F7.8,46,2.3,0.036125
F7.8,47,2.35,0.0363125
F7.8,48,2.4,0.0365
F7.8,49,2.45,0.0366875
F7.8,50,2.5,0.036875
F7.8,51,2.55,0.0370625
F7.8,52,2.6,0.03725
F7.8,53,2.65,0.0374375
F7.8,54,2.7,0.037625
F7.8,55,2.75,0.0378125
F7.8,56,2.8,0.038
F7.8,57,2.85,0.0381875
F7.8,58,2.9,0.038375
F7.8,59,2.95,0.0385625
F7.8,60,3.0,0.03875
F7.8,61,3.05,0.0389375
F7.8,62,3.1,0.039125
F7.8,63,3.15,0.0393125
F7.8,64,3.2,0.0395
F7.8,65,3.25,0.0396875
F7.8,66,3.3,0.039875
F7.8,67,3.35,0.0400625
F7.8,68,3.4,0.04025
F7.8,69,3.45,0.0404375
F7.8,70,3.5,0.040625
F7.8,71,3.55,0.0408125
F7.8,72,3.6,0.041
F7.8,73,3.65,0.0411875
F7.8,74,3.7,0.041375
F7.8,75,3.75,0.0415625
F7.8,76,3.8,0.04175
F7.8,77,3.85,0.0419375
F7.8,78,3.9,0.042125
F7.8,79,3.95,0.0423125
F7.8,80,4.0,0.0425
F7.8,81,4.05,0.0426874999999999
F7.8,82,4.1,0.0428749999999999
F7.8,83,4.15,0.0430624999999999
F7.8,84,4.2,0.0432499999999999
F7.8,85,4.25,0.0434374999999999
F7.8,86,4.3,0.0436249999999999
F7.8,87,4.35,0.0438124999999999
F7.8,88,4.4,0.0439999999999999
F7.8,89,4.44999999999999,0.0441874999999999
F7.8,90,4.49999999999999,0.0443749999999999
F7.8,91,4.54999999999999,0.0445624999999999
F7.8,92,4.59999999999999,0.0447499999999999
F7.8,93,4.64999999999999,0.0449374999999999
F7.8,94,4.69999999999999,0.0451249999999999
F7.8,95,4.74999999999999,0.0453124999999999
F7.8,96,4.79999999999999,0.0454999999999999
F7.8,97,4.84999999999999,0.0456874999999999
F7.8,98,4.89999999999999,0.0458749999999999
F7.8,99,4.94999999999999,0.0460624999999999
F7.8,100,4.99999999999999,0.0462499999999999
F7.8,101,5.04999999999999,0.0464374999999999
F7.8,102,5.09999999999999,0.0466249999999999
F7.8,103,5.14999999999999,0.0468124999999999
F7.8,104,5.19999999999999,0.0469999999999999
F7.8,105,5.24999999999999,0.0471874999999999
F7.8,106,5.29999999999999,0.0473749999999999
F7.8,107,5.34999999999999,0.0475624999999999
F7.8,108,5.39999999999999,0.0477499999999999
F7.8,109,5.44999999999999,0.0479374999999999
F7.8,110,5.49999999999999,0.0481249999999999
F7.8,111,5.54999999999999,0.0483124999999999
F7.8,112,5.59999999999999,0.0484999999999999
F7.8,113,5.64999999999999,0.0486874999999999
F7.8,114,5.69999999999999,0.0488749999999999
F7.8,115,5.74999999999999,0.0490624999999999
F7.8,116,5.79999999999999,0.0492499999999999
F7.8,117,5.84999999999999,0.0494374999999999
F7.8,118,5.89999999999999,0.0496249999999999
F7.8,119,5.94999999999999,0.0498124999999999
F7.8,120,5.99999999999999,0.0499999999999999
F7.9,0,0.0,0.0
F7.9,1,0.05,0.012
F7.9,2,0.1,0.024
F7.9,3,0.15,0.036
F7.9,4,0.2,0.048
F7.9,5,0.25,0.06
F7.9,6,0.3,0.072
F7.9,7,0.35,0.0839999999999999
F7.9,8,0.4,0.096
F7.9,9,0.45,0.108
F7.9,10,0.5,0.12
F7.9,11,0.55,0.128
F7.9,12,0.6,0.136
F7.9,13,0.65,0.144
F7.9,14,0.7,0.152
F7.9,15,0.75,0.16
F7.9,16,0.8,0.168
F7.9,17,0.85,0.176
F7.9,18,0.9,0.184
F7.9,19,0.95,0.192
F7.9,20,1.0,0.2
F7.9,21,1.05,0.204
F7.9,22,1.1,0.208
F7.9,23,1.15,0.212
F7.9,24,1.2,0.216
F7.9,25,1.25,0.22
F7.9,26,1.3,0.224
F7.9,27,1.35,0.228
F7.9,28,1.4,0.232
F7.9,29,1.45,0.236
F7.9,30,1.5,0.24
F7.9,31,1.55,0.244
F7.9,32,1.6,0.248
F7.9,33,1.65,0.252
F7.9,34,1.7,0.256
F7.9,35,1.75,0.26
F7.9,36,1.8,0.264
F7.9,37,1.85,0.268
F7.9,38,1.9,0.272
F7.9,39,1.95,0.276
F7.9,40,2.0,0.28
F7.9,41,2.05,0.280875
F7.9,42,2.1,0.28175
F7.9,43,2.15,0.282625
F7.9,44,2.2,0.2835
F7.9,45,2.25,0.284375
F7.9,46,2.3,0.28525
F7.9,47,2.35,0.286125
F7.9,48,2.4,0.287
F7.9,49,2.45,0.287875
F7.9,50,2.5,0.28875
F7.9,51,2.55,0.289625
F7.9,52,2.6,0.2905
F7.9,53,2.65,0.291375
F7.9,54,2.7,0.29225
F7.9,55,2.75,0.293125
F7.9,56,2.8,0.294
F7.9,57,2.85,0.294875
F7.9,58,2.9,0.29575
F7.9,59,2.95,0.296625
F7.9,60,3.0,0.2975
F7.9,61,3.05,0.298375
F7.9,62,3.1,0.29925
F7.9,63,3.15,0.300125
F7.9,64,3.2,0.301
F7.9,65,3.25,0.301875
F7.9,66,3.3,0.30275
F7.9,67,3.35,0.303625
F7.9,68,3.4,0.3045
F7.9,69,3.45,0.305375
F7.9,70,3.5,0.30625
F7.9,71,3.55,0.307125
F7.9,72,3.6,0.308
F7.9,73,3.65,0.308875
F7.9,74,3.7,0.30975
F7.9,75,3.75,0.310625
F7.9,76,3.8,0.3115
F7.9,77,3.85,0.312375
F7.9,78,3.9,0.31325
F7.9,79,3.95,0.314125
F7.9,80,4.0,0.315
F7.9,81,4.05,0.3158749999999998
F7.9,82,4.1,0.3167499999999998
F7.9,83,4.15,0.3176249999999998
F7.9,84,4.2,0.3184999999999998
F7.9,85,4.25,0.3193749999999998
F7.9,86,4.3,0.3202499999999998
F7.9,87,4.35,0.3211249999999998
F7.9,88,4.4,0.3219999999999998
F7.9,89,4.44999999999999,0.3228749999999998
F7.9,90,4.49999999999999,0.3237499999999998
F7.9,91,4.54999999999999,0.3246249999999998
F7.9,92,4.59999999999999,0.3254999999999998
F7.9,93,4.64999999999999,0.3263749999999998
F7.9,94,4.69999999999999,0.3272499999999998
F7.9,95,4.74999999999999,0.3281249999999998
F7.9,96,4.79999999999999,0.3289999999999998
F7.9,97,4.84999999999999,0.3298749999999998
F7.9,98,4.89999999999999,0.3307499999999998
F7.9,99,4.94999999999999,0.3316249999999998
F7.9,100,4.99999999999999,0.3324999999999998
F7.9,101,5.04999999999999,0.3333749999999998
F7.9,102,5.09999999999999,0.3342499999999998
F7.9,103,5.14999999999999,0.3351249999999998
F7.9,104,5.19999999999999,0.3359999999999998
F7.9,105,5.24999999999999,0.3368749999999998
F7.9,106,5.29999999999999,0.3377499999999998
F7.9,107,5.34999999999999,0.3386249999999998
F7.9,108,5.39999999999999,0.3394999999999998
F7.9,109,5.44999999999999,0.3403749999999998
F7.9,110,5.49999999999999,0.3412499999999998
F7.9,111,5.54999999999999,0.3421249999999998
F7.9,112,5.59999999999999,0.3429999999999998
F7.9,113,5.64999999999999,0.3438749999999998
F7.9,114,5.69999999999999,0.3447499999999998
F7.9,115,5.74999999999999,0.3456249999999998
F7.9,116,5.79999999999999,0.3464999999999998
F7.9,117,5.84999999999999,0.3473749999999998
F7.9,118,5.89999999999999,0.3482499999999998
F7.9,119,5.94999999999999,0.3491249999999998
F7.9,120,5.99999999999999,0.3499999999999998
F8.1,0,0.0,0.0
F8.1,1,0.05,0.016662
F8.1,2,0.1,0.016662
F8.1,3,0.15,0.016662
F8.1,4,0.2,0.193036
F8.1,5,0.25,0.193036
F8.1,6,0.3,0.193036
F8.1,7,0.35,0.193036
F8.1,8,0.4,0.193036
F8.1,9,0.45,0.193036
F8.1,10,0.5,0.193036
F8.1,11,0.55,0.193036
F8.1,12,0.6,0.193036
F8.1,13,0.65,0.193036
F8.1,14,0.7,0.193036
F8.1,15,0.75,0.193036
F8.1,16,0.8,0.193036
F8.1,17,0.85,0.193036
F8.1,18,0.9,0.193036
F8.1,19,0.95,0.193036
F8.1,20,1.0,0.193036
F8.1,21,1.05,0.193036
F8.1,22,1.1,0.193036
F8.1,23,1.15,0.193036
F8.1,24,1.2,0.193036
F8.1,25,1.25,0.193036
F8.1,26,1.3,0.193036
F8.1,27,1.35,0.193036
F8.1,28,1.4,1.0
F8.1,29,1.45,1.0
F8.1,30,1.5,1.0
F8.1,31,1.55,1.0
F8.1,32,1.6,1.0
F8.1,33,1.65,1.0
F8.1,34,1.7,1.0
F8.1,35,1.75,1.0
F8.1,36,1.8,1.0
F8.1,37,1.85,1.0
F8.1,38,1.9,1.0
F8.1,39,1.95,1.0
F8.1,40,2.0,1.0
F8.1,41,2.05,1.0
F8.1,42,2.1,1.0
F8.1,43,2.15,1.0
F8.1,44,2.2,1.0
F8.1,45,2.25,1.0
F8.1,46,2.3,1.0
F8.1,47,2.35,1.0
F8.1,48,2.4,1.0
F8.1,49,2.45,1.0
F8.1,50,2.5,1.0
F8.1,51,2.55,1.0
F8.1,52,2.6,1.0
F8.1,53,2.65,1.0
F8.1,54,2.7,1.0
F8.1,55,2.75,1.0
F8.1,56,2.8,1.0
F8.1,57,2.85,1.0
F8.1,58,2.9,1.0
F8.1,59,2.95,1.0
F8.1,60,3.0,1.0
F8.1,61,3.05,1.0
F8.1,62,3.1,1.0
F8.1,63,3.15,1.0
F8.1,64,3.2,1.0
F8.1,65,3.25,1.0
F8.1,66,3.3,1.0
F8.1,67,3.35,1.0
F8.1,68,3.4,1.0
F8.1,69,3.45,1.0
F8.1,70,3.5,1.0
F8.1,71,3.55,1.0
F8.1,72,3.6,1.0
F8.1,73,3.65,1.0
F8.1,74,3.7,1.0
F8.1,75,3.75,1.0
F8.1,76,3.8,1.0
F8.1,77,3.85,1.0
F8.1,78,3.9,1.0
F8.1,79,3.95,1.0
F8.1,80,4.0,1.0
F8.1,81,4.05,1.0
F8.1,82,4.1,1.0
F8.1,83,4.15,1.0
F8.1,84,4.2,1.0
F8.1,85,4.25,1.0
F8.1,86,4.3,1.0
F8.1,87,4.35,1.0
F8.1,88,4.4,1.0
F8.1,89,4.44999999999999,1.0
F8.1,90,4.49999999999999,1.0
F8.1,91,4.54999999999999,1.0
F8.1,92,4.59999999999999,1.0
F8.1,93,4.64999999999999,1.0
F8.1,94,4.69999999999999,1.0
F8.1,95,4.74999999999999,1.0
F8.1,96,4.79999999999999,1.0
F8.1,97,4.84999999999999,1.0
F8.1,98,4.89999999999999,1.0
F8.1,99,4.94999999999999,1.0
F8.1,100,4.99999999999999,1.0
F8.1,101,5.04999999999999,1.0
F8.1,102,5.09999999999999,1.0
F8.1,103,5.14999999999999,1.0
F8.1,104,5.19999999999999,1.0
F8.1,105,5.24999999999999,1.0
F8.1,106,5.29999999999999,1.0
F8.1,107,5.34999999999999,1.0
F8.1,108,5.39999999999999,1.0
F8.1,109,5.44999999999999,1.0
F8.1,110,5.49999999999999,1.0
F8.1,111,5.54999999999999,1.0
F8.1,112,5.59999999999999,1.0
F8.1,113,5.64999999999999,1.0
F8.1,114,5.69999999999999,1.0
F8.1,115,5.74999999999999,1.0
F8.1,116,5.79999999999999,1.0
F8.1,117,5.84999999999999,1.0
F8.1,118,5.89999999999999,1.0
F8.1,119,5.94999999999999,1.0
F8.1,120,5.99999999999999,1.0
F8.2,0,0.0,0.0
F8.2,1,0.05,0.014
F8.2,2,0.1,0.028
F8.2,3,0.15,0.042
F8.2,4,0.2,0.056
F8.2,5,0.25,0.07
F8.2,6,0.3,0.084
F8.2,7,0.35,0.098
F8.2,8,0.4,0.112
F8.2,9,0.45,0.126
F8.2,10,0.5,0.14
F8.2,11,0.55,0.154
F8.2,12,0.6,0.168
F8.2,13,0.65,0.182
F8.2,14,0.7,0.196
F8.2,15,0.75,0.21
F8.2,16,0.8,0.224
F8.2,17,0.85,0.238
F8.2,18,0.9,0.252
F8.2,19,0.95,0.266
F8.2,20,1.0,0.28
F8.2,21,1.05,0.289
F8.2,22,1.1,0.298
F8.2,23,1.15,0.307
F8.2,24,1.2,0.316
F8.2,25,1.25,0.3249999999999999
F8.2,26,1.3,0.3339999999999999
F8.2,27,1.35,0.3429999999999999
F8.2,28,1.4,0.352
F8.2,29,1.45,0.361
F8.2,30,1.5,0.37
F8.2,31,1.55,0.379
F8.2,32,1.6,0.388
F8.2,33,1.65,0.397
F8.2,34,1.7,0.406
F8.2,35,1.75,0.415
F8.2,36,1.8,0.424
F8.2,37,1.85,0.433
F8.2,38,1.9,0.4419999999999999
F8.2,39,1.95,0.4509999999999999
F8.2,40,2.0,0.4599999999999999
F8.2,41,2.05,0.469
F8.2,42,2.1,0.478
F8.2,43,2.15,0.487
F8.2,44,2.2,0.496
F8.2,45,2.25,0.505
F8.2,46,2.3,0.514
F8.2,47,2.35,0.523
F8.2,48,2.4,0.532
F8.2,49,2.45,0.541
F8.2,50,2.5,0.5499999999999999
F8.2,51,2.55,0.5589999999999999
F8.2,52,2.6,0.568
F8.2,53,2.65,0.577
F8.2,54,2.7,0.586
F8.2,55,2.75,0.595
F8.2,56,2.8,0.604
F8.2,57,2.85,0.613
F8.2,58,2.9,0.622
F8.2,59,2.95,0.631
F8.2,60,3.0,0.64
F8.2,61,3.05,0.6489999999999999
F8.2,62,3.1,0.6579999999999999
F8.2,63,3.15,0.6669999999999999
F8.2,64,3.2,0.6759999999999999
F8.2,65,3.25,0.6849999999999999
F8.2,66,3.3,0.694
F8.2,67,3.35,0.703
F8.2,68,3.4,0.712
F8.2,69,3.45,0.721
F8.2,70,3.5,0.73
F8.2,71,3.55,0.7389999999999999
F8.2,72,3.6,0.748
F8.2,73,3.65,0.7569999999999999
F8.2,74,3.7,0.766
F8.2,75,3.75,0.7749999999999999
F8.2,76,3.8,0.7839999999999999
F8.2,77,3.85,0.7929999999999999
F8.2,78,3.9,0.8019999999999999
F8.2,79,3.95,0.8109999999999999
F8.2,80,4.0,0.82
F8.2,81,4.05,0.829
F8.2,82,4.1,0.8379999999999999
F8.2,83,4.15,0.847
F8.2,84,4.2,0.856
F8.2,85,4.25,0.865
F8.2,86,4.3,0.8739999999999999
F8.2,87,4.35,0.8829999999999999
F8.2,88,4.4,0.892
F8.2,89,4.44999999999999,0.901
F8.2,90,4.49999999999999,0.91
F8.2,91,4.54999999999999,0.919
F8.2,92,4.59999999999999,0.928
F8.2,93,4.64999999999999,0.936999999999998
F8.2,94,4.69999999999999,0.9459999999999982
F8.2,95,4.74999999999999,0.9549999999999982
F8.2,96,4.79999999999999,0.9639999999999982
F8.2,97,4.84999999999999,0.972999999999998
F8.2,98,4.89999999999999,0.981999999999998
F8.2,99,4.94999999999999,0.9909999999999982
F8.2,100,4.99999999999999,0.9999999999999982
F8.2,101,5.04999999999999,1.0
F8.2,102,5.09999999999999,1.0
F8.2,103,5.14999999999999,1.0
F8.2,104,5.19999999999999,1.0
F8.2,105,5.24999999999999,1.0
F8.2,106,5.29999999999999,1.0
F8.2,107,5.34999999999999,1.0
F8.2,108,5.39999999999999,1.0
F8.2,109,5.44999999999999,1.0
F8.2,110,5.49999999999999,1.0
F8.2,111,5.54999999999999,1.0
F8.2,112,5.59999999999999,1.0
F8.2,113,5.64999999999999,1.0
F8.2,114,5.69999999999999,1.0
F8.2,115,5.74999999999999,1.0
F8.2,116,5.79999999999999,1.0
F8.2,117,5.84999999999999,1.0
F8.2,118,5.89999999999999,1.0
F8.2,119,5.94999999999999,1.0
F8.2,120,5.99999999999999,1.0
F8.3,0,0.0,0.0
F8.3,1,0.05,0.014
F8.3,2,0.1,0.028
F8.3,3,0.15,0.042
F8.3,4,0.2,0.056
F8.3,5,0.25,0.07
F8.3,6,0.3,0.084
F8.3,7,0.35,0.098
F8.3,8,0.4,0.112
F8.3,9,0.45,0.126
F8.3,10,0.5,0.14
F8.3,11,0.55,0.154
F8.3,12,0.6,0.168
F8.3,13,0.65,0.182
F8.3,14,0.7,0.196
F8.3,15,0.75,0.21
F8.3,16,0.8,0.224
F8.3,17,0.85,0.238
F8.3,18,0.9,0.252
F8.3,19,0.95,0.266
F8.3,20,1.0,0.28
F8.3,21,1.05,0.289
F8.3,22,1.1,0.298
F8.3,23,1.15,0.307
F8.3,24,1.2,0.316
F8.3,25,1.25,0.3249999999999999
F8.3,26,1.3,0.3339999999999999
F8.3,27,1.35,0.3429999999999999
F8.3,28,1.4,0.352
F8.3,29,1.45,0.361
F8.3,30,1.5,0.37
F8.3,31,1.55,0.379
F8.3,32,1.6,0.388
F8.3,33,1.65,0.397
F8.3,34,1.7,0.406
F8.3,35,1.75,0.415
F8.3,36,1.8,0.424
F8.3,37,1.85,0.433
F8.3,38,1.9,0.4419999999999999
F8.3,39,1.95,0.4509999999999999
F8.3,40,2.0,0.4599999999999999
F8.3,41,2.05,0.469
F8.3,42,2.1,0.478
F8.3,43,2.15,0.487
F8.3,44,2.2,0.496
F8.3,45,2.25,0.505
F8.3,46,2.3,0.514
F8.3,47,2.35,0.523
F8.3,48,2.4,0.532
F8.3,49,2.45,0.541
F8.3,50,2.5,0.5499999999999999
F8.3,51,2.55,0.5589999999999999
F8.3,52,2.6,0.568
F8.3,53,2.65,0.577
F8.3,54,2.7,0.586
F8.3,55,2.75,0.595
F8.3,56,2.8,0.604
F8.3,57,2.85,0.613
F8.3,58,2.9,0.622
F8.3,59,2.95,0.631
F8.3,60,3.0,0.64
F8.3,61,3.05,0.6489999999999999
F8.3,62,3.1,0.6579999999999999
F8.3,63,3.15,0.6669999999999999
F8.3,64,3.2,0.6759999999999999
F8.3,65,3.25,0.6849999999999999
F8.3,66,3.3,0.694
F8.3,67,3.35,0.703
F8.3,68,3.4,0.712
F8.3,69,3.45,0.721
F8.3,70,3.5,0.73
F8.3,71,3.55,0.7389999999999999
F8.3,72,3.6,0.748
F8.3,73,3.65,0.7569999999999999
F8.3,74,3.7,0.766
F8.3,75,3.75,0.7749999999999999
F8.3,76,3.8,0.7839999999999999
F8.3,77,3.85,0.7929999999999999
F8.3,78,3.9,0.8019999999999999
F8.3,79,3.95,0.8109999999999999
F8.3,80,4.0,0.82
F8.3,81,4.05,0.829
F8.3,82,4.1,0.8379999999999999
F8.3,83,4.15,0.847
F8.3,84,4.2,0.856
F8.3,85,4.25,0.865
F8.3,86,4.3,0.8739999999999999
F8.3,87,4.35,0.8829999999999999
F8.3,88,4.4,0.892
F8.3,89,4.44999999999999,0.901
F8.3,90,4.49999999999999,0.91
F8.3,91,4.54999999999999,0.919
F8.3,92,4.59999999999999,0.928
F8.3,93,4.64999999999999,0.936999999999998
F8.3,94,4.69999999999999,0.9459999999999982
F8.3,95,4.74999999999999,0.9549999999999982
F8.3,96,4.79999999999999,0.9639999999999982
F8.3,97,4.84999999999999,0.972999999999998
F8.3,98,4.89999999999999,0.981999999999998
F8.3,99,4.94999999999999,0.9909999999999982
F8.3,100,4.99999999999999,0.9999999999999982
F8.3,101,5.04999999999999,1.0
F8.3,102,5.09999999999999,1.0
F8.3,103,5.14999999999999,1.0
F8.3,104,5.19999999999999,1.0
F8.3,105,5.24999999999999,1.0
F8.3,106,5.29999999999999,1.0
F8.3,107,5.34999999999999,1.0
F8.3,108,5.39999999999999,1.0
F8.3,109,5.44999999999999,1.0
F8.3,110,5.49999999999999,1.0
F8.3,111,5.54999999999999,1.0
F8.3,112,5.59999999999999,1.0
F8.3,113,5.64999999999999,1.0
F8.3,114,5.69999999999999,1.0
F8.3,115,5.74999999999999,1.0
F8.3,116,5.79999999999999,1.0
F8.3,117,5.84999999999999,1.0
F8.3,118,5.89999999999999,1.0
F8.3,119,5.94999999999999,1.0
F8.3,120,5.99999999999999,1.0
F8.4,0,0.0,0.0
F8.4,1,0.05,0.014
F8.4,2,0.1,0.02
F8.4,3,0.15,0.03
F8.4,4,0.2,0.04
F8.4,5,0.25,0.0737499999999999
F8.4,6,0.3,0.1074999999999999
F8.4,7,0.35,0.14125
F8.4,8,0.4,0.175
F8.4,9,0.45,0.2087499999999999
F8.4,10,0.5,0.2424999999999999
F8.4,11,0.55,0.2762499999999999
F8.4,12,0.6,0.3099999999999999
F8.4,13,0.65,0.3437499999999999
F8.4,14,0.7,0.3774999999999999
F8.4,15,0.75,0.4112499999999999
F8.4,16,0.8,0.445
F8.4,17,0.85,0.4787499999999999
F8.4,18,0.9,0.5124999999999998
F8.4,19,0.95,0.5462499999999999
F8.4,20,1.0,0.58
F8.4,21,1.05,0.592
F8.4,22,1.1,0.604
F8.4,23,1.15,0.6159999999999999
F8.4,24,1.2,0.6279999999999999
F8.4,25,1.25,0.6399999999999999
F8.4,26,1.3,0.6519999999999999
F8.4,27,1.35,0.6639999999999999
F8.4,28,1.4,0.6759999999999999
F8.4,29,1.45,0.688
F8.4,30,1.5,0.7
F8.4,31,1.55,0.709
F8.4,32,1.6,0.718
F8.4,33,1.65,0.727
F8.4,34,1.7,0.736
F8.4,35,1.75,0.745
F8.4,36,1.8,0.754
F8.4,37,1.85,0.763
F8.4,38,1.9,0.772
F8.4,39,1.95,0.781
F8.4,40,2.0,0.79
F8.4,41,2.05,0.79425
F8.4,42,2.1,0.7985
F8.4,43,2.15,0.8027500000000001
F8.4,44,2.2,0.807
F8.4,45,2.25,0.81125
F8.4,46,2.3,0.8155
F8.4,47,2.35,0.81975
F8.4,48,2.4,0.8240000000000001
F8.4,49,2.45,0.82825
F8.4,50,2.5,0.8325
F8.4,51,2.55,0.83675
F8.4,52,2.6,0.841
F8.4,53,2.65,0.8452500000000001
F8.4,54,2.7,0.8495
F8.4,55,2.75,0.85375
F8.4,56,2.8,0.858
F8.4,57,2.85,0.86225
F8.4,58,2.9,0.8665
F8.4,59,2.95,0.87075
F8.4,60,3.0,0.875
F8.4,61,3.05,0.87925
F8.4,62,3.1,0.8835
F8.4,63,3.15,0.88775
F8.4,64,3.2,0.892
F8.4,65,3.25,0.89625
F8.4,66,3.3,0.9005
F8.4,67,3.35,0.90475
F8.4,68,3.4,0.909
F8.4,69,3.45,0.91325
F8.4,70,3.5,0.9175
F8.4,71,3.55,0.92175
F8.4,72,3.6,0.926
F8.4,73,3.65,0.93025
F8.4,74,3.7,0.9345
F8.4,75,3.75,0.93875
F8.4,76,3.8,0.943
F8.4,77,3.85,0.94725
F8.4,78,3.9,0.9515
F8.4,79,3.95,0.95575
F8.4,80,4.0,0.96
F8.4,81,4.05,0.962
F8.4,82,4.1,0.964
F8.4,83,4.15,0.966
F8.4,84,4.2,0.968
F8.4,85,4.25,0.97
F8.4,86,4.3,0.972
F8.4,87,4.35,0.974
F8.4,88,4.4,0.976
F8.4,89,4.44999999999999,0.978
F8.4,90,4.49999999999999,0.98
F8.4,91,4.54999999999999,0.982
F8.4,92,4.59999999999999,0.984
F8.4,93,4.64999999999999,0.986
F8.4,94,4.69999999999999,0.988
F8.4,95,4.74999999999999,0.99
F8.4,96,4.79999999999999,0.992
F8.4,97,4.84999999999999,0.994
F8.4,98,4.89999999999999,0.996
F8.4,99,4.94999999999999,0.998
F8.4,100,4.99999999999999,1.0
F8.5,0,0.0,0.0
F8.5,1,0.05,0.025
F8.5,2,0.1,0.05
F8.5,3,0.15,0.075
F8.5,4,0.2,0.1
F8.5,5,0.25,0.125
F8.5,6,0.3,0.15
F8.5,7,0.35,0.175
F8.5,8,0.4,0.2
F8.5,9,0.45,0.225
F8.5,10,0.5,0.25
F8.5,11,0.55,0.267
F8.5,12,0.6,0.284
F8.5,13,0.65,0.301
F8.5,14,0.7,0.3179999999999999
F8.5,15,0.75,0.3349999999999999
F8.5,16,0.8,0.352
F8.5,17,0.85,0.369
F8.5,18,0.9,0.386
F8.5,19,0.95,0.4029999999999999
F8.5,20,1.0,0.42
F8.5,21,1.05,0.433
F8.5,22,1.1,0.446
F8.5,23,1.15,0.4589999999999999
F8.5,24,1.2,0.472
F8.5,25,1.25,0.485
F8.5,26,1.3,0.498
F8.5,27,1.35,0.511
F8.5,28,1.4,0.524
F8.5,29,1.45,0.537
F8.5,30,1.5,0.55
F8.5,31,1.55,0.56
F8.5,32,1.6,0.5700000000000001
F8.5,33,1.65,0.5800000000000001
F8.5,34,1.7,0.5900000000000001
F8.5,35,1.75,0.6000000000000001
F8.5,36,1.8,0.6100000000000001
F8.5,37,1.85,0.6200000000000001
F8.5,38,1.9,0.63
F8.5,39,1.95,0.64
F8.5,40,2.0,0.65
F8.5,41,2.05,0.6575
F8.5,42,2.1,0.665
F8.5,43,2.15,0.6725
F8.5,44,2.2,0.68
F8.5,45,2.25,0.6875
F8.5,46,2.3,0.695
F8.5,47,2.35,0.7025
F8.5,48,2.4,0.71
F8.5,49,2.45,0.7175
F8.5,50,2.5,0.7250000000000001
F8.5,51,2.55,0.7325
F8.5,52,2.6,0.74
F8.5,53,2.65,0.7475
F8.5,54,2.7,0.7550000000000001
F8.5,55,2.75,0.7625000000000001
F8.5,56,2.8,0.77
F8.5,57,2.85,0.7775000000000001
F8.5,58,2.9,0.785
F8.5,59,2.95,0.7925000000000001
F8.5,60,3.0,0.8
F8.5,61,3.05,0.805
F8.5,62,3.1,0.81
F8.5,63,3.15,0.8150000000000001
F8.5,64,3.2,0.8200000000000001
F8.5,65,3.25,0.8250000000000001
F8.5,66,3.3,0.8300000000000001
F8.5,67,3.35,0.8350000000000001
F8.5,68,3.4,0.8400000000000001
F8.5,69,3.45,0.8450000000000001
F8.5,70,3.5,0.8500000000000001
F8.5,71,3.55,0.855
F8.5,72,3.6,0.8600000000000001
F8.5,73,3.65,0.865
F8.5,74,3.7,0.8700000000000001
F8.5,75,3.75,0.875
F8.5,76,3.8,0.88
F8.5,77,3.85,0.885
F8.5,78,3.9,0.89
F8.5,79,3.95,0.895
F8.5,80,4.0,0.9
F8.5,81,4.05,0.904999999999999
F8.5,82,4.1,0.909999999999999
F8.5,83,4.15,0.914999999999999
F8.5,84,4.2,0.919999999999999
F8.5,85,4.25,0.924999999999999
F8.5,86,4.3,0.929999999999999
F8.5,87,4.35,0.9349999999999988
F8.5,88,4.4,0.939999999999999
F8.5,89,4.44999999999999,0.9449999999999992
F8.5,90,4.49999999999999,0.9499999999999992
F8.5,91,4.54999999999999,0.954999999999999
F8.5,92,4.59999999999999,0.959999999999999
F8.5,93,4.64999999999999,0.964999999999999
F8.5,94,4.69999999999999,0.9699999999999992
F8.5,95,4.74999999999999,0.974999999999999
F8.5,96,4.79999999999999,0.979999999999999
F8.5,97,4.84999999999999,0.984999999999999
F8.5,98,4.89999999999999,0.989999999999999
F8.5,99,4.94999999999999,0.994999999999999
F8.5,100,4.99999999999999,0.999999999999999
F8.5,101,5.04999999999999,1.0
F8.5,102,5.09999999999999,1.0
F8.5,103,5.14999999999999,1.0
F8.5,104,5.19999999999999,1.0
F8.5,105,5.24999999999999,1.0
F8.5,106,5.29999999999999,1.0
F8.5,107,5.34999999999999,1.0
F8.5,108,5.39999999999999,1.0
F8.5,109,5.44999999999999,1.0
F8.5,110,5.49999999999999,1.0
F8.5,111,5.54999999999999,1.0
F8.5,112,5.59999999999999,1.0
F8.5,113,5.64999999999999,1.0
F8.5,114,5.69999999999999,1.0
F8.5,115,5.74999999999999,1.0
F8.5,116,5.79999999999999,1.0
F8.5,117,5.84999999999999,1.0
F8.5,118,5.89999999999999,1.0
F8.5,119,5.94999999999999,1.0
F8.5,120,5.99999999999999,1.0
F8.6,0,0.0,0.0
F8.6,1,0.05,0.0214436906377204
F8.6,2,0.1,0.0428873812754409
F8.6,3,0.15,0.0643310719131614
F8.6,4,0.2,0.0857747625508819
F8.6,5,0.25,0.1072184531886024
F8.6,6,0.3,0.1286621438263229
F8.6,7,0.35,0.1501058344640434
F8.6,8,0.4,0.1715495251017639
F8.6,9,0.45,0.1929932157394844
F8.6,10,0.5,0.2144369063772049
F8.6,11,0.55,0.2302686567164179
F8.6,12,0.6,0.2461004070556309
F8.6,13,0.65,0.261932157394844
F8.6,14,0.7,0.277763907734057
F8.6,15,0.75,0.29359565807327
F8.6,16,0.8,0.309427408412483
F8.6,17,0.85,0.3252591587516961
F8.6,18,0.9,0.3410909090909091
F8.6,19,0.95,0.3569226594301221
F8.6,20,1.0,0.3727544097693351
F8.6,21,1.05,0.3958724559023067
F8.6,22,1.1,0.4189905020352782
F8.6,23,1.15,0.4421085481682496
F8.6,24,1.2,0.4652265943012211
F8.6,25,1.25,0.4883446404341927
F8.6,26,1.3,0.5114626865671642
F8.6,27,1.35,0.5345807327001357
F8.6,28,1.4,0.5576987788331071
F8.6,29,1.45,0.5808168249660787
F8.6,30,1.5,0.6039348710990502
F8.6,31,1.55,0.6145072930800543
F8.6,32,1.6,0.6250797150610584
F8.6,33,1.65,0.6356521370420624
F8.6,34,1.7,0.6462245590230665
F8.6,35,1.75,0.6567969810040706
F8.6,36,1.8,0.6673694029850746
F8.6,37,1.85,0.6779418249660788
F8.6,38,1.9,0.6885142469470827
F8.6,39,1.95,0.6990866689280869
F8.6,40,2.0,0.709659090909091
F8.6,41,2.05,0.7145965909090909
F8.6,42,2.1,0.7195340909090909
F8.6,43,2.15,0.724471590909091
F8.6,44,2.2,0.729409090909091
F8.6,45,2.25,0.7343465909090909
F8.6,46,2.3,0.739284090909091
F8.6,47,2.35,0.744221590909091
F8.6,48,2.4,0.7491590909090909
F8.6,49,2.45,0.754096590909091
F8.6,50,2.5,0.7590340909090909
F8.6,51,2.55,0.763971590909091
F8.6,52,2.6,0.768909090909091
F8.6,53,2.65,0.7738465909090909
F8.6,54,2.7,0.778784090909091
F8.6,55,2.75,0.783721590909091
F8.6,56,2.8,0.7886590909090909
F8.6,57,2.85,0.793596590909091
F8.6,58,2.9,0.798534090909091
F8.6,59,2.95,0.803471590909091
F8.6,60,3.0,0.808409090909091
F8.6,61,3.05,0.812346590909091
F8.6,62,3.1,0.8162840909090909
F8.6,63,3.15,0.820221590909091
F8.6,64,3.2,0.824159090909091
F8.6,65,3.25,0.8280965909090909
F8.6,66,3.3,0.832034090909091
F8.6,67,3.35,0.835971590909091
F8.6,68,3.4,0.8399090909090909
F8.6,69,3.45,0.843846590909091
F8.6,70,3.5,0.847784090909091
F8.6,71,3.55,0.8517215909090909
F8.6,72,3.6,0.855659090909091
F8.6,73,3.65,0.8595965909090909
F8.6,74,3.7,0.863534090909091
F8.6,75,3.75,0.867471590909091
F8.6,76,3.8,0.8714090909090909
F8.6,77,3.85,0.875346590909091
F8.6,78,3.9,0.879284090909091
F8.6,79,3.95,0.883221590909091
F8.6,80,4.0,0.887159090909091
F8.6,81,4.05,0.8912386363636355
F8.6,82,4.1,0.895318181818181
F8.6,83,4.15,0.8993977272727265
F8.6,84,4.2,0.903477272727272
F8.6,85,4.25,0.9075568181818174
F8.6,86,4.3,0.9116363636363628
F8.6,87,4.35,0.9157159090909084
F8.6,88,4.4,0.9197954545454538
F8.6,89,4.44999999999999,0.9238749999999992
F8.6,90,4.49999999999999,0.9279545454545448
F8.6,91,4.54999999999999,0.93203409090909
F8.6,92,4.59999999999999,0.9361136363636356
F8.6,93,4.64999999999999,0.940193181818181
F8.6,94,4.69999999999999,0.9442727272727264
F8.6,95,4.74999999999999,0.948352272727272
F8.6,96,4.79999999999999,0.9524318181818174
F8.6,97,4.84999999999999,0.9565113636363628
F8.6,98,4.89999999999999,0.9605909090909084
F8.6,99,4.94999999999999,0.9646704545454536
F8.6,100,4.99999999999999,0.9687499999999992
F8.6,101,5.04999999999999,0.9703124999999996
F8.6,102,5.09999999999999,0.9718749999999996
F8.6,103,5.14999999999999,0.9734374999999996
F8.6,104,5.19999999999999,0.9749999999999996
F8.6,105,5.24999999999999,0.9765624999999996
F8.6,106,5.29999999999999,0.9781249999999996
F8.6,107,5.34999999999999,0.9796874999999996
F8.6,108,5.39999999999999,0.9812499999999996
F8.6,109,5.44999999999999,0.9828124999999996
F8.6,110,5.49999999999999,0.9843749999999996
F8.6,111,5.54999999999999,0.9859374999999996
F8.6,112,5.59999999999999,0.9874999999999996
F8.6,113,5.64999999999999,0.9890624999999996
F8.6,114,5.69999999999999,0.9906249999999996
F8.6,115,5.74999999999999,0.9921874999999996
F8.6,116,5.79999999999999,0.9937499999999996
F8.6,117,5.84999999999999,0.9953124999999996
F8.6,118,5.89999999999999,0.9968749999999996
F8.6,119,5.94999999999999,0.9984374999999996
F8.6,120,5.99999999999999,0.9999999999999996
F8.7,0,0.0,0.0
F8.7,1,0.05,0.0232218453188602
F8.7,2,0.1,0.0464436906377205
F8.7,3,0.15,0.0696655359565807
F8.7,4,0.2,0.092887381275441
F8.7,5,0.25,0.1161092265943012
F8.7,6,0.3,0.1393310719131614
F8.7,7,0.35,0.1625529172320217
F8.7,8,0.4,0.185774762550882
F8.7,9,0.45,0.2089966078697422
F8.7,10,0.5,0.2322184531886024
F8.7,11,0.55,0.2486343283582089
F8.7,12,0.6,0.2650502035278155
F8.7,13,0.65,0.281466078697422
F8.7,14,0.7,0.2978819538670285
F8.7,15,0.75,0.314297829036635
F8.7,16,0.8,0.3307137042062415
F8.7,17,0.85,0.347129579375848
F8.7,18,0.9,0.3635454545454545
F8.7,19,0.95,0.379961329715061
F8.7,20,1.0,0.3963772048846675
F8.7,21,1.05,0.4144362279511533
F8.7,22,1.1,0.4324952510176391
F8.7,23,1.15,0.4505542740841248
F8.7,24,1.2,0.4686132971506105
F8.7,25,1.25,0.4866723202170963
F8.7,26,1.3,0.504731343283582
F8.7,27,1.35,0.5227903663500679
F8.7,28,1.4,0.5408493894165536
F8.7,29,1.45,0.5589084124830394
F8.7,30,1.5,0.5769674355495251
F8.7,31,1.55,0.5872536465400272
F8.7,32,1.6,0.5975398575305292
F8.7,33,1.65,0.6078260685210313
F8.7,34,1.7,0.6181122795115332
F8.7,35,1.75,0.6283984905020353
F8.7,36,1.8,0.6386847014925374
F8.7,37,1.85,0.6489709124830394
F8.7,38,1.9,0.6592571234735415
F8.7,39,1.95,0.6695433344640435
F8.7,40,2.0,0.6798295454545455
F8.7,41,2.05,0.6860482954545455
F8.7,42,2.1,0.6922670454545455
F8.7,43,2.15,0.6984857954545455
F8.7,44,2.2,0.7047045454545455
F8.7,45,2.25,0.7109232954545455
F8.7,46,2.3,0.7171420454545455
F8.7,47,2.35,0.7233607954545456
F8.7,48,2.4,0.7295795454545455
F8.7,49,2.45,0.7357982954545456
F8.7,50,2.5,0.7420170454545455
F8.7,51,2.55,0.7482357954545454
F8.7,52,2.6,0.7544545454545455
F8.7,53,2.65,0.7606732954545454
F8.7,54,2.7,0.7668920454545455
F8.7,55,2.75,0.7731107954545455
F8.7,56,2.8,0.7793295454545455
F8.7,57,2.85,0.7855482954545455
F8.7,58,2.9,0.7917670454545455
F8.7,59,2.95,0.7979857954545455
F8.7,60,3.0,0.8042045454545454
F8.7,61,3.05,0.8086732954545455
F8.7,62,3.1,0.8131420454545455
F8.7,63,3.15,0.8176107954545454
F8.7,64,3.2,0.8220795454545454
F8.7,65,3.25,0.8265482954545454
F8.7,66,3.3,0.8310170454545455
F8.7,67,3.35,0.8354857954545455
F8.7,68,3.4,0.8399545454545454
F8.7,69,3.45,0.8444232954545454
F8.7,70,3.5,0.8488920454545454
F8.7,71,3.55,0.8533607954545455
F8.7,72,3.6,0.8578295454545455
F8.7,73,3.65,0.8622982954545454
F8.7,74,3.7,0.8667670454545454
F8.7,75,3.75,0.8712357954545454
F8.7,76,3.8,0.8757045454545455
F8.7,77,3.85,0.8801732954545455
F8.7,78,3.9,0.8846420454545454
F8.7,79,3.95,0.8891107954545454
F8.7,80,4.0,0.8935795454545454
F8.7,81,4.05,0.8981193181818172
F8.7,82,4.1,0.90265909090909
F8.7,83,4.15,0.9071988636363628
F8.7,84,4.2,0.9117386363636356
F8.7,85,4.25,0.9162784090909082
F8.7,86,4.3,0.9208181818181808
F8.7,87,4.35,0.9253579545454536
F8.7,88,4.4,0.9298977272727263
F8.7,89,4.44999999999999,0.9344374999999993
F8.7,90,4.49999999999999,0.9389772727272718
F8.7,91,4.54999999999999,0.9435170454545444
F8.7,92,4.59999999999999,0.9480568181818172
F8.7,93,4.64999999999999,0.95259659090909
F8.7,94,4.69999999999999,0.9571363636363628
F8.7,95,4.74999999999999,0.9616761363636356
F8.7,96,4.79999999999999,0.9662159090909082
F8.7,97,4.84999999999999,0.9707556818181808
F8.7,98,4.89999999999999,0.9752954545454536
F8.7,99,4.94999999999999,0.9798352272727264
F8.7,100,4.99999999999999,0.9843749999999992
F8.7,101,5.04999999999999,0.9851562499999998
F8.7,102,5.09999999999999,0.9859374999999998
F8.7,103,5.14999999999999,0.98671875
F8.7,104,5.19999999999999,0.9874999999999998
F8.7,105,5.24999999999999,0.98828125
F8.7,106,5.29999999999999,0.9890624999999998
F8.7,107,5.34999999999999,0.9898437499999998
F8.7,108,5.39999999999999,0.990625
F8.7,109,5.44999999999999,0.9914062499999998
F8.7,110,5.49999999999999,0.9921875
F8.7,111,5.54999999999999,0.9929687499999998
F8.7,112,5.59999999999999,0.9937499999999998
F8.7,113,5.64999999999999,0.99453125
F8.7,114,5.69999999999999,0.9953124999999998
F8.7,115,5.74999999999999,0.99609375
F8.7,116,5.79999999999999,0.9968749999999998
F8.7,117,5.84999999999999,0.9976562499999998
F8.7,118,5.89999999999999,0.9984375
F8.7,119,5.94999999999999,0.9992187499999998
F8.7,120,5.99999999999999,1.0
F8.8,0,0.0,0.0
F8.8,1,0.05,0.02
F8.8,2,0.1,0.04
F8.8,3,0.15,0.06
F8.8,4,0.2,0.08
F8.8,5,0.25,0.1
F8.8,6,0.3,0.12
F8.8,7,0.35,0.14
F8.8,8,0.4,0.16
F8.8,9,0.45,0.18
F8.8,10,0.5,0.2
F8.8,11,0.55,0.22
F8.8,12,0.6,0.24
F8.8,13,0.65,0.26
F8.8,14,0.7,0.28
F8.8,15,0.75,0.3
F8.8,16,0.8,0.32
F8.8,17,0.85,0.34
F8.8,18,0.9,0.36
F8.8,19,0.95,0.38
F8.8,20,1.0,0.4
F8.8,21,1.05,0.42
F8.8,22,1.1,0.44
F8.8,23,1.15,0.4599999999999999
F8.8,24,1.2,0.48
F8.8,25,1.25,0.5
F8.8,26,1.3,0.52
F8.8,27,1.35,0.54
F8.8,28,1.4,0.56
F8.8,29,1.45,0.58
F8.8,30,1.5,0.6
F8.8,31,1.55,0.62
F8.8,32,1.6,0.64
F8.8,33,1.65,0.66
F8.8,34,1.7,0.68
F8.8,35,1.75,0.7000000000000001
F8.8,36,1.8,0.72
F8.8,37,1.85,0.74
F8.8,38,1.9,0.76
F8.8,39,1.95,0.78
F8.8,40,2.0,0.8
F8.8,41,2.05,0.8049999999999999
F8.8,42,2.1,0.8099999999999999
F8.8,43,2.15,0.815
F8.8,44,2.2,0.8200000000000001
F8.8,45,2.25,0.825
F8.8,46,2.3,0.83
F8.8,47,2.35,0.835
F8.8,48,2.4,0.84
F8.8,49,2.45,0.845
F8.8,50,2.5,0.85
F8.8,51,2.55,0.855
F8.8,52,2.6,0.86
F8.8,53,2.65,0.865
F8.8,54,2.7,0.87
F8.8,55,2.75,0.875
F8.8,56,2.8,0.88
F8.8,57,2.85,0.885
F8.8,58,2.9,0.8899999999999999
F8.8,59,2.95,0.895
F8.8,60,3.0,0.8999999999999999
F8.8,61,3.05,0.905
F8.8,62,3.1,0.91
F8.8,63,3.15,0.915
F8.8,64,3.2,0.92
F8.8,65,3.25,0.925
F8.8,66,3.3,0.93
F8.8,67,3.35,0.935
F8.8,68,3.4,0.94
F8.8,69,3.45,0.945
F8.8,70,3.5,0.95
F8.8,71,3.55,0.955
F8.8,72,3.6,0.96
F8.8,73,3.65,0.965
F8.8,74,3.7,0.97
F8.8,75,3.75,0.975
F8.8,76,3.8,0.98
F8.8,77,3.85,0.985
F8.8,78,3.9,0.99
F8.8,79,3.95,0.995
F8.8,80,4.0,1.0
F8.8,81,4.05,1.0
F8.8,82,4.1,1.0
F8.8,83,4.15,1.0
F8.8,84,4.2,1.0
F8.8,85,4.25,1.0
F8.8,86,4.3,1.0
F8.8,87,4.35,1.0
F8.8,88,4.4,1.0
F8.8,89,4.44999999999999,1.0
F8.8,90,4.49999999999999,1.0
F8.8,91,4.54999999999999,1.0
F8.8,92,4.59999999999999,1.0
F8.8,93,4.64999999999999,1.0
F8.8,94,4.69999999999999,1.0
F8.8,95,4.74999999999999,1.0
F8.8,96,4.79999999999999,1.0
F8.8,97,4.84999999999999,1.0
F8.8,98,4.89999999999999,1.0
F8.8,99,4.94999999999999,1.0
F8.8,100,4.99999999999999,1.0
F9.1,0,0.0,0.0
F9.1,1,0.05,0.05
F9.1,2,0.1,0.1
F9.1,3,0.15,0.15
F9.1,4,0.2,0.2
F9.1,5,0.25,0.25
F9.1,6,0.3,0.3
F9.1,7,0.35,0.35
F9.1,8,0.4,0.4
F9.1,9,0.45,0.45
F9.1,10,0.5,0.5
F9.1,11,0.55,0.532
F9.1,12,0.6,0.544
F9.1,13,0.65,0.556
F9.1,14,0.7,0.5680000000000001
F9.1,15,0.75,0.5800000000000001
F9.1,16,0.8,0.5920000000000001
F9.1,17,0.85,0.604
F9.1,18,0.9,0.616
F9.1,19,0.95,0.628
F9.1,20,1.0,0.64
F9.1,21,1.05,0.652
F9.1,22,1.1,0.664
F9.1,23,1.15,0.6759999999999999
F9.1,24,1.2,0.688
F9.1,25,1.25,0.7
F9.1,26,1.3,0.712
F9.1,27,1.35,0.724
F9.1,28,1.4,0.736
F9.1,29,1.45,0.748
F9.1,30,1.5,0.76
F9.1,31,1.55,0.772
F9.1,32,1.6,0.784
F9.1,33,1.65,0.796
F9.1,34,1.7,0.808
F9.1,35,1.75,0.8200000000000001
F9.1,36,1.8,0.8320000000000001
F9.1,37,1.85,0.8440000000000001
F9.1,38,1.9,0.856
F9.1,39,1.95,0.868
F9.1,40,2.0,0.88
F9.1,41,2.05,0.8919999999999999
F9.1,42,2.1,0.897
F9.1,43,2.15,0.9005
F9.1,44,2.2,0.904
F9.1,45,2.25,0.9075
F9.1,46,2.3,0.911
F9.1,47,2.35,0.9145
F9.1,48,2.4,0.918
F9.1,49,2.45,0.9215
F9.1,50,2.5,0.925
F9.1,51,2.55,0.9285
F9.1,52,2.6,0.932
F9.1,53,2.65,0.9355
F9.1,54,2.7,0.939
F9.1,55,2.75,0.9425
F9.1,56,2.8,0.946
F9.1,57,2.85,0.9495
F9.1,58,2.9,0.953
F9.1,59,2.95,0.9565
F9.1,60,3.0,0.96
F9.1,61,3.05,0.9635
F9.1,62,3.1,0.967
F9.1,63,3.15,0.9705
F9.1,64,3.2,0.974
F9.1,65,3.25,0.9775
F9.1,66,3.3,0.981
F9.1,67,3.35,0.9845
F9.1,68,3.4,0.988
F9.1,69,3.45,0.9915
F9.1,70,3.5,0.995
F9.1,71,3.55,0.9985
F9.1,72,3.6,1.0
F9.1,73,3.65,1.0
F9.1,74,3.7,1.0
F9.1,75,3.75,1.0
F9.1,76,3.8,1.0
F9.1,77,3.85,1.0
F9.1,78,3.9,1.0
F9.1,79,3.95,1.0
F9.1,80,4.0,1.0
F9.1,81,4.05,1.0
F9.1,82,4.1,1.0
F9.1,83,4.15,1.0
F9.1,84,4.2,1.0
F9.1,85,4.25,1.0
F9.1,86,4.3,1.0
F9.1,87,4.35,1.0
F9.1,88,4.4,1.0
F9.1,89,4.44999999999999,1.0
F9.1,90,4.49999999999999,1.0
F9.1,91,4.54999999999999,1.0
F9.1,92,4.59999999999999,1.0
F9.1,93,4.64999999999999,1.0
F9.1,94,4.69999999999999,1.0
F9.1,95,4.74999999999999,1.0
F9.1,96,4.79999999999999,1.0
F9.1,97,4.84999999999999,1.0
F9.1,98,4.89999999999999,1.0
F9.1,99,4.94999999999999,1.0
F9.1,100,4.99999999999999,1.0
F9.1,101,5.04999999999999,1.0
F9.1,102,5.09999999999999,1.0
F9.1,103,5.14999999999999,1.0
F9.1,104,5.19999999999999,1.0
F9.1,105,5.24999999999999,1.0
F9.1,106,5.29999999999999,1.0
F9.1,107,5.34999999999999,1.0
F9.1,108,5.39999999999999,1.0
F9.1,109,5.44999999999999,1.0
F9.1,110,5.49999999999999,1.0
F9.1,111,5.54999999999999,1.0
F9.1,112,5.59999999999999,1.0
F9.1,113,5.64999999999999,1.0
F9.1,114,5.69999999999999,1.0
F9.1,115,5.74999999999999,1.0
F9.1,116,5.79999999999999,1.0
F9.1,117,5.84999999999999,1.0
F9.1,118,5.89999999999999,1.0
F9.1,119,5.94999999999999,1.0
F9.1,120,5.99999999999999,1.0
F9.2,0,0.0,0.0
F9.2,1,0.05,0.014
F9.2,2,0.1,0.02
F9.2,3,0.15,0.03
F9.2,4,0.2,0.04
F9.2,5,0.25,0.0737499999999999
F9.2,6,0.3,0.1074999999999999
F9.2,7,0.35,0.14125
F9.2,8,0.4,0.175
F9.2,9,0.45,0.2087499999999999
F9.2,10,0.5,0.2424999999999999
F9.2,11,0.55,0.2762499999999999
F9.2,12,0.6,0.3099999999999999
F9.2,13,0.65,0.3437499999999999
F9.2,14,0.7,0.3774999999999999
F9.2,15,0.75,0.4112499999999999
F9.2,16,0.8,0.445
F9.2,17,0.85,0.4787499999999999
F9.2,18,0.9,0.5124999999999998
F9.2,19,0.95,0.5462499999999999
F9.2,20,1.0,0.58
F9.2,21,1.05,0.592
F9.2,22,1.1,0.604
F9.2,23,1.15,0.6159999999999999
F9.2,24,1.2,0.6279999999999999
F9.2,25,1.25,0.6399999999999999
F9.2,26,1.3,0.6519999999999999
F9.2,27,1.35,0.6639999999999999
F9.2,28,1.4,0.6759999999999999
F9.2,29,1.45,0.688
F9.2,30,1.5,0.7
F9.2,31,1.55,0.709
F9.2,32,1.6,0.718
F9.2,33,1.65,0.727
F9.2,34,1.7,0.736
F9.2,35,1.75,0.745
F9.2,36,1.8,0.754
F9.2,37,1.85,0.763
F9.2,38,1.9,0.772
F9.2,39,1.95,0.781
F9.2,40,2.0,0.79
F9.2,41,2.05,0.79425
F9.2,42,2.1,0.7985
F9.2,43,2.15,0.8027500000000001
F9.2,44,2.2,0.807
F9.2,45,2.25,0.81125
F9.2,46,2.3,0.8155
F9.2,47,2.35,0.81975
F9.2,48,2.4,0.8240000000000001
F9.2,49,2.45,0.82825
F9.2,50,2.5,0.8325
F9.2,51,2.55,0.83675
F9.2,52,2.6,0.841
F9.2,53,2.65,0.8452500000000001
F9.2,54,2.7,0.8495
F9.2,55,2.75,0.85375
F9.2,56,2.8,0.858
F9.2,57,2.85,0.86225
F9.2,58,2.9,0.8665
F9.2,59,2.95,0.87075
F9.2,60,3.0,0.875
F9.2,61,3.05,0.87925
F9.2,62,3.1,0.8835
F9.2,63,3.15,0.88775
F9.2,64,3.2,0.892
F9.2,65,3.25,0.89625
F9.2,66,3.3,0.9005
F9.2,67,3.35,0.90475
F9.2,68,3.4,0.909
F9.2,69,3.45,0.91325
F9.2,70,3.5,0.9175
F9.2,71,3.55,0.92175
F9.2,72,3.6,0.926
F9.2,73,3.65,0.93025
F9.2,74,3.7,0.9345
F9.2,75,3.75,0.93875
F9.2,76,3.8,0.943
F9.2,77,3.85,0.94725
F9.2,78,3.9,0.9515
F9.2,79,3.95,0.95575
F9.2,80,4.0,0.96
F9.2,81,4.05,0.962
F9.2,82,4.1,0.964
F9.2,83,4.15,0.966
F9.2,84,4.2,0.968
F9.2,85,4.25,0.97
F9.2,86,4.3,0.972
F9.2,87,4.35,0.974
F9.2,88,4.4,0.976
F9.2,89,4.44999999999999,0.978
F9.2,90,4.49999999999999,0.98
F9.2,91,4.54999999999999,0.982
F9.2,92,4.59999999999999,0.984
F9.2,93,4.64999999999999,0.986
F9.2,94,4.69999999999999,0.988
F9.2,95,4.74999999999999,0.99
F9.2,96,4.79999999999999,0.992
F9.2,97,4.84999999999999,0.994
F9.2,98,4.89999999999999,0.996
F9.2,99,4.94999999999999,0.998
F9.2,100,4.99999999999999,1.0
F9.3,0,0.0,0.0
F9.3,1,0.05,0.02
F9.3,2,0.1,0.04
F9.3,3,0.15,0.06
F9.3,4,0.2,0.08
F9.3,5,0.25,0.1
F9.3,6,0.3,0.12
F9.3,7,0.35,0.14
F9.3,8,0.4,0.16
F9.3,9,0.45,0.18
F9.3,10,0.5,0.2
F9.3,11,0.55,0.22
F9.3,12,0.6,0.24
F9.3,13,0.65,0.26
F9.3,14,0.7,0.28
F9.3,15,0.75,0.3
F9.3,16,0.8,0.32
F9.3,17,0.85,0.34
F9.3,18,0.9,0.36
F9.3,19,0.95,0.38
F9.3,20,1.0,0.4
F9.3,21,1.05,0.42
F9.3,22,1.1,0.44
F9.3,23,1.15,0.4599999999999999
F9.3,24,1.2,0.48
F9.3,25,1.25,0.5
F9.3,26,1.3,0.52
F9.3,27,1.35,0.54
F9.3,28,1.4,0.56
F9.3,29,1.45,0.58
F9.3,30,1.5,0.6
F9.3,31,1.55,0.62
F9.3,32,1.6,0.64
F9.3,33,1.65,0.66
F9.3,34,1.7,0.68
F9.3,35,1.75,0.7000000000000001
F9.3,36,1.8,0.72
F9.3,37,1.85,0.74
F9.3,38,1.9,0.76
F9.3,39,1.95,0.78
F9.3,40,2.0,0.8
F9.3,41,2.05,0.8049999999999999
F9.3,42,2.1,0.8099999999999999
F9.3,43,2.15,0.815
F9.3,44,2.2,0.8200000000000001
F9.3,45,2.25,0.825
F9.3,46,2.3,0.83
F9.3,47,2.35,0.835
F9.3,48,2.4,0.84
F9.3,49,2.45,0.845
F9.3,50,2.5,0.85
F9.3,51,2.55,0.855
F9.3,52,2.6,0.86
F9.3,53,2.65,0.865
F9.3,54,2.7,0.87
F9.3,55,2.75,0.875
F9.3,56,2.8,0.88
F9.3,57,2.85,0.885
F9.3,58,2.9,0.8899999999999999
F9.3,59,2.95,0.895
F9.3,60,3.0,0.8999999999999999
F9.3,61,3.05,0.905
F9.3,62,3.1,0.91
F9.3,63,3.15,0.915
F9.3,64,3.2,0.92
F9.3,65,3.25,0.925
F9.3,66,3.3,0.93
F9.3,67,3.35,0.935
F9.3,68,3.4,0.94
F9.3,69,3.45,0.945
F9.3,70,3.5,0.95
F9.3,71,3.55,0.955
F9.3,72,3.6,0.96
F9.3,73,3.65,0.965
F9.3,74,3.7,0.97
F9.3,75,3.75,0.975
F9.3,76,3.8,0.98
F9.3,77,3.85,0.985
F9.3,78,3.9,0.99
F9.3,79,3.95,0.995
F9.3,80,4.0,1.0
F9.3,81,4.05,1.0
F9.3,82,4.1,1.0
F9.3,83,4.15,1.0
F9.3,84,4.2,1.0
F9.3,85,4.25,1.0
F9.3,86,4.3,1.0
F9.3,87,4.35,1.0
F9.3,88,4.4,1.0
F9.3,89,4.44999999999999,1.0
F9.3,90,4.49999999999999,1.0
F9.3,91,4.54999999999999,1.0
F9.3,92,4.59999999999999,1.0
F9.3,93,4.64999999999999,1.0
F9.3,94,4.69999999999999,1.0
F9.3,95,4.74999999999999,1.0
F9.3,96,4.79999999999999,1.0
F9.3,97,4.84999999999999,1.0
F9.3,98,4.89999999999999,1.0
F9.3,99,4.94999999999999,1.0
F9.3,100,4.99999999999999,1.0
L1.1,0,0.0,0.0
L1.1,1,1.0,4.9164402107263137e-11
L1.1,2,2.0,1.855603785825112e-07
L1.1,3,3.0,9.6744907191745e-06
L1.1,4,4.0,0.0001091199942954
L1.1,5,5.0,0.0005757631858114
L1.1,6,6.0,0.001950988408503
L1.1,7,7.0,0.0049733311377625
L1.1,8,8.0,0.0104270576131918
L1.1,9,9.0,0.0189909877893925
L1.1,10,10.0,0.0311378170164865
L1.1,11,11.0,0.0470940196019214
L1.1,12,12.0,0.0668480024054623
L1.1,13,13.0,0.0901877712512558
L1.1,14,14.0,0.1167514962428136
L1.1,15,15.0,0.1460793221567352
L1.1,16,16.0,0.1776596307078245
L1.1,17,17.0,0.2109666578659175
L1.1,18,18.0,0.2454887813264306
L1.1,19,19.0,0.2807481628849825
L1.1,20,20.0,0.3163130730383875
L1.1,21,21.0,0.351804413209675
L1.1,22,22.0,0.386897884461523
L1.1,23,23.0,0.4213230627680823
L1.1,24,24.0,0.4548604104466848
L1.1,25,25.0,0.4873370260711826
L1.1,26,26.0,0.518621733079194
L1.1,27,27.0,0.5486199386205011
L1.1,28,28.0,0.5772685596310891
L1.1,29,29.0,0.6045312095152169
L1.1,30,30.0,0.6303937614990469
L1.1,31,31.0,0.654860348729438
L1.1,32,32.0,0.6779498219372007
L1.1,33,33.0,0.6996926590058151
L1.1,34,34.0,0.7201283038265058
L1.1,35,35.0,0.7393029017864374
L1.1,36,36.0,0.75726739411871
L1.1,37,37.0,0.7740759316157555
L1.1,38,38.0,0.7897845687368661
L1.1,39,39.0,0.8044502010972521
L1.1,40,40.0,0.8181297121168616
L1.1,41,41.0,0.8308792978165582
L1.1,42,42.0,0.842753942093685
L1.1,43,43.0,0.85380701810181
L1.1,44,44.0,0.8640899944836253
L1.1,45,45.0,0.8736522280939529
L1.1,46,46.0,0.8825408274683536
L1.1,47,47.0,0.8908005736318286
L1.1,48,48.0,0.8984738869066083
L1.1,49,49.0,0.9056008301825088
L1.1,50,50.0,0.912219140677636
L1.1,51,51.0,0.9183642835637778
L1.1,52,52.0,0.9240695219827731
L1.1,53,53.0,0.9293659989601912
L1.1,54,54.0,0.9342828275521924
L1.1,55,55.0,0.9388471862602672
L1.1,56,56.0,0.943084417334579
L1.1,57,57.0,0.9470181260758866
L1.1,58,58.0,0.950670279652634
L1.1,59,59.0,0.9540613042861884
L1.1,60,60.0,0.9572101799341448
L1.1,61,61.0,0.9601345318284362
L1.1,62,62.0,0.96285071840968
L1.1,63,63.0,0.9653739153486331
L1.1,64,64.0,0.9677181954656436
L1.1,65,65.0,0.9698966044545424
L1.1,66,66.0,0.97192123239272
L1.1,67,67.0,0.9738032810777066
L1.1,68,68.0,0.9755531272754088
L1.1,69,69.0,0.9771803819987508
L1.1,70,70.0,0.9786939459599122
L1.1,71,71.0,0.9801020613563808
L1.1,72,72.0,0.9814123601621216
L1.1,73,73.0,0.9826319091014754
L1.1,74,74.0,0.9837672514859676
L1.1,75,75.0,0.9848244460938212
L1.1,76,76.0,0.9858091032693233
L1.1,77,77.0,0.9867264184148288
L1.1,78,78.0,0.9875812030425568
L1.1,79,79.0,0.9883779135467866
L1.1,80,80.0,0.9891206778499304
L1.1,81,81.0,0.9898133200684122
L1.1,82,82.0,0.9904593833365808
L1.1,83,83.0,0.991062150919108
L1.1,84,84.0,0.991624665734634
L1.1,85,85.0,0.9921497484058694
L1.1,86,86.0,0.9926400139440462
L1.1,87,87.0,0.9930978871685392
L1.1,88,88.0,0.9935256169557254
L1.1,89,89.0,0.9939252894046954
L1.1,90,90.0,0.9942988400013272
L1.1,91,91.0,0.9946480648564444
L1.1,92,92.0,0.9949746310883492
L1.1,93,93.0,0.9952800864149002
L1.1,94,94.0,0.9955658680155204
L1.1,95,95.0,0.9958333107190394
L1.1,96,96.0,0.9960836545690972
L1.1,97,97.0,0.9963180518149386
L1.1,98,98.0,0.9965375733718076
L1.1,99,99.0,0.9967432147917864
L1.1,100,100.0,0.9969359017827952
L1.1,101,101.0,0.9971164953105774
L1.1,102,102.0,0.9972857963158104
L1.1,103,103.0,0.9974445500759967
L1.1,104,104.0,0.9975934502394984
L1.1,105,105.0,0.99773314255695
L1.1,106,106.0,0.9978642283333294
L1.1,107,107.0,0.9979872676221488
L1.1,108,108.0,0.9981027821815592
L1.1,109,109.0,0.9982112582106252
L1.1,110,110.0,0.9983131488825916
L1.1,111,111.0,0.9984088766906648
L1.1,112,112.0,0.9984988356206128
L1.1,113,113.0,0.9985833931633804
L1.1,114,114.0,0.9986628921798794
L1.1,115,115.0,0.9987376526291808
L1.1,116,116.0,0.9988079731704472
L1.1,117,117.0,0.9988741326481538
L1.1,118,118.0,0.9989363914693996
L1.1,119,119.0,0.9989949928814263
L1.1,120,120.0,0.999050164156844
L1.1,121,121.0,0.9991021176934676
L1.1,122,122.0,0.9991510520351544
L1.1,123,123.0,0.999197152819523
L1.1,124,124.0,0.999240593657997
L1.1,125,125.0,0.9992815369531872
L1.1,126,126.0,0.9993201346582508
L1.1,127,127.0,0.9993565289825084
L1.1,128,128.0,0.9993908530472714
L1.1,129,129.0,0.999423231495534
L1.1,130,130.0,0.9994537810589084
L1.1,131,131.0,0.9994826110849202
L1.1,132,132.0,0.9995098240275522
L1.1,133,133.0,0.9995355159037008
L1.1,134,134.0,0.9995597767180142
L1.1,135,135.0,0.9995826908583932
L1.1,136,136.0,0.9996043374642652
L1.1,137,137.0,0.9996247907695852
L1.1,138,138.0,0.9996441204223718
L1.1,139,139.0,0.9996623917824528
L1.1,140,140.0,0.999679666198968
L1.1,141,141.0,0.999696001269066
L1.1,142,142.0,0.9997114510791258
L1.1,143,143.0,0.9997260664297328
L1.1,144,144.0,0.9997398950455516
L1.1,145,145.0,0.9997529817711543
L1.1,146,146.0,0.999765368753787
L1.1,147,147.0,0.9997770956139794
L1.1,148,148.0,0.9997881996048482
L1.1,149,149.0,0.9997987157608712
L1.1,150,150.0,0.9998086770368626
L1.1,151,151.0,0.9998181144378224
L1.1,152,152.0,0.9998270571402866
L1.1,153,153.0,0.9998355326057572
L1.1,154,154.0,0.999843566686756
L1.1,155,155.0,0.9998511837260012
L1.1,156,156.0,0.9998584066491718
L1.1,157,157.0,0.9998652570516966
L1.1,158,158.0,0.9998717552799666
L1.1,159,159.0,0.9998779205073484
L1.1,160,160.0,0.999883770805343
L1.1,161,161.0,0.9998893232102202
L1.1,162,162.0,0.999894593785422
L1.1,163,163.0,0.9998995976800216
L1.1,164,164.0,0.999904349183496
L1.1,165,165.0,0.9999088617770576
L1.1,166,166.0,0.9999131481817678
L1.1,167,167.0,0.9999172204036462
L1.1,168,168.0,0.9999210897759708
L1.1,169,169.0,0.9999247669989534
L1.1,170,170.0,0.9999282621769564
L1.1,171,171.0,0.999931584853417
L1.1,172,172.0,0.9999347440436218
L1.1,173,173.0,0.9999377482654708
L1.1,174,174.0,0.9999406055683614
L1.1,175,175.0,0.999943323560312
L1.1,176,176.0,0.9999459094334376
L1.1,177,177.0,0.9999483699878812
L1.1,178,178.0,0.9999507116543
L1.1,179,179.0,0.9999529405149992
L1.1,180,180.0,0.9999550623237934
L1.1,181,181.0,0.999957082524684
L1.1,182,182.0,0.9999590062694168
L1.1,183,183.0,0.9999608384339996
L1.1,184,184.0,0.999962583634236
L1.1,185,185.0,0.999964246240343
L1.1,186,186.0,0.999965830390706
L1.1,187,187.0,0.9999673400048243
L1.1,188,188.0,0.9999687787954986
L1.1,189,189.0,0.9999701502803048
L1.1,190,190.0,0.9999714577924004
L1.1,191,191.0,0.999972704490703
L1.1,192,192.0,0.9999738933694772
L1.1,193,193.0,0.9999750272673702
L1.1,194,194.0,0.999976108875924
L1.1,195,195.0,0.9999771407476024
L1.1,196,196.0,0.9999781253033532
L1.1,197,197.0,0.999979064839744
L1.1,198,198.0,0.9999799615356876
L1.1,199,199.0,0.9999808174587872
L1.1,200,200.0,0.9999816345713224
L1.1,201,201.0,0.9999824147358958
L1.1,202,202.0,0.999983159720764
L1.1,203,203.0,0.999983871204868
L1.1,204,204.0,0.9999845507825804
L1.1,205,205.0,0.9999851999681912
L1.1,206,206.0,0.9999858202001412
L1.1,207,207.0,0.9999864128450204
L1.1,208,208.0,0.9999869792013468
L1.1,209,209.0,0.9999875205031348
L1.1,210,210.0,0.9999880379232678
L1.1,211,211.0,0.9999885325766869
L1.1,212,212.0,0.9999890055234022
L1.1,213,213.0,0.9999894577713424
L1.1,214,214.0,0.999989890279048
L1.1,215,215.0,0.999990303958218
L1.1,216,216.0,0.9999906996761204
L1.1,217,217.0,0.9999910782578694
L1.1,218,218.0,0.999991440488583
L1.1,219,219.0,0.999991787115424
L1.1,220,220.0,0.9999921188495297
L1.1,221,221.0,0.9999924363678412
L1.1,222,222.0,0.999992740314834
L1.1,223,223.0,0.9999930313041562
L1.1,224,224.0,0.9999933099201804
L1.1,225,225.0,0.999993576719474
L1.1,226,226.0,0.9999938322321916
L1.1,227,227.0,0.999994076963393
L1.1,228,228.0,0.9999943113942952
L1.1,229,229.0,0.9999945359834548
L1.1,230,230.0,0.9999947511678926
L1.1,231,231.0,0.9999949573641576
L1.1,232,232.0,0.9999951549693352
L1.1,233,233.0,0.9999953443620052
L1.1,234,234.0,0.9999955259031492
L1.1,235,235.0,0.9999956999370112
L1.1,236,236.0,0.9999958667919142
L1.1,237,237.0,0.9999960267810352
L1.1,238,238.0,0.9999961802031404
L1.1,239,239.0,0.9999963273432824
L1.1,240,240.0,0.999996468473464
L1.1,241,241.0,0.9999966038532644
L1.1,242,242.0,0.9999967337304392
L1.1,243,243.0,0.999996858341484
L1.1,244,244.0,0.9999969779121752
L1.1,245,245.0,0.9999970926580802
L1.1,246,246.0,0.9999972027850432
L1.1,247,247.0,0.9999973084896464
L1.1,248,248.0,0.9999974099596486
L1.1,249,249.0,0.9999975073744022
L1.1,250,250.0,0.9999976009052484
L12.1,0,0.0,0.0
L12.1,1,1.0,4.9164402107263137e-11
L12.1,2,2.0,1.855603785825112e-07
L12.1,3,3.0,9.6744907191745e-06
L12.1,4,4.0,0.0001091199942954
L12.1,5,5.0,0.0005757631858114
L12.1,6,6.0,0.001950988408503
L12.1,7,7.0,0.0049733311377625
L12.1,8,8.0,0.0104270576131918
L12.1,9,9.0,0.0189909877893925
L12.1,10,10.0,0.0311378170164865
L12.1,11,11.0,0.0470940196019214
L12.1,12,12.0,0.0668480024054623
L12.1,13,13.0,0.0901877712512558
L12.1,14,14.0,0.1167514962428136
L12.1,15,15.0,0.1460793221567352
L12.1,16,16.0,0.1776596307078245
L12.1,17,17.0,0.2109666578659175
L12.1,18,18.0,0.2454887813264306
L12.1,19,19.0,0.2807481628849825
L12.1,20,20.0,0.3163130730383875
L12.1,21,21.0,0.351804413209675
L12.1,22,22.0,0.386897884461523
L12.1,23,23.0,0.4213230627680823
L12.1,24,24.0,0.4548604104466848
L12.1,25,25.0,0.4873370260711826
L12.1,26,26.0,0.518621733079194
L12.1,27,27.0,0.5486199386205011
L12.1,28,28.0,0.5772685596310891
L12.1,29,29.0,0.6045312095152169
L12.1,30,30.0,0.6303937614990469
L12.1,31,31.0,0.654860348729438
L12.1,32,32.0,0.6779498219372007
L12.1,33,33.0,0.6996926590058151
L12.1,34,34.0,0.7201283038265058
L12.1,35,35.0,0.7393029017864374
L12.1,36,36.0,0.75726739411871
L12.1,37,37.0,0.7740759316157555
L12.1,38,38.0,0.7897845687368661
L12.1,39,39.0,0.8044502010972521
L12.1,40,40.0,0.8181297121168616
L12.1,41,41.0,0.8308792978165582
L12.1,42,42.0,0.842753942093685
L12.1,43,43.0,0.85380701810181
L12.1,44,44.0,0.8640899944836253
L12.1,45,45.0,0.8736522280939529
L12.1,46,46.0,0.8825408274683536
L12.1,47,47.0,0.8908005736318286
L12.1,48,48.0,0.8984738869066083
L12.1,49,49.0,0.9056008301825088
L12.1,50,50.0,0.912219140677636
L12.1,51,51.0,0.9183642835637778
L12.1,52,52.0,0.9240695219827731
L12.1,53,53.0,0.9293659989601912
L12.1,54,54.0,0.9342828275521924
L12.1,55,55.0,0.9388471862602672
L12.1,56,56.0,0.943084417334579
L12.1,57,57.0,0.9470181260758866
L12.1,58,58.0,0.950670279652634
L12.1,59,59.0,0.9540613042861884
L12.1,60,60.0,0.9572101799341448
L12.1,61,61.0,0.9601345318284362
L12.1,62,62.0,0.96285071840968
L12.1,63,63.0,0.9653739153486331
L12.1,64,64.0,0.9677181954656436
L12.1,65,65.0,0.9698966044545424
L12.1,66,66.0,0.97192123239272
L12.1,67,67.0,0.9738032810777066
L12.1,68,68.0,0.9755531272754088
L12.1,69,69.0,0.9771803819987508
L12.1,70,70.0,0.9786939459599122
L12.1,71,71.0,0.9801020613563808
L12.1,72,72.0,0.9814123601621216
L12.1,73,73.0,0.9826319091014754
L12.1,74,74.0,0.9837672514859676
L12.1,75,75.0,0.9848244460938212
L12.1,76,76.0,0.9858091032693233
L12.1,77,77.0,0.9867264184148288
L12.1,78,78.0,0.9875812030425568
L12.1,79,79.0,0.9883779135467866
L12.1,80,80.0,0.9891206778499304
L12.1,81,81.0,0.9898133200684122
L12.1,82,82.0,0.9904593833365808
L12.1,83,83.0,0.991062150919108
L12.1,84,84.0,0.991624665734634
L12.1,85,85.0,0.9921497484058694
L12.1,86,86.0,0.9926400139440462
L12.1,87,87.0,0.9930978871685392
L12.1,88,88.0,0.9935256169557254
L12.1,89,89.0,0.9939252894046954
L12.1,90,90.0,0.9942988400013272
L12.1,91,91.0,0.9946480648564444
L12.1,92,92.0,0.9949746310883492
L12.1,93,93.0,0.9952800864149002
L12.1,94,94.0,0.9955658680155204
L12.1,95,95.0,0.9958333107190394
L12.1,96,96.0,0.9960836545690972
L12.1,97,97.0,0.9963180518149386
L12.1,98,98.0,0.9965375733718076
L12.1,99,99.0,0.9967432147917864
L12.1,100,100.0,0.9969359017827952
L12.1,101,101.0,0.9971164953105774
L12.1,102,102.0,0.9972857963158104
L12.1,103,103.0,0.9974445500759967
L12.1,104,104.0,0.9975934502394984
L12.1,105,105.0,0.99773314255695
L12.1,106,106.0,0.9978642283333294
L12.1,107,107.0,0.9979872676221488
L12.1,108,108.0,0.9981027821815592
L12.1,109,109.0,0.9982112582106252
L12.1,110,110.0,0.9983131488825916
L12.1,111,111.0,0.9984088766906648
L12.1,112,112.0,0.9984988356206128
L12.1,113,113.0,0.9985833931633804
L12.1,114,114.0,0.9986628921798794
L12.1,115,115.0,0.9987376526291808
L12.1,116,116.0,0.9988079731704472
L12.1,117,117.0,0.9988741326481538
L12.1,118,118.0,0.9989363914693996
L12.1,119,119.0,0.9989949928814263
L12.1,120,120.0,0.999050164156844
L12.1,121,121.0,0.9991021176934676
L12.1,122,122.0,0.9991510520351544
L12.1,123,123.0,0.999197152819523
L12.1,124,124.0,0.999240593657997
L12.1,125,125.0,0.9992815369531872
L13.1,0,0.0,0.0
L13.1,1,1.0,4.9164402107263137e-11
L13.1,2,2.0,1.855603785825112e-07
L13.1,3,3.0,9.6744907191745e-06
L13.1,4,4.0,0.0001091199942954
L13.1,5,5.0,0.0005757631858114
L13.1,6,6.0,0.001950988408503
L13.1,7,7.0,0.0049733311377625
L13.1,8,8.0,0.0104270576131918
L13.1,9,9.0,0.0189909877893925
L13.1,10,10.0,0.0311378170164865
L13.1,11,11.0,0.0470940196019214
L13.1,12,12.0,0.0668480024054623
L13.1,13,13.0,0.0901877712512558
L13.1,14,14.0,0.1167514962428136
L13.1,15,15.0,0.1460793221567352
L13.1,16,16.0,0.1776596307078245
L13.1,17,17.0,0.2109666578659175
L13.1,18,18.0,0.2454887813264306
L13.1,19,19.0,0.2807481628849825
L13.1,20,20.0,0.3163130730383875
L13.1,21,21.0,0.351804413209675
L13.1,22,22.0,0.386897884461523
L13.1,23,23.0,0.4213230627680823
L13.1,24,24.0,0.4548604104466848
L13.1,25,25.0,0.4873370260711826
L13.1,26,26.0,0.518621733079194
L13.1,27,27.0,0.5486199386205011
L13.1,28,28.0,0.5772685596310891
L13.1,29,29.0,0.6045312095152169
L13.1,30,30.0,0.6303937614990469
L13.1,31,31.0,0.654860348729438
L13.1,32,32.0,0.6779498219372007
L13.1,33,33.0,0.6996926590058151
L13.1,34,34.0,0.7201283038265058
L13.1,35,35.0,0.7393029017864374
L13.1,36,36.0,0.75726739411871
L13.1,37,37.0,0.7740759316157555
L13.1,38,38.0,0.7897845687368661
L13.1,39,39.0,0.8044502010972521
L13.1,40,40.0,0.8181297121168616
L13.1,41,41.0,0.8308792978165582
L13.1,42,42.0,0.842753942093685
L13.1,43,43.0,0.85380701810181
L13.1,44,44.0,0.8640899944836253
L13.1,45,45.0,0.8736522280939529
L13.1,46,46.0,0.8825408274683536
L13.1,47,47.0,0.8908005736318286
L13.1,48,48.0,0.8984738869066083
L13.1,49,49.0,0.9056008301825088
L13.1,50,50.0,0.912219140677636
L13.1,51,51.0,0.9183642835637778
L13.1,52,52.0,0.9240695219827731
L13.1,53,53.0,0.9293659989601912
L13.1,54,54.0,0.9342828275521924
L13.1,55,55.0,0.9388471862602672
L13.1,56,56.0,0.943084417334579
L13.1,57,57.0,0.9470181260758866
L13.1,58,58.0,0.950670279652634
L13.1,59,59.0,0.9540613042861884
L13.1,60,60.0,0.9572101799341448
L13.1,61,61.0,0.9601345318284362
L13.1,62,62.0,0.96285071840968
L13.1,63,63.0,0.9653739153486331
L13.1,64,64.0,0.9677181954656436
L13.1,65,65.0,0.9698966044545424
L13.1,66,66.0,0.97192123239272
L13.1,67,67.0,0.9738032810777066
L13.1,68,68.0,0.9755531272754088
L13.1,69,69.0,0.9771803819987508
L13.1,70,70.0,0.9786939459599122
L13.1,71,71.0,0.9801020613563808
L13.1,72,72.0,0.9814123601621216
L13.1,73,73.0,0.9826319091014754
L13.1,74,74.0,0.9837672514859676
L13.1,75,75.0,0.9848244460938212
L13.1,76,76.0,0.9858091032693233
L13.1,77,77.0,0.9867264184148288
L13.1,78,78.0,0.9875812030425568
L13.1,79,79.0,0.9883779135467866
L13.1,80,80.0,0.9891206778499304
L13.1,81,81.0,0.9898133200684122
L13.1,82,82.0,0.9904593833365808
L13.1,83,83.0,0.991062150919108
L13.1,84,84.0,0.991624665734634
L13.1,85,85.0,0.9921497484058694
L13.1,86,86.0,0.9926400139440462
L13.1,87,87.0,0.9930978871685392
L13.1,88,88.0,0.9935256169557254
L13.1,89,89.0,0.9939252894046954
L13.1,90,90.0,0.9942988400013272
L13.1,91,91.0,0.9946480648564444
L13.1,92,92.0,0.9949746310883492
L13.1,93,93.0,0.9952800864149002
L13.1,94,94.0,0.9955658680155204
L13.1,95,95.0,0.9958333107190394
L13.1,96,96.0,0.9960836545690972
L13.1,97,97.0,0.9963180518149386
L13.1,98,98.0,0.9965375733718076
L13.1,99,99.0,0.9967432147917864
L13.1,100,100.0,0.9969359017827952
L13.1,101,101.0,0.9971164953105774
L13.1,102,102.0,0.9972857963158104
L13.1,103,103.0,0.9974445500759967
L13.1,104,104.0,0.9975934502394984
L13.1,105,105.0,0.99773314255695
L13.1,106,106.0,0.9978642283333294
L13.1,107,107.0,0.9979872676221488
L13.1,108,108.0,0.9981027821815592
L13.1,109,109.0,0.9982112582106252
L13.1,110,110.0,0.9983131488825916
L13.1,111,111.0,0.9984088766906648
L13.1,112,112.0,0.9984988356206128
L13.1,113,113.0,0.9985833931633804
L13.1,114,114.0,0.9986628921798794
L13.1,115,115.0,0.9987376526291808
L13.1,116,116.0,0.9988079731704472
L13.1,117,117.0,0.9988741326481538
L13.1,118,118.0,0.9989363914693996
L13.1,119,119.0,0.9989949928814263
L13.1,120,120.0,0.999050164156844
L13.1,121,121.0,0.9991021176934676
L13.1,122,122.0,0.9991510520351544
L13.1,123,123.0,0.999197152819523
L13.1,124,124.0,0.999240593657997
L13.1,125,125.0,0.9992815369531872
L13.1,126,126.0,0.9993201346582508
L13.1,127,127.0,0.9993565289825084
L13.1,128,128.0,0.9993908530472714
L13.1,129,129.0,0.999423231495534
L13.1,130,130.0,0.9994537810589084
L13.1,131,131.0,0.9994826110849202
L13.1,132,132.0,0.9995098240275522
L13.1,133,133.0,0.9995355159037008
L13.1,134,134.0,0.9995597767180142
L13.1,135,135.0,0.9995826908583932
L13.1,136,136.0,0.9996043374642652
L13.1,137,137.0,0.9996247907695852
L13.1,138,138.0,0.9996441204223718
L13.1,139,139.0,0.9996623917824528
L13.1,140,140.0,0.999679666198968
L13.1,141,141.0,0.999696001269066
L13.1,142,142.0,0.9997114510791258
L13.1,143,143.0,0.9997260664297328
L13.1,144,144.0,0.9997398950455516
L13.1,145,145.0,0.9997529817711543
L13.1,146,146.0,0.999765368753787
L13.1,147,147.0,0.9997770956139794
L13.1,148,148.0,0.9997881996048482
L13.1,149,149.0,0.9997987157608712
L13.1,150,150.0,0.9998086770368626
L13.1,151,151.0,0.9998181144378224
L13.1,152,152.0,0.9998270571402866
L13.1,153,153.0,0.9998355326057572
L13.1,154,154.0,0.999843566686756
L13.1,155,155.0,0.9998511837260012
L13.1,156,156.0,0.9998584066491718
L13.1,157,157.0,0.9998652570516966
L13.1,158,158.0,0.9998717552799666
L13.1,159,159.0,0.9998779205073484
L13.1,160,160.0,0.999883770805343
L13.1,161,161.0,0.9998893232102202
L13.1,162,162.0,0.999894593785422
L13.1,163,163.0,0.9998995976800216
L13.1,164,164.0,0.999904349183496
L13.1,165,165.0,0.9999088617770576
L13.1,166,166.0,0.9999131481817678
L13.1,167,167.0,0.9999172204036462
L13.1,168,168.0,0.9999210897759708
L13.1,169,169.0,0.9999247669989534
L13.1,170,170.0,0.9999282621769564
L13.1,171,171.0,0.999931584853417
L13.1,172,172.0,0.9999347440436218
L13.1,173,173.0,0.9999377482654708
L13.1,174,174.0,0.9999406055683614
L13.1,175,175.0,0.999943323560312
L13.1,176,176.0,0.9999459094334376
L13.1,177,177.0,0.9999483699878812
L13.1,178,178.0,0.9999507116543
L13.1,179,179.0,0.9999529405149992
L13.1,180,180.0,0.9999550623237934
L13.1,181,181.0,0.999957082524684
L13.1,182,182.0,0.9999590062694168
L13.1,183,183.0,0.9999608384339996
L13.1,184,184.0,0.999962583634236
L13.1,185,185.0,0.999964246240343
L13.1,186,186.0,0.999965830390706
L13.1,187,187.0,0.9999673400048243
L13.1,188,188.0,0.9999687787954986
L13.1,189,189.0,0.9999701502803048
L13.1,190,190.0,0.9999714577924004
L13.1,191,191.0,0.999972704490703
L13.1,192,192.0,0.9999738933694772
L13.1,193,193.0,0.9999750272673702
L13.1,194,194.0,0.999976108875924
L13.1,195,195.0,0.9999771407476024
L13.1,196,196.0,0.9999781253033532
L13.1,197,197.0,0.999979064839744
L13.1,198,198.0,0.9999799615356876
L13.1,199,199.0,0.9999808174587872
L13.1,200,200.0,0.9999816345713224
L13.1,201,201.0,0.9999824147358958
L13.1,202,202.0,0.999983159720764
L13.1,203,203.0,0.999983871204868
L13.1,204,204.0,0.9999845507825804
L13.1,205,205.0,0.9999851999681912
L13.1,206,206.0,0.9999858202001412
L13.1,207,207.0,0.9999864128450204
L13.1,208,208.0,0.9999869792013468
L13.1,209,209.0,0.9999875205031348
L13.1,210,210.0,0.9999880379232678
L13.1,211,211.0,0.9999885325766869
L13.1,212,212.0,0.9999890055234022
L13.1,213,213.0,0.9999894577713424
L13.1,214,214.0,0.999989890279048
L13.1,215,215.0,0.999990303958218
L13.1,216,216.0,0.9999906996761204
L13.1,217,217.0,0.9999910782578694
L13.1,218,218.0,0.999991440488583
L13.1,219,219.0,0.999991787115424
L13.1,220,220.0,0.9999921188495297
L13.1,221,221.0,0.9999924363678412
L13.1,222,222.0,0.999992740314834
L13.1,223,223.0,0.9999930313041562
L13.1,224,224.0,0.9999933099201804
L13.1,225,225.0,0.999993576719474
L13.1,226,226.0,0.9999938322321916
L13.1,227,227.0,0.999994076963393
L13.1,228,228.0,0.9999943113942952
L13.1,229,229.0,0.9999945359834548
L13.1,230,230.0,0.9999947511678926
L13.1,231,231.0,0.9999949573641576
L13.1,232,232.0,0.9999951549693352
L13.1,233,233.0,0.9999953443620052
L13.1,234,234.0,0.9999955259031492
L13.1,235,235.0,0.9999956999370112
L13.1,236,236.0,0.9999958667919142
L13.1,237,237.0,0.9999960267810352
L13.1,238,238.0,0.9999961802031404
L13.1,239,239.0,0.9999963273432824
L13.1,240,240.0,0.999996468473464
L13.1,241,241.0,0.9999966038532644
L13.1,242,242.0,0.9999967337304392
L13.1,243,243.0,0.999996858341484
L13.1,244,244.0,0.9999969779121752
L13.1,245,245.0,0.9999970926580802
L13.1,246,246.0,0.9999972027850432
L13.1,247,247.0,0.9999973084896464
L13.1,248,248.0,0.9999974099596486
L13.1,249,249.0,0.9999975073744022
L13.1,250,250.0,0.9999976009052484
L13.12,0,0.0,0.0
L13.12,1,1.0,0.0001155066244963
L13.12,2,2.0,0.0063434284278331
L13.12,3,3.0,0.0307122455746215
L13.12,4,4.0,0.0697253580255069
L13.12,5,5.0,0.1141236953170437
L13.12,6,6.0,0.1583497246306457
L13.12,7,7.0,0.2004190649634245
L13.12,8,8.0,0.2400904006011283
L13.12,9,9.0,0.2777148774492161
L13.12,10,10.0,0.3137285703395228
L13.12,11,11.0,0.34847698285875
L13.12,12,12.0,0.3821800805526298
L13.12,13,13.0,0.4149483184537877
L13.12,14,14.0,0.4468122077102072
L13.12,15,15.0,0.4777510756817605
L13.12,16,16.0,0.507716366777215
L13.12,17,17.0,0.5366487348153932
L13.12,18,18.0,0.5644896295210696
L13.12,19,19.0,0.5911884999206257
L13.12,20,20.0,0.6167067349752493
L13.12,21,21.0,0.6410193029745719
L13.12,22,22.0,0.6641148530321774
L13.12,23,23.0,0.6859948541363101
L13.12,24,24.0,0.7066721880254941
L13.12,25,25.0,0.7261694856215568
L13.12,26,26.0,0.7445174004557746
L13.12,27,27.0,0.7617529417084721
L13.12,28,28.0,0.7779179389639395
L13.12,29,29.0,0.7930576758151897
L13.12,30,30.0,0.8072197060482597
L13.12,31,31.0,0.8204528511109875
L13.12,32,32.0,0.832806368476447
L13.12,33,33.0,0.8443292755113141
L13.12,34,34.0,0.8550698112100943
L13.12,35,35.0,0.8650750176923592
L13.12,36,36.0,0.8743904240024148
L13.12,37,37.0,0.8830598160302766
L13.12,38,38.0,0.8911250779733166
L13.12,39,39.0,0.8986260924722309
L13.12,40,40.0,0.905600688252295
L13.12,41,41.0,0.9120846257032312
L13.12,42,42.0,0.918111612296155
L13.12,43,43.0,0.9237133410453202
L13.12,44,44.0,0.9289195463722542
L13.12,45,45.0,0.9337580727260596
L13.12,46,46.0,0.9382549521672215
L13.12,47,47.0,0.9424344878468096
L13.12,48,48.0,0.946319340923092
L13.12,49,49.0,0.9499306189676456
L13.12,50,50.0,0.953287964336656
L13.12,51,51.0,0.9564096413326868
L13.12,52,52.0,0.9593126212689088
L13.12,53,53.0,0.9620126647814278
L13.12,54,54.0,0.964524400924506
L13.12,55,55.0,0.9668614027354944
L13.12,56,56.0,0.9690362590774888
L13.12,57,57.0,0.9710606426634384
L13.12,58,58.0,0.9729453742402026
L13.12,59,59.0,0.974700482968651
L13.12,60,60.0,0.9763352630795288
L13.12,61,61.0,0.977858326917084
L13.12,62,62.0,0.9792776545055994
L13.12,63,63.0,0.9806006397898036
L13.12,64,64.0,0.9818341337101076
L13.12,65,65.0,0.9829844842790404
L13.12,66,66.0,0.9840575738270496
L13.12,67,67.0,0.9850588535848928
L13.12,68,68.0,0.9859933757667914
L13.12,69,69.0,0.9868658233139006
L13.12,70,70.0,0.987680537451928
L13.12,71,71.0,0.988441543210202
L13.12,72,72.0,0.9891525730424908
L13.12,73,73.0,0.9898170886825636
L13.12,74,74.0,0.9904383013600732
L13.12,75,75.0,0.9910191904949496
L13.12,76,76.0,0.991562520981202
L13.12,77,77.0,0.9920708591639504
L13.12,78,78.0,0.9925465876066588
L13.12,79,79.0,0.992991918738984
L13.12,80,80.0,0.9934089074694036
L13.12,81,81.0,0.9937994628408532
L13.12,82,82.0,0.9941653588020072
L13.12,83,83.0,0.9945082441615624
L13.12,84,84.0,0.994829651787937
L13.12,85,85.0,0.9951310071121648
L13.12,86,86.0,0.9954136359874431
L13.12,87,87.0,0.9956787719547588
L13.12,88,88.0,0.9959275629602614
L13.12,89,89.0,0.9961610775665756
L13.12,90,90.0,0.9963803106969996
L13.12,91,91.0,0.9965861889485458
L13.12,92,92.0,0.9967795755069948
L13.12,93,93.0,0.9969612746945732
L13.12,94,94.0,0.9971320361784816
L13.12,95,95.0,0.9972925588663104
L13.12,96,96.0,0.9974434945123488
L13.12,97,97.0,0.997585451056927
L13.12,98,98.0,0.9977189957192004
L13.12,99,99.0,0.9978446578621964
L13.12,100,100.0,0.997962931647472
L13.12,101,101.0,0.9980742784953868
L13.12,102,102.0,0.998179129365737
L13.12,103,103.0,0.9982778868723566
L13.12,104,104.0,0.998370927244231
L13.12,105,105.0,0.9984586021446918
L13.12,106,106.0,0.9985412403593648
L13.12,107,107.0,0.998619149362718
L13.12,108,108.0,0.9986926167722902
L13.12,109,109.0,0.998761911698984
L13.12,110,110.0,0.9988272860011588
L13.12,111,111.0,0.9988889754496612
L13.12,112,112.0,0.9989472008103872
L13.12,113,113.0,0.9990021688504634
L13.12,114,114.0,0.9990540732736644
L13.12,115,115.0,0.9991030955902642
L13.12,116,116.0,0.9991494059261145
L13.12,117,117.0,0.999193163775384
L13.12,118,118.0,0.9992345187010596
L13.12,119,119.0,0.9992736109869887
L13.12,120,120.0,0.9993105722449764
L13.12,121,121.0,0.9993455259801652
L13.12,122,122.0,0.9993785881177024
L13.12,123,123.0,0.9994098674934644
L13.12,124,124.0,0.9994394663114003
L13.12,125,125.0,0.9994674805698784
L18.1,0,0.0,0.0
L18.1,1,1.0,4.9164402107263137e-11
L18.1,2,2.0,1.855603785825112e-07
L18.1,3,3.0,9.6744907191745e-06
L18.1,4,4.0,0.0001091199942954
L18.1,5,5.0,0.0005757631858114
L18.1,6,6.0,0.001950988408503
L18.1,7,7.0,0.0049733311377625
L18.1,8,8.0,0.0104270576131918
L18.1,9,9.0,0.0189909877893925
L18.1,10,10.0,0.0311378170164865
L18.1,11,11.0,0.0470940196019214
L18.1,12,12.0,0.0668480024054623
L18.1,13,13.0,0.0901877712512558
L18.1,14,14.0,0.1167514962428136
L18.1,15,15.0,0.1460793221567352
L18.1,16,16.0,0.1776596307078245
L18.1,17,17.0,0.2109666578659175
L18.1,18,18.0,0.2454887813264306
L18.1,19,19.0,0.2807481628849825
L18.1,20,20.0,0.3163130730383875
L18.1,21,21.0,0.351804413209675
L18.1,22,22.0,0.386897884461523
L18.1,23,23.0,0.4213230627680823
L18.1,24,24.0,0.4548604104466848
L18.1,25,25.0,0.4873370260711826
L18.1,26,26.0,0.518621733079194
L18.1,27,27.0,0.5486199386205011
L18.1,28,28.0,0.5772685596310891
L18.1,29,29.0,0.6045312095152169
L18.1,30,30.0,0.6303937614990469
L18.1,31,31.0,0.654860348729438
L18.1,32,32.0,0.6779498219372007
L18.1,33,33.0,0.6996926590058151
L18.1,34,34.0,0.7201283038265058
L18.1,35,35.0,0.7393029017864374
L18.1,36,36.0,0.75726739411871
L18.1,37,37.0,0.7740759316157555
L18.1,38,38.0,0.7897845687368661
L18.1,39,39.0,0.8044502010972521
L18.1,40,40.0,0.8181297121168616
L18.1,41,41.0,0.8308792978165582
L18.1,42,42.0,0.842753942093685
L18.1,43,43.0,0.85380701810181
L18.1,44,44.0,0.8640899944836253
L18.1,45,45.0,0.8736522280939529
L18.1,46,46.0,0.8825408274683536
L18.1,47,47.0,0.8908005736318286
L18.1,48,48.0,0.8984738869066083
L18.1,49,49.0,0.9056008301825088
L18.1,50,50.0,0.912219140677636
L18.1,51,51.0,0.9183642835637778
L18.1,52,52.0,0.9240695219827731
L18.1,53,53.0,0.9293659989601912
L18.1,54,54.0,0.9342828275521924
L18.1,55,55.0,0.9388471862602672
L18.1,56,56.0,0.943084417334579
L18.1,57,57.0,0.9470181260758866
L18.1,58,58.0,0.950670279652634
L18.1,59,59.0,0.9540613042861884
L18.1,60,60.0,0.9572101799341448
L18.1,61,61.0,0.9601345318284362
L18.1,62,62.0,0.96285071840968
L18.1,63,63.0,0.9653739153486331
L18.1,64,64.0,0.9677181954656436
L18.1,65,65.0,0.9698966044545424
L18.1,66,66.0,0.97192123239272
L18.1,67,67.0,0.9738032810777066
L18.1,68,68.0,0.9755531272754088
L18.1,69,69.0,0.9771803819987508
L18.1,70,70.0,0.9786939459599122
L18.1,71,71.0,0.9801020613563808
L18.1,72,72.0,0.9814123601621216
L18.1,73,73.0,0.9826319091014754
L18.1,74,74.0,0.9837672514859676
L18.1,75,75.0,0.9848244460938212
L18.1,76,76.0,0.9858091032693233
L18.1,77,77.0,0.9867264184148288
L18.1,78,78.0,0.9875812030425568
L18.1,79,79.0,0.9883779135467866
L18.1,80,80.0,0.9891206778499304
L18.1,81,81.0,0.9898133200684122
L18.1,82,82.0,0.9904593833365808
L18.1,83,83.0,0.991062150919108
L18.1,84,84.0,0.991624665734634
L18.1,85,85.0,0.9921497484058694
L18.1,86,86.0,0.9926400139440462
L18.1,87,87.0,0.9930978871685392
L18.1,88,88.0,0.9935256169557254
L18.1,89,89.0,0.9939252894046954
L18.1,90,90.0,0.9942988400013272
L18.1,91,91.0,0.9946480648564444
L18.1,92,92.0,0.9949746310883492
L18.1,93,93.0,0.9952800864149002
L18.1,94,94.0,0.9955658680155204
L18.1,95,95.0,0.9958333107190394
L18.1,96,96.0,0.9960836545690972
L18.1,97,97.0,0.9963180518149386
L18.1,98,98.0,0.9965375733718076
L18.1,99,99.0,0.9967432147917864
L18.1,100,100.0,0.9969359017827952
L18.1,101,101.0,0.9971164953105774
L18.1,102,102.0,0.9972857963158104
L18.1,103,103.0,0.9974445500759967
L18.1,104,104.0,0.9975934502394984
L18.1,105,105.0,0.99773314255695
L18.1,106,106.0,0.9978642283333294
L18.1,107,107.0,0.9979872676221488
L18.1,108,108.0,0.9981027821815592
L18.1,109,109.0,0.9982112582106252
L18.1,110,110.0,0.9983131488825916
L18.1,111,111.0,0.9984088766906648
L18.1,112,112.0,0.9984988356206128
L18.1,113,113.0,0.9985833931633804
L18.1,114,114.0,0.9986628921798794
L18.1,115,115.0,0.9987376526291808
L18.1,116,116.0,0.9988079731704472
L18.1,117,117.0,0.9988741326481538
L18.1,118,118.0,0.9989363914693996
L18.1,119,119.0,0.9989949928814263
L18.1,120,120.0,0.999050164156844
L18.1,121,121.0,0.9991021176934676
L18.1,122,122.0,0.9991510520351544
L18.1,123,123.0,0.999197152819523
L18.1,124,124.0,0.999240593657997
L18.1,125,125.0,0.9992815369531872
L2.1,0,0.0,0.0
L2.1,1,1.0,4.9164402107263137e-11
L2.1,2,2.0,1.855603785825112e-07
L2.1,3,3.0,9.6744907191745e-06
L2.1,4,4.0,0.0001091199942954
L2.1,5,5.0,0.0005757631858114
L2.1,6,6.0,0.001950988408503
L2.1,7,7.0,0.0049733311377625
L2.1,8,8.0,0.0104270576131918
L2.1,9,9.0,0.0189909877893925
L2.1,10,10.0,0.0311378170164865
L2.1,11,11.0,0.0470940196019214
L2.1,12,12.0,0.0668480024054623
L2.1,13,13.0,0.0901877712512558
L2.1,14,14.0,0.1167514962428136
L2.1,15,15.0,0.1460793221567352
L2.1,16,16.0,0.1776596307078245
L2.1,17,17.0,0.2109666578659175
L2.1,18,18.0,0.2454887813264306
L2.1,19,19.0,0.2807481628849825
L2.1,20,20.0,0.3163130730383875
L2.1,21,21.0,0.351804413209675
L2.1,22,22.0,0.386897884461523
L2.1,23,23.0,0.4213230627680823
L2.1,24,24.0,0.4548604104466848
L2.1,25,25.0,0.4873370260711826
L2.1,26,26.0,0.518621733079194
L2.1,27,27.0,0.5486199386205011
L2.1,28,28.0,0.5772685596310891
L2.1,29,29.0,0.6045312095152169
L2.1,30,30.0,0.6303937614990469
L2.1,31,31.0,0.654860348729438
L2.1,32,32.0,0.6779498219372007
L2.1,33,33.0,0.6996926590058151
L2.1,34,34.0,0.7201283038265058
L2.1,35,35.0,0.7393029017864374
L2.1,36,36.0,0.75726739411871
L2.1,37,37.0,0.7740759316157555
L2.1,38,38.0,0.7897845687368661
L2.1,39,39.0,0.8044502010972521
L2.1,40,40.0,0.8181297121168616
L2.1,41,41.0,0.8308792978165582
L2.1,42,42.0,0.842753942093685
L2.1,43,43.0,0.85380701810181
L2.1,44,44.0,0.8640899944836253
L2.1,45,45.0,0.8736522280939529
L2.1,46,46.0,0.8825408274683536
L2.1,47,47.0,0.8908005736318286
L2.1,48,48.0,0.8984738869066083
L2.1,49,49.0,0.9056008301825088
L2.1,50,50.0,0.912219140677636
L2.1,51,51.0,0.9183642835637778
L2.1,52,52.0,0.9240695219827731
L2.1,53,53.0,0.9293659989601912
L2.1,54,54.0,0.9342828275521924
L2.1,55,55.0,0.9388471862602672
L2.1,56,56.0,0.943084417334579
L2.1,57,57.0,0.9470181260758866
L2.1,58,58.0,0.950670279652634
L2.1,59,59.0,0.9540613042861884
L2.1,60,60.0,0.9572101799341448
L2.1,61,61.0,0.9601345318284362
L2.1,62,62.0,0.96285071840968
L2.1,63,63.0,0.9653739153486331
L2.1,64,64.0,0.9677181954656436
L2.1,65,65.0,0.9698966044545424
L2.1,66,66.0,0.97192123239272
L2.1,67,67.0,0.9738032810777066
L2.1,68,68.0,0.9755531272754088
L2.1,69,69.0,0.9771803819987508
L2.1,70,70.0,0.9786939459599122
L2.1,71,71.0,0.9801020613563808
L2.1,72,72.0,0.9814123601621216
L2.1,73,73.0,0.9826319091014754
L2.1,74,74.0,0.9837672514859676
L2.1,75,75.0,0.9848244460938212
L2.1,76,76.0,0.9858091032693233
L2.1,77,77.0,0.9867264184148288
L2.1,78,78.0,0.9875812030425568
L2.1,79,79.0,0.9883779135467866
L2.1,80,80.0,0.9891206778499304
L2.1,81,81.0,0.9898133200684122
L2.1,82,82.0,0.9904593833365808
L2.1,83,83.0,0.991062150919108
L2.1,84,84.0,0.991624665734634
L2.1,85,85.0,0.9921497484058694
L2.1,86,86.0,0.9926400139440462
L2.1,87,87.0,0.9930978871685392
L2.1,88,88.0,0.9935256169557254
L2.1,89,89.0,0.9939252894046954
L2.1,90,90.0,0.9942988400013272
L2.1,91,91.0,0.9946480648564444
L2.1,92,92.0,0.9949746310883492
L2.1,93,93.0,0.9952800864149002
L2.1,94,94.0,0.9955658680155204
L2.1,95,95.0,0.9958333107190394
L2.1,96,96.0,0.9960836545690972
L2.1,97,97.0,0.9963180518149386
L2.1,98,98.0,0.9965375733718076
L2.1,99,99.0,0.9967432147917864
L2.1,100,100.0,0.9969359017827952
L2.1,101,101.0,0.9971164953105774
L2.1,102,102.0,0.9972857963158104
L2.1,103,103.0,0.9974445500759967
L2.1,104,104.0,0.9975934502394984
L2.1,105,105.0,0.99773314255695
L2.1,106,106.0,0.9978642283333294
L2.1,107,107.0,0.9979872676221488
L2.1,108,108.0,0.9981027821815592
L2.1,109,109.0,0.9982112582106252
L2.1,110,110.0,0.9983131488825916
L2.1,111,111.0,0.9984088766906648
L2.1,112,112.0,0.9984988356206128
L2.1,113,113.0,0.9985833931633804
L2.1,114,114.0,0.9986628921798794
L2.1,115,115.0,0.9987376526291808
L2.1,116,116.0,0.9988079731704472
L2.1,117,117.0,0.9988741326481538
L2.1,118,118.0,0.9989363914693996
L2.1,119,119.0,0.9989949928814263
L2.1,120,120.0,0.999050164156844
L2.1,121,121.0,0.9991021176934676
L2.1,122,122.0,0.9991510520351544
L2.1,123,123.0,0.999197152819523
L2.1,124,124.0,0.999240593657997
L2.1,125,125.0,0.9992815369531872
L2.1,126,126.0,0.9993201346582508
L2.1,127,127.0,0.9993565289825084
L2.1,128,128.0,0.9993908530472714
L2.1,129,129.0,0.999423231495534
L2.1,130,130.0,0.9994537810589084
L2.1,131,131.0,0.9994826110849202
L2.1,132,132.0,0.9995098240275522
L2.1,133,133.0,0.9995355159037008
L2.1,134,134.0,0.9995597767180142
L2.1,135,135.0,0.9995826908583932
L2.1,136,136.0,0.9996043374642652
L2.1,137,137.0,0.9996247907695852
L2.1,138,138.0,0.9996441204223718
L2.1,139,139.0,0.9996623917824528
L2.1,140,140.0,0.999679666198968
L2.1,141,141.0,0.999696001269066
L2.1,142,142.0,0.9997114510791258
L2.1,143,143.0,0.9997260664297328
L2.1,144,144.0,0.9997398950455516
L2.1,145,145.0,0.9997529817711543
L2.1,146,146.0,0.999765368753787
L2.1,147,147.0,0.9997770956139794
L2.1,148,148.0,0.9997881996048482
L2.1,149,149.0,0.9997987157608712
L2.1,150,150.0,0.9998086770368626
L2.1,151,151.0,0.9998181144378224
L2.1,152,152.0,0.9998270571402866
L2.1,153,153.0,0.9998355326057572
L2.1,154,154.0,0.999843566686756
L2.1,155,155.0,0.9998511837260012
L2.1,156,156.0,0.9998584066491718
L2.1,157,157.0,0.9998652570516966
L2.1,158,158.0,0.9998717552799666
L2.1,159,159.0,0.9998779205073484
L2.1,160,160.0,0.999883770805343
L2.1,161,161.0,0.9998893232102202
L2.1,162,162.0,0.999894593785422
L2.1,163,163.0,0.9998995976800216
L2.1,164,164.0,0.999904349183496
L2.1,165,165.0,0.9999088617770576
L2.1,166,166.0,0.9999131481817678
L2.1,167,167.0,0.9999172204036462
L2.1,168,168.0,0.9999210897759708
L2.1,169,169.0,0.9999247669989534
L2.1,170,170.0,0.9999282621769564
L2.1,171,171.0,0.999931584853417
L2.1,172,172.0,0.9999347440436218
L2.1,173,173.0,0.9999377482654708
L2.1,174,174.0,0.9999406055683614
L2.1,175,175.0,0.999943323560312
L2.1,176,176.0,0.9999459094334376
L2.1,177,177.0,0.9999483699878812
L2.1,178,178.0,0.9999507116543
L2.1,179,179.0,0.9999529405149992
L2.1,180,180.0,0.9999550623237934
L2.1,181,181.0,0.999957082524684
L2.1,182,182.0,0.9999590062694168
L2.1,183,183.0,0.9999608384339996
L2.1,184,184.0,0.999962583634236
L2.1,185,185.0,0.999964246240343
L2.1,186,186.0,0.999965830390706
L2.1,187,187.0,0.9999673400048243
L2.1,188,188.0,0.9999687787954986
L2.1,189,189.0,0.9999701502803048
L2.1,190,190.0,0.9999714577924004
L2.1,191,191.0,0.999972704490703
L2.1,192,192.0,0.9999738933694772
L2.1,193,193.0,0.9999750272673702
L2.1,194,194.0,0.999976108875924
L2.1,195,195.0,0.9999771407476024
L2.1,196,196.0,0.9999781253033532
L2.1,197,197.0,0.999979064839744
L2.1,198,198.0,0.9999799615356876
L2.1,199,199.0,0.9999808174587872
L2.1,200,200.0,0.9999816345713224
L2.1,201,201.0,0.9999824147358958
L2.1,202,202.0,0.999983159720764
L2.1,203,203.0,0.999983871204868
L2.1,204,204.0,0.9999845507825804
L2.1,205,205.0,0.9999851999681912
L2.1,206,206.0,0.9999858202001412
L2.1,207,207.0,0.9999864128450204
L2.1,208,208.0,0.9999869792013468
L2.1,209,209.0,0.9999875205031348
L2.1,210,210.0,0.9999880379232678
L2.1,211,211.0,0.9999885325766869
L2.1,212,212.0,0.9999890055234022
L2.1,213,213.0,0.9999894577713424
L2.1,214,214.0,0.999989890279048
L2.1,215,215.0,0.999990303958218
L2.1,216,216.0,0.9999906996761204
L2.1,217,217.0,0.9999910782578694
L2.1,218,218.0,0.999991440488583
L2.1,219,219.0,0.999991787115424
L2.1,220,220.0,0.9999921188495297
L2.1,221,221.0,0.9999924363678412
L2.1,222,222.0,0.999992740314834
L2.1,223,223.0,0.9999930313041562
L2.1,224,224.0,0.9999933099201804
L2.1,225,225.0,0.999993576719474
L2.1,226,226.0,0.9999938322321916
L2.1,227,227.0,0.999994076963393
L2.1,228,228.0,0.9999943113942952
L2.1,229,229.0,0.9999945359834548
L2.1,230,230.0,0.9999947511678926
L2.1,231,231.0,0.9999949573641576
L2.1,232,232.0,0.9999951549693352
L2.1,233,233.0,0.9999953443620052
L2.1,234,234.0,0.9999955259031492
L2.1,235,235.0,0.9999956999370112
L2.1,236,236.0,0.9999958667919142
L2.1,237,237.0,0.9999960267810352
L2.1,238,238.0,0.9999961802031404
L2.1,239,239.0,0.9999963273432824
L2.1,240,240.0,0.999996468473464
L2.1,241,241.0,0.9999966038532644
L2.1,242,242.0,0.9999967337304392
L2.1,243,243.0,0.999996858341484
L2.1,244,244.0,0.9999969779121752
L2.1,245,245.0,0.9999970926580802
L2.1,246,246.0,0.9999972027850432
L2.1,247,247.0,0.9999973084896464
L2.1,248,248.0,0.9999974099596486
L2.1,249,249.0,0.9999975073744022
L2.1,250,250.0,0.9999976009052484
L20.1,0,0.0,0.0
L20.1,1,1.0,4.9164402107263137e-11
L20.1,2,2.0,1.855603785825112e-07
L20.1,3,3.0,9.6744907191745e-06
L20.1,4,4.0,0.0001091199942954
L20.1,5,5.0,0.0005757631858114
L20.1,6,6.0,0.001950988408503
L20.1,7,7.0,0.0049733311377625
L20.1,8,8.0,0.0104270576131918
L20.1,9,9.0,0.0189909877893925
L20.1,10,10.0,0.0311378170164865
L20.1,11,11.0,0.0470940196019214
L20.1,12,12.0,0.0668480024054623
L20.1,13,13.0,0.0901877712512558
L20.1,14,14.0,0.1167514962428136
L20.1,15,15.0,0.1460793221567352
L20.1,16,16.0,0.1776596307078245
L20.1,17,17.0,0.2109666578659175
L20.1,18,18.0,0.2454887813264306
L20.1,19,19.0,0.2807481628849825
L20.1,20,20.0,0.3163130730383875
L20.1,21,21.0,0.351804413209675
L20.1,22,22.0,0.386897884461523
L20.1,23,23.0,0.4213230627680823
L20.1,24,24.0,0.4548604104466848
L20.1,25,25.0,0.4873370260711826
L20.1,26,26.0,0.518621733079194
L20.1,27,27.0,0.5486199386205011
L20.1,28,28.0,0.5772685596310891
L20.1,29,29.0,0.6045312095152169
L20.1,30,30.0,0.6303937614990469
L20.1,31,31.0,0.654860348729438
L20.1,32,32.0,0.6779498219372007
L20.1,33,33.0,0.6996926590058151
L20.1,34,34.0,0.7201283038265058
L20.1,35,35.0,0.7393029017864374
L20.1,36,36.0,0.75726739411871
L20.1,37,37.0,0.7740759316157555
L20.1,38,38.0,0.7897845687368661
L20.1,39,39.0,0.8044502010972521
L20.1,40,40.0,0.8181297121168616
L20.1,41,41.0,0.8308792978165582
L20.1,42,42.0,0.842753942093685
L20.1,43,43.0,0.85380701810181
L20.1,44,44.0,0.8640899944836253
L20.1,45,45.0,0.8736522280939529
L20.1,46,46.0,0.8825408274683536
L20.1,47,47.0,0.8908005736318286
L20.1,48,48.0,0.8984738869066083
L20.1,49,49.0,0.9056008301825088
L20.1,50,50.0,0.912219140677636
L20.1,51,51.0,0.9183642835637778
L20.1,52,52.0,0.9240695219827731
L20.1,53,53.0,0.9293659989601912
L20.1,54,54.0,0.9342828275521924
L20.1,55,55.0,0.9388471862602672
L20.1,56,56.0,0.943084417334579
L20.1,57,57.0,0.9470181260758866
L20.1,58,58.0,0.950670279652634
L20.1,59,59.0,0.9540613042861884
L20.1,60,60.0,0.9572101799341448
L20.1,61,61.0,0.9601345318284362
L20.1,62,62.0,0.96285071840968
L20.1,63,63.0,0.9653739153486331
L20.1,64,64.0,0.9677181954656436
L20.1,65,65.0,0.9698966044545424
L20.1,66,66.0,0.97192123239272
L20.1,67,67.0,0.9738032810777066
L20.1,68,68.0,0.9755531272754088
L20.1,69,69.0,0.9771803819987508
L20.1,70,70.0,0.9786939459599122
L20.1,71,71.0,0.9801020613563808
L20.1,72,72.0,0.9814123601621216
L20.1,73,73.0,0.9826319091014754
L20.1,74,74.0,0.9837672514859676
L20.1,75,75.0,0.9848244460938212
L20.1,76,76.0,0.9858091032693233
L20.1,77,77.0,0.9867264184148288
L20.1,78,78.0,0.9875812030425568
L20.1,79,79.0,0.9883779135467866
L20.1,80,80.0,0.9891206778499304
L20.1,81,81.0,0.9898133200684122
L20.1,82,82.0,0.9904593833365808
L20.1,83,83.0,0.991062150919108
L20.1,84,84.0,0.991624665734634
L20.1,85,85.0,0.9921497484058694
L20.1,86,86.0,0.9926400139440462
L20.1,87,87.0,0.9930978871685392
L20.1,88,88.0,0.9935256169557254
L20.1,89,89.0,0.9939252894046954
L20.1,90,90.0,0.9942988400013272
L20.1,91,91.0,0.9946480648564444
L20.1,92,92.0,0.9949746310883492
L20.1,93,93.0,0.9952800864149002
L20.1,94,94.0,0.9955658680155204
L20.1,95,95.0,0.9958333107190394
L20.1,96,96.0,0.9960836545690972
L20.1,97,97.0,0.9963180518149386
L20.1,98,98.0,0.9965375733718076
L20.1,99,99.0,0.9967432147917864
L20.1,100,100.0,0.9969359017827952
L20.1,101,101.0,0.9971164953105774
L20.1,102,102.0,0.9972857963158104
L20.1,103,103.0,0.9974445500759967
L20.1,104,104.0,0.9975934502394984
L20.1,105,105.0,0.99773314255695
L20.1,106,106.0,0.9978642283333294
L20.1,107,107.0,0.9979872676221488
L20.1,108,108.0,0.9981027821815592
L20.1,109,109.0,0.9982112582106252
L20.1,110,110.0,0.9983131488825916
L20.1,111,111.0,0.9984088766906648
L20.1,112,112.0,0.9984988356206128
L20.1,113,113.0,0.9985833931633804
L20.1,114,114.0,0.9986628921798794
L20.1,115,115.0,0.9987376526291808
L20.1,116,116.0,0.9988079731704472
L20.1,117,117.0,0.9988741326481538
L20.1,118,118.0,0.9989363914693996
L20.1,119,119.0,0.9989949928814263
L20.1,120,120.0,0.999050164156844
L20.1,121,121.0,0.9991021176934676
L20.1,122,122.0,0.9991510520351544
L20.1,123,123.0,0.999197152819523
L20.1,124,124.0,0.999240593657997
L20.1,125,125.0,0.9992815369531872
L7.1,0,0.0,0.0
L7.1,1,1.0,2.664013450174972e-08
L7.1,2,2.0,2.5716145589932517e-06
L7.1,3,3.0,2.442378961340275e-05
L7.1,4,4.0,0.0001004883827056
L7.1,5,5.0,0.0002721154308753
L7.1,6,6.0,0.000576401405536
L7.1,7,7.0,0.0010414526513752
L7.1,8,8.0,0.0016857043957014
L7.1,9,9.0,0.0025191034534495
L7.1,10,10.0,0.0035448677893256
L7.1,11,11.0,0.0047612213047922
L7.1,12,12.0,0.0061628758188268
L7.1,13,13.0,0.0077422088499429
L7.1,14,14.0,0.00949015930772
L7.1,15,15.0,0.0113968875413524
L7.1,16,16.0,0.0134522489730276
L7.1,17,17.0,0.0156461250037845
L7.1,18,18.0,0.0179686470185715
L7.1,19,19.0,0.0204103416465128
L7.1,20,20.0,0.0229622188464573
L7.1,21,21.0,0.0256158190707148
L7.1,22,22.0,0.0283632316111812
L7.1,23,23.0,0.0311970930608417
L7.1,24,24.0,0.0341105724310117
L7.1,25,25.0,0.037097347675116
L7.1,26,26.0,0.0401515770395691
L7.1,27,27.0,0.0432678676782363
L7.1,28,28.0,0.0464412432420115
L7.1,29,29.0,0.0496671116232353
L7.1,30,30.0,0.0529412336463865
L7.1,31,31.0,0.0562596932146
L7.1,32,32.0,0.0596188692184292
L7.1,33,33.0,0.0630154093683129
L7.1,34,34.0,0.0664462060101067
L7.1,35,35.0,0.069908373912449
L7.1,36,36.0,0.073399229967204
L7.1,37,37.0,0.0769162747134915
L7.1,38,38.0,0.0804571755772352
L7.1,39,39.0,0.0840197517082941
L7.1,40,40.0,0.0876019602935291
L7.1,41,41.0,0.0912018842247372
L7.1,42,42.0,0.0948177210038578
L7.1,43,43.0,0.098447772773224
L7.1,44,44.0,0.1020904373651507
L7.1,45,45.0,0.1057442002723005
L7.1,46,46.0,0.1094076274476615
L7.1,47,47.0,0.1130793588503521
L7.1,48,48.0,0.1167581026606558
L7.1,49,49.0,0.1204426300945606
L7.1,50,50.0,0.1241317707545642
L7.1,51,51.0,0.1278244084595694
L7.1,52,52.0,0.1315194775023049
L7.1,53,53.0,0.135215959287881
L7.1,54,54.0,0.1389128793118214
L7.1,55,55.0,0.1426093044402286
L7.1,56,56.0,0.1463043404586639
L7.1,57,57.0,0.1499971298598713
L7.1,58,58.0,0.1536868498436839
L7.1,59,59.0,0.1573727105053415
L7.1,60,60.0,0.1610539531910469
L7.1,61,61.0,0.1647298490019223
L7.1,62,62.0,0.1683996974296209
L7.1,63,63.0,0.1720628251087208
L7.1,64,64.0,0.1757185846727013
L7.1,65,65.0,0.1793663537018017
L7.1,66,66.0,0.1830055337523926
L7.1,67,67.0,0.1866355494586816
L7.1,68,68.0,0.1902558476986355
L7.1,69,69.0,0.1938658968169396
L7.1,70,70.0,0.1974651858986584
L7.1,71,71.0,0.2010532240880017
L7.1,72,72.0,0.2046295399472633
L7.1,73,73.0,0.2081936808515848
L7.1,74,74.0,0.2117452124157179
L7.1,75,75.0,0.2152837179494167
L7.1,76,76.0,0.2188087979385003
L7.1,77,77.0,0.2223200695489869
L7.1,78,78.0,0.2258171661520143
L7.1,79,79.0,0.2292997368675502
L7.1,80,80.0,0.2327674461251352
L7.1,81,81.0,0.236219973240126
L7.1,82,82.0,0.2396570120040947
L7.1,83,83.0,0.2430782702882116
L7.1,84,84.0,0.2464834696585851
L7.1,85,85.0,0.249872345002664
L7.1,86,86.0,0.2532446441659216
L7.1,87,87.0,0.2566001275981405
L7.1,88,88.0,0.2599385680087037
L7.1,89,89.0,0.263259750030375
L7.1,90,90.0,0.2665634698911171
L7.1,91,91.0,0.2698495350935544
L7.1,92,92.0,0.2731177641017356
L7.1,93,93.0,0.276367986034897
L7.1,94,94.0,0.2796000403679642
L7.1,95,95.0,0.2828137766385584
L7.1,96,96.0,0.2860090541603096
L7.1,97,97.0,0.2891857417422918
L7.1,98,98.0,0.2923437174144269
L7.1,99,99.0,0.295482868158711
L7.1,100,100.0,0.2986030896461379
L7.1,101,101.0,0.3017042859792068
L7.1,102,102.0,0.3047863694399053
L7.1,103,103.0,0.3078492602430765
L7.1,104,104.0,0.310892886295078
L7.1,105,105.0,0.3139171829576512
L7.1,106,106.0,0.3169220928169227
L7.1,107,107.0,0.3199075654574621
L7.1,108,108.0,0.3228735572413266
L7.1,109,109.0,0.3258200310920204
L7.1,110,110.0,0.3287469562833051
L7.1,111,111.0,0.3316543082327906
L7.1,112,112.0,0.3345420683002456
L7.1,113,113.0,0.3374102235905591
L7.1,114,114.0,0.3402587667612924
L7.1,115,115.0,0.343087695834752
L7.1,116,116.0,0.3458970140145265
L7.1,117,117.0,0.3486867295064161
L7.1,118,118.0,0.3514568553436934
L7.1,119,119.0,0.3542074092166317
L7.1,120,120.0,0.3569384133062316
L7.1,121,121.0,0.3596498941220846
L7.1,122,122.0,0.3623418823443048
L7.1,123,123.0,0.3650144126694644
L7.1,124,124.0,0.3676675236604641
L7.1,125,125.0,0.3703012576002741
L7.2,0,0.0,0.0
L7.2,1,1.0,2.572542752992032e-06
L7.2,2,2.0,0.0001007018078381
L7.2,3,3.0,0.0005796729668631
L7.2,4,4.0,0.0017042479873619
L7.2,5,5.0,0.0036083255394075
L7.2,6,6.0,0.0063237659815988
L7.2,7,7.0,0.0098253884109813
L7.2,8,8.0,0.0140612555447673
L7.2,9,9.0,0.0189693640583207
L7.2,10,10.0,0.0244859818265834
L7.2,11,11.0,0.0305494715387917
L7.2,12,12.0,0.0371018325959701
L7.2,13,13.0,0.0440891510128756
L7.2,14,14.0,0.0514615618979117
L7.2,15,15.0,0.0591730197337827
L7.2,16,16.0,0.0671810137075506
L7.2,17,17.0,0.0754462869989623
L7.2,18,18.0,0.0839325814580799
L7.2,19,19.0,0.0926064121535221
L7.2,20,20.0,0.1014368693727874
L7.2,21,21.0,0.1103954434858308
L7.2,22,22.0,0.1194558679891099
L7.2,23,23.0,0.1285939767422663
L7.2,24,24.0,0.1377875722970323
L7.2,25,25.0,0.1470163030445823
L7.2,26,26.0,0.1562615475853933
L7.2,27,27.0,0.1655063052420427
L7.2,28,28.0,0.1747350920083816
L7.2,29,29.0,0.1839338414857946
L7.2,30,30.0,0.1930898105263946
L7.2,31,31.0,0.2021914894078545
L7.2,32,32.0,0.2112285164242588
L7.2,33,33.0,0.2201915968064822
L7.2,34,34.0,0.2290724258949528
L7.2,35,35.0,0.2378636164849723
L7.2,36,36.0,0.2465586302554311
L7.2,37,37.0,0.255151713179416
L7.2,38,38.0,0.2636378348022542
L7.2,39,39.0,0.2720126312604152
L7.2,40,40.0,0.2802723519042608
L7.2,41,41.0,0.2884138093792961
L7.2,42,42.0,0.2964343330144494
L7.2,43,43.0,0.3043317253619573
L7.2,44,44.0,0.312104221731468
L7.2,45,45.0,0.3197504525608052
L7.2,46,46.0,0.32726940846719
L7.2,47,47.0,0.3346604078253664
L7.2,48,48.0,0.3419230667227735
L7.2,49,49.0,0.3490572711464358
L7.2,50,50.0,0.3560631512614102
L7.2,51,51.0,0.3629410576462654
L7.2,52,52.0,0.3696915393570151
L7.2,53,53.0,0.3763153236970771
L7.2,54,54.0,0.3828132975770625
L7.2,55,55.0,0.3891864903544381
L7.2,56,56.0,0.3954360580492757
L7.2,57,57.0,0.401563268838359
L7.2,58,58.0,0.4075694897357986
L7.2,59,59.0,0.413456174374007
L7.2,60,60.0,0.4192248518043528
L7.2,61,61.0,0.4248771162420517
L7.2,62,62.0,0.430414617684845
L7.2,63,63.0,0.4358390533397577
L7.2,64,64.0,0.4411521597967131
L7.2,65,65.0,0.4463557058920239
L7.2,66,66.0,0.4514514862087691
L7.2,67,67.0,0.4564413151648186
L7.2,68,68.0,0.4613270216427906
L7.2,69,69.0,0.4661104441195227
L7.2,70,70.0,0.4707934262557246
L7.2,71,71.0,0.4753778129093566
L7.2,72,72.0,0.479865446538973
L7.2,73,73.0,0.484258163965768
L7.2,74,74.0,0.4885577934653974
L7.2,75,75.0,0.492766152162817
L7.2,76,76.0,0.4968850437053976
L7.2,77,77.0,0.5009162561914466
L7.2,78,78.0,0.5048615603330066
L7.2,79,79.0,0.5087227078334149
L7.2,80,80.0,0.5125014299616025
L7.2,81,81.0,0.5161994363064979
L7.2,82,82.0,0.519818413696186
L7.2,83,83.0,0.5233600252676611
L7.2,84,84.0,0.5268259096741146
L7.2,85,85.0,0.5302176804177157
L7.2,86,86.0,0.5335369252967884
L7.2,87,87.0,0.5367852059571594
L7.2,88,88.0,0.5399640575382549
L7.2,89,89.0,0.5430749884052739
L7.2,90,90.0,0.5461194799594528
L7.2,91,91.0,0.549098986519073
L7.2,92,92.0,0.552014935264448
L7.2,93,93.0,0.5548687262406783
L7.2,94,94.0,0.5576617324124542
L7.2,95,95.0,0.5603952997656564
L7.2,96,96.0,0.5630707474509312
L7.2,97,97.0,0.5656893679648095
L7.2,98,98.0,0.5682524273643077
L7.2,99,99.0,0.5707611655112794
L7.2,100,100.0,0.573216796343101
L7.2,101,101.0,0.5756205081665632
L7.2,102,102.0,0.5779734639720949
L7.2,103,103.0,0.5802768017657027
L7.2,104,104.0,0.582531634916221
L7.2,105,105.0,0.5847390525156854
L7.2,106,106.0,0.5869001197508259
L7.2,107,107.0,0.5890158782838549
L7.2,108,108.0,0.5910873466408887
L7.2,109,109.0,0.5931155206064851
L7.2,110,110.0,0.595101373622926
L7.2,111,111.0,0.5970458571929909
L7.2,112,112.0,0.598949901285089
L7.2,113,113.0,0.6008144147397274
L7.2,114,114.0,0.6026402856763828
L7.2,115,115.0,0.6044283818999439
L7.2,116,116.0,0.6061795513059712
L7.2,117,117.0,0.6078946222840954
L7.2,118,118.0,0.6095744041189507
L7.2,119,119.0,0.6112196873881
L7.2,120,120.0,0.6128312443564712
L7.2,121,121.0,0.6144098293668756
L7.2,122,122.0,0.6159561792262316
L7.2,123,123.0,0.6174710135871607
L7.2,124,124.0,0.6189550353246678
L7.2,125,125.0,0.6204089309076495
L7.34,0,0.0,0.0
L7.34,1,1.0,0.084
L7.34,2,2.0,0.1446666666666666
L7.34,3,3.0,0.2086666666666666
L7.34,4,4.0,0.2826666666666667
L7.34,5,5.0,0.366
L7.34,6,6.0,0.4416666666666666
L7.34,7,7.0,0.5073333333333333
L7.34,8,8.0,0.5773333333333334
L7.34,9,9.0,0.6426666666666666
L7.34,10,10.0,0.7016666666666667
L7.34,11,11.0,0.755
L7.34,12,12.0,0.7956666666666666
L7.34,13,13.0,0.8253333333333334
L7.34,14,14.0,0.8563333333333333
L7.34,15,15.0,0.8863333333333333
L7.34,16,16.0,0.9103333333333332
L7.34,17,17.0,0.93
L7.34,18,18.0,0.9443333333333334
L7.34,19,19.0,0.9563333333333334
L7.34,20,20.0,0.966
L7.34,21,21.0,0.9733333333333332
L7.34,22,22.0,0.9793333333333334
L7.34,23,23.0,0.9823333333333334
L7.34,24,24.0,0.9846666666666668
L7.34,25,25.0,0.987
L7.34,26,26.0,0.9896666666666666
L7.34,27,27.0,0.992
L7.34,28,28.0,0.995
L7.34,29,29.0,0.9976666666666666
L7.34,30,30.0,1.0
L7.35,0,0.0,0.0
L7.35,1,1.0,0.0923333333333333
L7.35,2,2.0,0.2123333333333333
L7.35,3,3.0,0.3369999999999999
L7.35,4,4.0,0.476
L7.35,5,5.0,0.584
L7.35,6,6.0,0.6906666666666667
L7.35,7,7.0,0.7773333333333333
L7.35,8,8.0,0.84
L7.35,9,9.0,0.8903333333333333
L7.35,10,10.0,0.925
L7.35,11,11.0,0.9513333333333334
L7.35,12,12.0,0.972
L7.35,13,13.0,0.983
L7.35,14,14.0,0.9903333333333334
L7.35,15,15.0,0.996
L7.35,16,16.0,1.0
L7.35,17,17.0,1.0
L7.35,18,18.0,1.0
L7.35,19,19.0,1.0
L7.35,20,20.0,1.0
L7.35,21,21.0,1.0
L7.35,22,22.0,1.0
L7.35,23,23.0,1.0
L7.35,24,24.0,1.0
L7.35,25,25.0,1.0
L7.35,26,26.0,1.0
L7.35,27,27.0,1.0
L7.35,28,28.0,1.0
L7.35,29,29.0,1.0
L7.35,30,30.0,1.0
L7.36,0,0.0,0.0
L7.36,1,1.0,0.13
L7.36,2,2.0,0.3056666666666667
L7.36,3,3.0,0.487
L7.36,4,4.0,0.645
L7.36,5,5.0,0.7713333333333333
L7.36,6,6.0,0.8586666666666667
L7.36,7,7.0,0.9143333333333332
L7.36,8,8.0,0.9463333333333334
L7.36,9,9.0,0.9706666666666668
L7.36,10,10.0,0.9836666666666668
L7.36,11,11.0,0.9953333333333334
L7.36,12,12.0,1.0
L7.36,13,13.0,1.0
L7.36,14,14.0,1.0
L7.36,15,15.0,1.0
L7.36,16,16.0,1.0
L7.36,17,17.0,1.0
L7.36,18,18.0,1.0
L7.36,19,19.0,1.0
L7.36,20,20.0,1.0
L7.36,21,21.0,1.0
L7.36,22,22.0,1.0
L7.36,23,23.0,1.0
L7.36,24,24.0,1.0
L7.36,25,25.0,1.0
L7.36,26,26.0,1.0
L7.36,27,27.0,1.0
L7.36,28,28.0,1.0
L7.36,29,29.0,1.0
L7.36,30,30.0,1.0
L7.37,0,0.0,0.0
L7.37,1,1.0,0.1716666666666666
L7.37,2,2.0,0.4053333333333333
L7.37,3,3.0,0.6083333333333333
L7.37,4,4.0,0.7823333333333333
L7.37,5,5.0,0.8856666666666667
L7.37,6,6.0,0.9396666666666668
L7.37,7,7.0,0.9703333333333334
L7.37,8,8.0,0.9903333333333334
L7.37,9,9.0,0.9993333333333334
L7.37,10,10.0,1.0
L7.37,11,11.0,1.0
L7.37,12,12.0,1.0
L7.37,13,13.0,1.0
L7.37,14,14.0,1.0
L7.37,15,15.0,1.0
L7.37,16,16.0,1.0
L7.37,17,17.0,1.0
L7.37,18,18.0,1.0
L7.37,19,19.0,1.0
L7.37,20,20.0,1.0
L7.37,21,21.0,1.0
L7.37,22,22.0,1.0
L7.37,23,23.0,1.0
L7.37,24,24.0,1.0
L7.37,25,25.0,1.0
L7.37,26,26.0,1.0
L7.37,27,27.0,1.0
L7.37,28,28.0,1.0
L7.37,29,29.0,1.0
L7.37,30,30.0,1.0
L8.1,0,0.0,0.0
L8.1,1,1.0,2.664013450174972e-08
L8.1,2,2.0,2.5716145589932517e-06
L8.1,3,3.0,2.442378961340275e-05
L8.1,4,4.0,0.0001004883827056
L8.1,5,5.0,0.0002721154308753
L8.1,6,6.0,0.000576401405536
L8.1,7,7.0,0.0010414526513752
L8.1,8,8.0,0.0016857043957014
L8.1,9,9.0,0.0025191034534495
L8.1,10,10.0,0.0035448677893256
L8.1,11,11.0,0.0047612213047922
L8.1,12,12.0,0.0061628758188268
L8.1,13,13.0,0.0077422088499429
L8.1,14,14.0,0.00949015930772
L8.1,15,15.0,0.0113968875413524
L8.1,16,16.0,0.0134522489730276
L8.1,17,17.0,0.0156461250037845
L8.1,18,18.0,0.0179686470185715
L8.1,19,19.0,0.0204103416465128
L8.1,20,20.0,0.0229622188464573
L8.1,21,21.0,0.0256158190707148
L8.1,22,22.0,0.0283632316111812
L8.1,23,23.0,0.0311970930608417
L8.1,24,24.0,0.0341105724310117
L8.1,25,25.0,0.037097347675116
L8.1,26,26.0,0.0401515770395691
L8.1,27,27.0,0.0432678676782363
L8.1,28,28.0,0.0464412432420115
L8.1,29,29.0,0.0496671116232353
L8.1,30,30.0,0.0529412336463865
L8.1,31,31.0,0.0562596932146
L8.1,32,32.0,0.0596188692184292
L8.1,33,33.0,0.0630154093683129
L8.1,34,34.0,0.0664462060101067
L8.1,35,35.0,0.069908373912449
L8.1,36,36.0,0.073399229967204
L8.1,37,37.0,0.0769162747134915
L8.1,38,38.0,0.0804571755772352
L8.1,39,39.0,0.0840197517082941
L8.1,40,40.0,0.0876019602935291
L8.1,41,41.0,0.0912018842247372
L8.1,42,42.0,0.0948177210038578
L8.1,43,43.0,0.098447772773224
L8.1,44,44.0,0.1020904373651507
L8.1,45,45.0,0.1057442002723005
L8.1,46,46.0,0.1094076274476615
L8.1,47,47.0,0.1130793588503521
L8.1,48,48.0,0.1167581026606558
L8.1,49,49.0,0.1204426300945606
L8.1,50,50.0,0.1241317707545642
L8.1,51,51.0,0.1278244084595694
L8.1,52,52.0,0.1315194775023049
L8.1,53,53.0,0.135215959287881
L8.1,54,54.0,0.1389128793118214
L8.1,55,55.0,0.1426093044402286
L8.1,56,56.0,0.1463043404586639
L8.1,57,57.0,0.1499971298598713
L8.1,58,58.0,0.1536868498436839
L8.1,59,59.0,0.1573727105053415
L8.1,60,60.0,0.1610539531910469
L8.1,61,61.0,0.1647298490019223
L8.1,62,62.0,0.1683996974296209
L8.1,63,63.0,0.1720628251087208
L8.1,64,64.0,0.1757185846727013
L8.1,65,65.0,0.1793663537018017
L8.1,66,66.0,0.1830055337523926
L8.1,67,67.0,0.1866355494586816
L8.1,68,68.0,0.1902558476986355
L8.1,69,69.0,0.1938658968169396
L8.1,70,70.0,0.1974651858986584
L8.1,71,71.0,0.2010532240880017
L8.1,72,72.0,0.2046295399472633
L8.1,73,73.0,0.2081936808515848
L8.1,74,74.0,0.2117452124157179
L8.1,75,75.0,0.2152837179494167
L8.1,76,76.0,0.2188087979385003
L8.1,77,77.0,0.2223200695489869
L8.1,78,78.0,0.2258171661520143
L8.1,79,79.0,0.2292997368675502
L8.1,80,80.0,0.2327674461251352
L8.1,81,81.0,0.236219973240126
L8.1,82,82.0,0.2396570120040947
L8.1,83,83.0,0.2430782702882116
L8.1,84,84.0,0.2464834696585851
L8.1,85,85.0,0.249872345002664
L8.1,86,86.0,0.2532446441659216
L8.1,87,87.0,0.2566001275981405
L8.1,88,88.0,0.2599385680087037
L8.1,89,89.0,0.263259750030375
L8.1,90,90.0,0.2665634698911171
L8.1,91,91.0,0.2698495350935544
L8.1,92,92.0,0.2731177641017356
L8.1,93,93.0,0.276367986034897
L8.1,94,94.0,0.2796000403679642
L8.1,95,95.0,0.2828137766385584
L8.1,96,96.0,0.2860090541603096
L8.1,97,97.0,0.2891857417422918
L8.1,98,98.0,0.2923437174144269
L8.1,99,99.0,0.295482868158711
L8.1,100,100.0,0.2986030896461379
L8.1,101,101.0,0.3017042859792068
L8.1,102,102.0,0.3047863694399053
L8.1,103,103.0,0.3078492602430765
L8.1,104,104.0,0.310892886295078
L8.1,105,105.0,0.3139171829576512
L8.1,106,106.0,0.3169220928169227
L8.1,107,107.0,0.3199075654574621
L8.1,108,108.0,0.3228735572413266
L8.1,109,109.0,0.3258200310920204
L8.1,110,110.0,0.3287469562833051
L8.1,111,111.0,0.3316543082327906
L8.1,112,112.0,0.3345420683002456
L8.1,113,113.0,0.3374102235905591
L8.1,114,114.0,0.3402587667612924
L8.1,115,115.0,0.343087695834752
L8.1,116,116.0,0.3458970140145265
L8.1,117,117.0,0.3486867295064161
L8.1,118,118.0,0.3514568553436934
L8.1,119,119.0,0.3542074092166317
L8.1,120,120.0,0.3569384133062316
L8.1,121,121.0,0.3596498941220846
L8.1,122,122.0,0.3623418823443048
L8.1,123,123.0,0.3650144126694644
L8.1,124,124.0,0.3676675236604641
L8.1,125,125.0,0.3703012576002741
L8.2,0,0.0,0.0
L8.2,1,1.0,5.308942689572277e-08
L8.2,2,2.0,1.7361307923445265e-05
L8.2,3,3.0,0.0002237531303325
L8.2,4,4.0,0.0009629301898004
L8.2,5,5.0,0.0024688165884716
L8.2,6,6.0,0.0047503956981732
L8.2,7,7.0,0.0076718369011968
L8.2,8,8.0,0.011053473283782
L8.2,9,9.0,0.0147295629456327
L8.2,10,10.0,0.018568836077963
L8.2,11,11.0,0.0224758879122009
L8.2,12,12.0,0.0263856290926225
L8.2,13,13.0,0.0302565616886094
L8.2,14,14.0,0.0340649191158287
L8.2,15,15.0,0.0378000607602452
L8.2,16,16.0,0.0414609522415638
L8.2,17,17.0,0.0450534590830221
L8.2,18,18.0,0.048588227782618
L8.2,19,19.0,0.0520789995094129
L8.2,20,20.0,0.055541258371245
L8.2,21,21.0,0.0589911524241164
L8.2,22,22.0,0.0624446457753086
L8.2,23,23.0,0.0659168702184909
L8.2,24,24.0,0.0694216494928402
L8.2,25,25.0,0.0729711714668166
L8.2,26,26.0,0.0765757849683583
L8.2,27,27.0,0.0802438993999298
L8.2,28,28.0,0.0839819669646023
L8.2,29,29.0,0.0877945293039061
L8.2,30,30.0,0.0916843125150692
L8.2,31,31.0,0.0956523567515635
L8.2,32,32.0,0.0996981688048807
L8.2,33,33.0,0.1038198881319189
L8.2,34,34.0,0.1080144586750275
L8.2,35,35.0,0.1122778004900315
L8.2,36,36.0,0.1166049766409744
L8.2,37,37.0,0.1209903520428812
L8.2,38,38.0,0.1254277419491414
L8.2,39,39.0,0.1299105486073023
L8.2,40,40.0,0.1344318852680331
L8.2,41,41.0,0.1389846872492361
L8.2,42,42.0,0.1435618101525111
L8.2,43,43.0,0.1481561156225719
L8.2,44,44.0,0.1527605452499508
L8.2,45,45.0,0.1573681833593459
L8.2,46,46.0,0.1619723095140428
L8.2,47,47.0,0.1665664416126538
L8.2,48,48.0,0.1711443704677369
L8.2,49,49.0,0.1757001867447547
L8.2,50,50.0,0.1802283011108923
L8.2,51,51.0,0.1847234584017872
L8.2,52,52.0,0.1891807465644397
L8.2,53,53.0,0.1935956010798062
L8.2,54,54.0,0.1979638055113664
L8.2,55,55.0,0.2022814887682666
L8.2,56,56.0,0.2065451196149077
L8.2,57,57.0,0.210751498904111
L8.2,58,58.0,0.2148977499589857
L8.2,59,59.0,0.2189813074797993
L8.2,60,60.0,0.2229999053067958
L8.2,61,61.0,0.2269515633281423
L8.2,62,62.0,0.2308345737840107
L8.2,63,63.0,0.2346474871831633
L8.2,64,64.0,0.238389098017162
L8.2,65,65.0,0.2420584304292947
L8.2,66,66.0,0.2456547239703145
L8.2,67,67.0,0.249177419550895
L8.2,68,68.0,0.2526261456811122
L8.2,69,69.0,0.2560007050700368
L8.2,70,70.0,0.2593010616434654
L8.2,71,71.0,0.2625273280247063
L8.2,72,72.0,0.265679753511999
L8.2,73,73.0,0.2687587125763743
L8.2,74,74.0,0.2717646938954131
L8.2,75,75.0,0.2746982899312517
L8.2,76,76.0,0.2775601870551965
L8.2,77,77.0,0.2803511562162877
L8.2,78,78.0,0.2830720441470031
L8.2,79,79.0,0.2857237650958871
L8.2,80,80.0,0.2883072930741445
L8.2,81,81.0,0.2908236546010639
L8.2,82,82.0,0.2932739219314501
L8.2,83,83.0,0.2956592067469851
L8.2,84,84.0,0.2979806542925445
L8.2,85,85.0,0.300239437937904
L8.2,86,86.0,0.3024367541449509
L8.2,87,87.0,0.3045738178204077
L8.2,88,88.0,0.3066518580341568
L8.2,89,89.0,0.308672114083483
L8.2,90,90.0,0.310635831883911
L8.2,91,91.0,0.3125442606677663
L8.2,92,92.0,0.3143986499721236
L8.2,93,93.0,0.3162002468984043
L8.2,94,94.0,0.317950293626527
L8.2,95,95.0,0.3196500251671836
L8.2,96,96.0,0.3213006673365203
L8.2,97,97.0,0.3229034349382012
L8.2,98,98.0,0.3244595301385514
L8.2,99,99.0,0.325970141021183
L8.2,100,100.0,0.3274364403082133
L8.2,101,101.0,0.3288595842358731
L8.2,102,102.0,0.3302407115729757
L8.2,103,103.0,0.3315809427713798
L8.2,104,104.0,0.3328813792382065
L8.2,105,105.0,0.3341431027201895
L8.2,106,106.0,0.3353671747911255
L8.2,107,107.0,0.3365546364339546
L8.2,108,108.0,0.3377065077095435
L8.2,109,109.0,0.3388237875047568
L8.2,110,110.0,0.3399074533528957
L8.2,111,111.0,0.3409584613200426
L8.2,112,112.0,0.3419777459512988
L8.2,113,113.0,0.3429662202713144
L8.2,114,114.0,0.3439247758339059
L8.2,115,115.0,0.3448542828159304
L8.2,116,116.0,0.345755590150934
L8.2,117,117.0,0.346629525698422
L8.2,118,118.0,0.3474768964449088
L8.2,119,119.0,0.3482984887331982
L8.2,120,120.0,0.3490950685166109
L8.2,121,121.0,0.3498673816351411
L8.2,122,122.0,0.3506161541107532
L8.2,123,123.0,0.3513420924592588
L8.2,124,124.0,0.3520458840164212
L8.2,125,125.0,0.3527281972761271
L9.1,0,0.0,0.0
L9.1,1,1.0,0.0150654433675901
L9.1,2,2.0,0.0881527310763082
L9.1,3,3.0,0.163890646815405
L9.1,4,4.0,0.2270078543937532
L9.1,5,5.0,0.2831498095880185
L9.1,6,6.0,0.3361904021450714
L9.1,7,7.0,0.3870627765180534
L9.1,8,8.0,0.4354464214198894
L9.1,9,9.0,0.4807952583446478
L9.1,10,10.0,0.522724000304869
L9.1,11,11.0,0.5610828502396301
L9.1,12,12.0,0.5959186188365038
L9.1,13,13.0,0.6274104700470445
L9.1,14,14.0,0.6558125085710059
L9.1,15,15.0,0.6814114039454905
L9.1,16,16.0,0.704498349609901
L9.1,17,17.0,0.7253521446554642
L9.1,18,18.0,0.7442300831949277
L9.1,19,19.0,0.7613639707324183
L9.1,20,20.0,0.7769593168173854
L9.1,21,21.0,0.7911963690935571
L9.1,22,22.0,0.8042321150687781
L9.1,23,23.0,0.8162027020915654
L9.1,24,24.0,0.8272259446899997
L9.1,25,25.0,0.8374037313811591
L9.1,26,26.0,0.8468242338890115
L9.1,27,27.0,0.8555638776773214
L9.1,28,28.0,0.8636890658838309
L9.1,29,29.0,0.8712576673341317
L9.1,30,30.0,0.8783202887744349
L9.1,31,31.0,0.8849213553605528
L9.1,32,32.0,0.8911000240732181
L9.1,33,33.0,0.8968909535519762
L9.1,34,34.0,0.9023249517541472
L9.1,35,35.0,0.907429520397808
L9.1,36,36.0,0.912229312656624
L9.1,37,37.0,0.9167465182144872
L9.1,38,38.0,0.9210011876456192
L9.1,39,39.0,0.9250115061941584
L9.1,40,40.0,0.9287940253884404
L9.1,41,41.0,0.9323638595246316
L9.1,42,42.0,0.9357348528693186
L9.1,43,43.0,0.938919722435337
L9.1,44,44.0,0.941930180353826
L9.1,45,45.0,0.9447770391740687
L9.1,46,46.0,0.9474703028493926
L9.1,47,47.0,0.9500192456931618
L9.1,48,48.0,0.952432481197217
L9.1,49,49.0,0.954718022281982
L9.1,50,50.0,0.9568833342810502
L9.1,51,51.0,0.9589353817434698
L9.1,52,52.0,0.9608806699559416
L9.1,53,53.0,0.9627252819378812
L9.1,54,54.0,0.964474911539148
L9.1,55,55.0,0.9661348931685492
L9.1,56,56.0,0.9677102285971548
L9.1,57,57.0,0.9692056112108796
L9.1,58,58.0,0.9706254480291098
L9.1,59,59.0,0.9719738797582588
L9.1,60,60.0,0.9732547991093028
L9.1,61,61.0,0.9744718675751376
L9.1,62,62.0,0.9756285308358588
L9.1,63,63.0,0.9767280329368396
L9.1,64,64.0,0.9777734293649644
L9.1,65,65.0,0.9787675991319632
L9.1,66,66.0,0.979713255959913
L9.1,67,67.0,0.9806129586522192
L9.1,68,68.0,0.981469120723404
L9.1,69,69.0,0.982284019352502
L9.1,70,70.0,0.9830598037175629
L9.1,71,71.0,0.9837985027624956
L9.1,72,72.0,0.9845020324420684
L9.1,73,73.0,0.9851722024861926
L9.1,74,74.0,0.9858107227205438
L9.1,75,75.0,0.9864192089770024
L9.1,76,76.0,0.98699918862428
L9.1,77,77.0,0.98755210574634
L9.1,78,78.0,0.988079325993794
L9.1,79,79.0,0.98858214113129
L9.1,80,80.0,0.9890617733019904
L9.1,81,81.0,0.9895193790285114
L9.1,82,82.0,0.9899560529681564
L9.1,83,83.0,0.9903728314388796
L9.1,84,84.0,0.9907706957311612
L9.1,85,85.0,0.9911505752198388
L9.1,86,86.0,0.9915133502888988
L9.1,87,87.0,0.9918598550812932
L9.1,88,88.0,0.9921908800849812
L9.1,89,89.0,0.992507174565608
L9.1,90,90.0,0.992809448855506
L9.1,91,91.0,0.9930983765080408
L9.1,92,92.0,0.9933745963257056
L9.1,93,93.0,0.993638714269809
L9.1,94,94.0,0.9938913052590668
L9.1,95,95.0,0.9941329148639372
L9.1,96,96.0,0.9943640609030768
L9.1,97,97.0,0.9945852349478908
L9.1,98,98.0,0.994796903740754
L9.1,99,99.0,0.9949995105321282
L9.1,100,100.0,0.9951934763414592
L9.1,101,101.0,0.9953792011464364
L9.1,102,102.0,0.9955570650048948
L9.1,103,103.0,0.995727429113382
L9.1,104,104.0,0.995890636806151
L9.1,105,105.0,0.996047014498108
L9.1,106,106.0,0.9961968725750296
L9.1,107,107.0,0.9963405062341466
L9.1,108,108.0,0.996478196278014
L9.1,109,109.0,0.996610209864397
L9.1,110,110.0,0.9967368012147372
L9.1,111,111.0,0.9968582122836138
L9.1,112,112.0,0.9969746733914564
L9.1,113,113.0,0.9970864038226356
L9.1,114,114.0,0.9971936123909274
L9.1,115,115.0,0.9972964979742296
L9.1,116,116.0,0.9973952500202858
L9.1,117,117.0,0.9974900490250826
L9.1,118,118.0,0.9975810669854684
L9.1,119,119.0,0.9976684678274657
L9.1,120,120.0,0.9977524078116484
L9.1,121,121.0,0.9978330359168852
L9.1,122,122.0,0.9979104942036612
L9.1,123,123.0,0.99798491815813
L9.1,124,124.0,0.998056437017974
L9.1,125,125.0,0.9981251740810856
L9.2,0,0.0,0.0
L9.2,1,1.0,5.308942689572277e-08
L9.2,2,2.0,1.7361307923445265e-05
L9.2,3,3.0,0.0002237531303325
L9.2,4,4.0,0.0009629301898004
L9.2,5,5.0,0.0024688165884716
L9.2,6,6.0,0.0047503956981732
L9.2,7,7.0,0.0076718369011968
L9.2,8,8.0,0.011053473283782
L9.2,9,9.0,0.0147295629456327
L9.2,10,10.0,0.018568836077963
L9.2,11,11.0,0.0224758879122009
L9.2,12,12.0,0.0263856290926225
L9.2,13,13.0,0.0302565616886094
L9.2,14,14.0,0.0340649191158287
L9.2,15,15.0,0.0378000607602452
L9.2,16,16.0,0.0414609522415638
L9.2,17,17.0,0.0450534590830221
L9.2,18,18.0,0.048588227782618
L9.2,19,19.0,0.0520789995094129
L9.2,20,20.0,0.055541258371245
L9.2,21,21.0,0.0589911524241164
L9.2,22,22.0,0.0624446457753086
L9.2,23,23.0,0.0659168702184909
L9.2,24,24.0,0.0694216494928402
L9.2,25,25.0,0.0729711714668166
L9.2,26,26.0,0.0765757849683583
L9.2,27,27.0,0.0802438993999298
L9.2,28,28.0,0.0839819669646023
L9.2,29,29.0,0.0877945293039061
L9.2,30,30.0,0.0916843125150692
L9.2,31,31.0,0.0956523567515635
L9.2,32,32.0,0.0996981688048807
L9.2,33,33.0,0.1038198881319189
L9.2,34,34.0,0.1080144586750275
L9.2,35,35.0,0.1122778004900315
L9.2,36,36.0,0.1166049766409744
L9.2,37,37.0,0.1209903520428812
L9.2,38,38.0,0.1254277419491414
L9.2,39,39.0,0.1299105486073023
L9.2,40,40.0,0.1344318852680331
L9.2,41,41.0,0.1389846872492361
L9.2,42,42.0,0.1435618101525111
L9.2,43,43.0,0.1481561156225719
L9.2,44,44.0,0.1527605452499508
L9.2,45,45.0,0.1573681833593459
L9.2,46,46.0,0.1619723095140428
L9.2,47,47.0,0.1665664416126538
L9.2,48,48.0,0.1711443704677369
L9.2,49,49.0,0.1757001867447547
L9.2,50,50.0,0.1802283011108923
L9.2,51,51.0,0.1847234584017872
L9.2,52,52.0,0.1891807465644397
L9.2,53,53.0,0.1935956010798062
L9.2,54,54.0,0.1979638055113664
L9.2,55,55.0,0.2022814887682666
L9.2,56,56.0,0.2065451196149077
L9.2,57,57.0,0.210751498904111
L9.2,58,58.0,0.2148977499589857
L9.2,59,59.0,0.2189813074797993
L9.2,60,60.0,0.2229999053067958
L9.2,61,61.0,0.2269515633281423
L9.2,62,62.0,0.2308345737840107
L9.2,63,63.0,0.2346474871831633
L9.2,64,64.0,0.238389098017162
L9.2,65,65.0,0.2420584304292947
L9.2,66,66.0,0.2456547239703145
L9.2,67,67.0,0.249177419550895
L9.2,68,68.0,0.2526261456811122
L9.2,69,69.0,0.2560007050700368
L9.2,70,70.0,0.2593010616434654
L9.2,71,71.0,0.2625273280247063
L9.2,72,72.0,0.265679753511999
L9.2,73,73.0,0.2687587125763743
L9.2,74,74.0,0.2717646938954131
L9.2,75,75.0,0.2746982899312517
L9.2,76,76.0,0.2775601870551965
L9.2,77,77.0,0.2803511562162877
L9.2,78,78.0,0.2830720441470031
L9.2,79,79.0,0.2857237650958871
L9.2,80,80.0,0.2883072930741445
L9.2,81,81.0,0.2908236546010639
L9.2,82,82.0,0.2932739219314501
L9.2,83,83.0,0.2956592067469851
L9.2,84,84.0,0.2979806542925445
L9.2,85,85.0,0.300239437937904
L9.2,86,86.0,0.3024367541449509
L9.2,87,87.0,0.3045738178204077
L9.2,88,88.0,0.3066518580341568
L9.2,89,89.0,0.308672114083483
L9.2,90,90.0,0.310635831883911
L9.2,91,91.0,0.3125442606677663
L9.2,92,92.0,0.3143986499721236
L9.2,93,93.0,0.3162002468984043
L9.2,94,94.0,0.317950293626527
L9.2,95,95.0,0.3196500251671836
L9.2,96,96.0,0.3213006673365203
L9.2,97,97.0,0.3229034349382012
L9.2,98,98.0,0.3244595301385514
L9.2,99,99.0,0.325970141021183
L9.2,100,100.0,0.3274364403082133
L9.2,101,101.0,0.3288595842358731
L9.2,102,102.0,0.3302407115729757
L9.2,103,103.0,0.3315809427713798
L9.2,104,104.0,0.3328813792382065
L9.2,105,105.0,0.3341431027201895
L9.2,106,106.0,0.3353671747911255
L9.2,107,107.0,0.3365546364339546
L9.2,108,108.0,0.3377065077095435
L9.2,109,109.0,0.3388237875047568
L9.2,110,110.0,0.3399074533528957
L9.2,111,111.0,0.3409584613200426
L9.2,112,112.0,0.3419777459512988
L9.2,113,113.0,0.3429662202713144
L9.2,114,114.0,0.3439247758339059
L9.2,115,115.0,0.3448542828159304
L9.2,116,116.0,0.345755590150934
L9.2,117,117.0,0.346629525698422
L9.2,118,118.0,0.3474768964449088
L9.2,119,119.0,0.3482984887331982
L9.2,120,120.0,0.3490950685166109
L9.2,121,121.0,0.3498673816351411
L9.2,122,122.0,0.3506161541107532
L9.2,123,123.0,0.3513420924592588
L9.2,124,124.0,0.3520458840164212
L9.2,125,125.0,0.3527281972761271
W1.1,0,0.0,0.0
W1.1,1,1.0,0.0
W1.1,2,2.0,0.0
W1.1,3,3.0,0.0
W1.1,4,4.0,0.0
W1.1,5,5.0,0.0
W1.1,6,6.0,0.0
W1.1,7,7.0,0.0
W1.1,8,8.0,3.913422695725232e-297
W1.1,9,9.0,7.334263168332351e-258
W1.1,10,10.0,4.038900400687976e-225
W1.1,11,11.0,1.9060515756065622e-197
W1.1,12,12.0,8.55598400354002e-174
W1.1,13,13.0,2.1453907353837127e-153
W1.1,14,14.0,1.1421549795088138e-135
W1.1,15,15.0,3.611251741840375e-120
W1.1,16,16.0,1.519688579526784e-106
W1.1,17,17.0,1.619124284296604e-94
W1.1,18,18.0,7.342512974858226e-84
W1.1,19,19.0,2.167348712738146e-74
W1.1,20,20.0,5.915759442761506e-66
W1.1,21,21.0,2.001402396849043e-58
W1.1,22,22.0,1.0740161903602402e-51
W1.1,23,23.0,1.1269687540740622e-45
W1.1,24,24.0,2.764945024148102e-40
W1.1,25,25.0,1.8497835751130087e-35
W1.1,26,26.0,3.854841063402768e-31
W1.1,27,27.0,2.809521839908701e-27
W1.1,28,28.0,7.924829977238063e-24
W1.1,29,29.0,9.456973849418828e-21
W1.1,30,30.0,5.165095795997988e-18
W1.1,31,31.0,1.3844586085157352e-15
W1.1,32,32.0,1.9381047213076996e-13
W1.1,33,33.0,1.4981988114053224e-11
W1.1,34,34.0,6.724147789484328e-10
W1.1,35,35.0,1.833550549259598e-08
W1.1,36,36.0,3.165863980931533e-07
W1.1,37,37.0,3.5951924144831265e-06
W1.1,38,38.0,2.7814842728791947e-05
W1.1,39,39.0,0.0001515437680258
W1.1,40,40.0,0.0006001805111064
W1.1,41,41.0,0.0017824994618303
W1.1,42,42.0,0.0040973018680867
W1.1,43,43.0,0.0075387484515318
W1.1,44,44.0,0.0115459661577764
W1.1,45,45.0,0.0155254852269497
W1.1,46,46.0,0.0199380390210122
W1.1,47,47.0,0.0274410256985902
W1.1,48,48.0,0.0433323783117114
W1.1,49,49.0,0.0742461756150483
W1.1,50,50.0,0.124836706056362
W1.1,51,51.0,0.1945852399711893
W1.1,52,52.0,0.2779915540498473
W1.1,53,53.0,0.3684623274451267
W1.1,54,54.0,0.4620694566361737
W1.1,55,55.0,0.557518390568718
W1.1,56,56.0,0.6530708496422208
W1.1,57,57.0,0.7442507077155499
W1.1,58,58.0,0.8247046566300695
W1.1,59,59.0,0.8891189677559267
W1.1,60,60.0,0.935540927237264
W1.1,61,61.0,0.9656155253798654
W1.1,62,62.0,0.983167180561768
W1.1,63,63.0,0.9924278721578964
W1.1,64,64.0,0.9968638401533284
W1.1,65,65.0,0.9988012421827204
W1.1,66,66.0,0.9995760110733442
W1.1,67,67.0,0.9998608585912996
W1.1,68,68.0,0.9999575140574372
W1.1,69,69.0,0.999987896062572
W1.1,70,70.0,0.9999967738146912
W1.1,71,71.0,0.9999991933305754
W1.1,72,72.0,0.9999998102963524
W1.1,73,73.0,0.999999957934725
W1.1,74,74.0,0.999999991183508
W1.1,75,75.0,0.9999999982493112
W1.1,76,76.0,0.9999999996699036
W1.1,77,77.0,0.9999999999407716
W1.1,78,78.0,0.999999999989866
W1.1,79,79.0,0.9999999999983432
W1.1,80,80.0,0.9999999999997408
W1.1,81,81.0,0.999999999999961
W1.1,82,82.0,0.9999999999999944
W1.1,83,83.0,0.9999999999999992
W1.1,84,84.0,1.0
W1.1,85,85.0,1.0
W1.2,0,0.0,0.0
W1.2,1,1.0,0.0
W1.2,2,2.0,0.0
W1.2,3,3.0,0.0
W1.2,4,4.0,0.0
W1.2,5,5.0,0.0
W1.2,6,6.0,8.268087778368083e-301
W1.2,7,7.0,7.7644185417502945e-255
W1.2,8,8.0,3.938472347645867e-218
W1.2,9,9.0,3.7091290064753376e-188
W1.2,10,10.0,2.9791990226593066e-163
W1.2,11,11.0,2.828446130054884e-142
W1.2,12,12.0,2.068488200978373e-124
W1.2,13,13.0,4.620240486755521e-109
W1.2,14,14.0,8.901099075992221e-96
W1.2,15,15.0,3.2889683255370693e-84
W1.2,16,16.0,4.360901869345057e-74
W1.2,17,17.0,3.4169315958489253e-65
W1.2,18,18.0,2.3666601345060584e-57
W1.2,19,19.0,2.0136772373213221e-50
W1.2,20,20.0,2.7621298767768423e-44
W1.2,21,21.0,7.662113667854319e-39
W1.2,22,22.0,5.201496312599797e-34
W1.2,23,23.0,1.0158186771654212e-29
W1.2,24,24.0,6.552395647948415e-26
W1.2,25,25.0,1.572027518879949e-22
W1.2,26,26.0,1.5546160923571046e-19
W1.2,27,27.0,6.929889239748739e-17
W1.2,28,28.0,1.5057650172500774e-14
W1.2,29,29.0,1.708528243946263e-12
W1.2,30,30.0,1.0759249123619656e-10
W1.2,31,31.0,3.9699952698244995e-09
W1.2,32,32.0,9.01091859900904e-08
W1.2,33,33.0,1.3148603861837826e-06
W1.2,34,34.0,1.2849060414441596e-05
W1.2,35,35.0,8.747414291073457e-05
W1.2,36,36.0,0.0004322064676687
W1.2,37,37.0,0.0016238372703266
W1.2,38,38.0,0.0049038294793286
W1.2,39,39.0,0.0126374579719031
W1.2,40,40.0,0.0290946025674623
W1.2,41,41.0,0.0606563216697986
W1.2,42,42.0,0.1131309719925198
W1.2,43,43.0,0.1860995386981837
W1.2,44,44.0,0.2696276661547181
W1.2,45,45.0,0.3486775015345517
W1.2,46,46.0,0.4125241442811153
W1.2,47,47.0,0.4609351082215331
W1.2,48,48.0,0.5027733499547031
W1.2,49,49.0,0.5495575957822447
W1.2,50,50.0,0.6088407548924544
W1.2,51,51.0,0.6806811692100134
W1.2,52,52.0,0.7582638943698761
W1.2,53,53.0,0.8317415064102358
W1.2,54,54.0,0.8928357432435641
W1.2,55,55.0,0.937675107319622
W1.2,56,56.0,0.966906882345295
W1.2,57,57.0,0.9839392513805262
W1.2,58,58.0,0.9928615281559164
W1.2,59,59.0,0.9970869123903814
W1.2,60,60.0,0.9989054069751152
W1.2,61,61.0,0.9996201391597332
W1.2,62,62.0,0.9998778688417814
W1.2,63,63.0,0.999963506022005
W1.2,64,64.0,0.9999898338544432
W1.2,65,65.0,0.9999973517995052
W1.2,66,66.0,0.9999993530264252
W1.2,67,67.0,0.9999998513371828
W1.2,68,68.0,0.9999999677825262
W1.2,69,69.0,0.9999999933976308
W1.2,70,70.0,0.9999999987172988
W1.2,71,71.0,0.9999999997631792
W1.2,72,72.0,0.9999999999583528
W1.2,73,73.0,0.9999999999930084
W1.2,74,74.0,0.9999999999988772
W1.2,75,75.0,0.9999999999998272
W1.2,76,76.0,0.9999999999999744
W1.2,77,77.0,0.9999999999999964
W1.2,78,78.0,0.9999999999999994
W1.2,79,79.0,1.0
W1.2,80,80.0,1.0
W1.2,81,81.0,1.0
W1.2,82,82.0,1.0
W1.2,83,83.0,1.0
W1.2,84,84.0,1.0
W1.2,85,85.0,1.0
W1.3,0,0.0,0.0
W1.3,1,1.0,0.0
W1.3,2,2.0,0.0
W1.3,3,3.0,0.0
W1.3,4,4.0,0.0
W1.3,5,5.0,9.458882134474276e-296
W1.3,6,6.0,7.638408073307609e-246
W1.3,7,7.0,2.746654475135561e-207
W1.3,8,8.0,1.3862505655368035e-176
W1.3,9,9.0,1.4034103436330764e-151
W1.3,10,10.0,7.348012636044495e-131
W1.3,11,11.0,1.8516964078780602e-113
W1.3,12,12.0,1.100618975106276e-98
W1.3,13,13.0,4.958182677253649e-86
W1.3,14,14.0,4.077955049740606e-75
W1.3,15,15.0,1.2043074359518974e-65
W1.3,16,16.0,2.1693599228799572e-57
W1.3,17,17.0,3.6338571371760324e-50
W1.3,18,18.0,7.954577040201185e-44
W1.3,19,19.0,3.0044604802891263e-38
W1.3,20,20.0,2.4629425222024398e-33
W1.3,21,21.0,5.305695877814137e-29
W1.3,22,22.0,3.5276374483124264e-25
W1.3,23,23.0,8.296514906367909e-22
W1.3,24,24.0,7.754398768701565e-19
W1.3,25,25.0,3.183646405204401e-16
W1.3,26,26.0,6.261206986760967e-14
W1.3,27,27.0,6.360911049274554e-12
W1.3,28,28.0,3.5663428356912995e-10
W1.3,29,29.0,1.1697386606010266e-08
W1.3,30,30.0,2.363734739309067e-07
W1.3,31,31.0,3.082394153165343e-06
W1.3,32,32.0,2.7053197576765112e-05
W1.3,33,33.0,0.0001661561097676
W1.3,34,34.0,0.0007415298714042
W1.3,35,35.0,0.0025005272745564
W1.3,36,36.0,0.0066626164134742
W1.3,37,37.0,0.0148106996008646
W1.3,38,38.0,0.0291996017813421
W1.3,39,39.0,0.0536698243057535
W1.3,40,40.0,0.0935176825025315
W1.3,41,41.0,0.1524316481923278
W1.3,42,42.0,0.2282816523967487
W1.3,43,43.0,0.3126899546999522
W1.3,44,44.0,0.3961680650286996
W1.3,45,45.0,0.4742652957814152
W1.3,46,46.0,0.5489124180144984
W1.3,47,47.0,0.6243114794529585
W1.3,48,48.0,0.7017712813115752
W1.3,49,49.0,0.7778309646751559
W1.3,50,50.0,0.8463129119496254
W1.3,51,51.0,0.9018661487148472
W1.3,52,52.0,0.94230815073067
W1.3,53,53.0,0.9687827981193629
W1.3,54,54.0,0.9844350407576512
W1.3,55,55.0,0.9928344826043896
W1.3,56,56.0,0.9969465571809109
W1.3,57,57.0,0.9987921885710968
W1.3,58,58.0,0.9995552011136865
W1.3,59,59.0,0.9998470343770364
W1.3,60,60.0,0.999950728569173
W1.3,61,61.0,0.9999850909192216
W1.3,62,62.0,0.999995749790498
W1.3,63,63.0,0.99999885532504
W1.3,64,64.0,0.9999997079682708
W1.3,65,65.0,0.9999999292428297
W1.3,66,66.0,0.9999999836780462
W1.3,67,67.0,0.9999999964070084
W1.3,68,68.0,0.9999999992435212
W1.3,69,69.0,0.9999999998473408
W1.3,70,70.0,0.9999999999704118
W1.3,71,71.0,0.9999999999944814
W1.3,72,72.0,0.9999999999990076
W1.3,73,73.0,0.9999999999998276
W1.3,74,74.0,0.999999999999971
W1.3,75,75.0,0.9999999999999952
W1.3,76,76.0,0.9999999999999992
W1.3,77,77.0,1.0
W1.3,78,78.0,1.0
W1.3,79,79.0,1.0
W1.3,80,80.0,1.0
W1.3,81,81.0,1.0
W1.3,82,82.0,1.0
W1.3,83,83.0,1.0
W1.3,84,84.0,1.0
W1.3,85,85.0,1.0
W14.1,0,0.0,0.0
W14.1,1,1.0,0.0
W14.1,2,2.0,0.0
W14.1,3,3.0,0.0
W14.1,4,4.0,0.0
W14.1,5,5.0,0.0
W14.1,6,6.0,0.0
W14.1,7,7.0,0.0
W14.1,8,8.0,0.0
W14.1,9,9.0,0.0
W14.1,10,10.0,0.0
W14.1,11,11.0,0.0
W14.1,12,12.0,0.0
W14.1,13,13.0,0.0
W14.1,14,14.0,0.0
W14.1,15,15.0,0.0
W14.1,16,16.0,0.0
W14.1,17,17.0,0.0
W14.1,18,18.0,0.0
W14.1,19,19.0,0.0
W14.1,20,20.0,0.0
W14.1,21,21.0,0.0
W14.1,22,22.0,0.0
W14.1,23,23.0,0.0
W14.1,24,24.0,0.0
W14.1,25,25.0,0.0
W14.1,26,26.0,0.0
W14.1,27,27.0,0.0
W14.1,28,28.0,0.0
W14.1,29,29.0,0.0
W14.1,30,30.0,0.0
W14.1,31,31.0,0.0
W14.1,32,32.0,0.0
W14.1,33,33.0,0.0
W14.1,34,34.0,0.0
W14.1,35,35.0,0.0
W14.1,36,36.0,0.0
W14.1,37,37.0,0.0
W14.1,38,38.0,0.0
W14.1,39,39.0,0.0
W14.1,40,40.0,0.0
W14.1,41,41.0,0.0
W14.1,42,42.0,0.0
W14.1,43,43.0,0.0
W14.1,44,44.0,0.0
W14.1,45,45.0,0.0
W14.1,46,46.0,0.0
W14.1,47,47.0,0.0
W14.1,48,48.0,0.0
W14.1,49,49.0,0.0
W14.1,50,50.0,0.0
W14.1,51,51.0,0.0
W14.1,52,52.0,0.0
W14.1,53,53.0,0.0
W14.1,54,54.0,0.0
W14.1,55,55.0,0.0
W14.1,56,56.0,0.0
W14.1,57,57.0,0.0
W14.1,58,58.0,0.0
W14.1,59,59.0,0.0
W14.1,60,60.0,0.0
W14.1,61,61.0,0.0
W14.1,62,62.0,0.0
W14.1,63,63.0,0.0
W14.1,64,64.0,0.0
W14.1,65,65.0,0.0
W14.1,66,66.0,0.0
W14.1,67,67.0,0.0
W14.1,68,68.0,0.0
W14.1,69,69.0,0.0
W14.1,70,70.0,0.0
W14.1,71,71.0,0.0
W14.1,72,72.0,0.0
W14.1,73,73.0,0.0
W14.1,74,74.0,0.0
W14.1,75,75.0,0.0
W14.1,76,76.0,0.0
W14.1,77,77.0,0.0
W14.1,78,78.0,0.0
W14.1,79,79.0,0.0
W14.1,80,80.0,0.0
W14.1,81,81.0,0.0
W14.1,82,82.0,0.0
W14.1,83,83.0,0.0
W14.1,84,84.0,0.0
W14.1,85,85.0,0.0
W14.1,86,86.0,0.0
W14.1,87,87.0,0.0
W14.1,88,88.0,0.0
W14.1,89,89.0,0.0
W14.1,90,90.0,0.0
W14.1,91,91.0,0.0
W14.1,92,92.0,0.0
W14.1,93,93.0,0.0
W14.1,94,94.0,0.0
W14.1,95,95.0,0.0
W14.1,96,96.0,0.0
W14.1,97,97.0,0.0
W14.1,98,98.0,0.0
W14.1,99,99.0,0.0
W14.1,100,100.0,0.0
W16.1,0,0.0,0.0
W16.1,1,1.0,0.0
W16.1,2,2.0,0.0
W16.1,3,3.0,0.0
W16.1,4,4.0,0.0
W16.1,5,5.0,0.0
W16.1,6,6.0,0.0
W16.1,7,7.0,0.0
W16.1,8,8.0,0.0
W16.1,9,9.0,0.0
W16.1,10,10.0,0.0
W16.1,11,11.0,0.0
W16.1,12,12.0,0.0
W16.1,13,13.0,0.0
W16.1,14,14.0,0.0
W16.1,15,15.0,0.0
W16.1,16,16.0,0.0
W16.1,17,17.0,0.0
W16.1,18,18.0,0.0
W16.1,19,19.0,0.0
W16.1,20,20.0,0.0
W16.1,21,21.0,0.0
W16.1,22,22.0,0.0
W16.1,23,23.0,0.0
W16.1,24,24.0,0.0
W16.1,25,25.0,0.0
W16.1,26,26.0,0.0
W16.1,27,27.0,0.0
W16.1,28,28.0,0.0
W16.1,29,29.0,0.0
W16.1,30,30.0,0.0
W16.1,31,31.0,0.0
W16.1,32,32.0,0.0
W16.1,33,33.0,0.0
W16.1,34,34.0,0.0
W16.1,35,35.0,0.0
W16.1,36,36.0,0.0
W16.1,37,37.0,0.0
W16.1,38,38.0,0.0
W16.1,39,39.0,0.0
W16.1,40,40.0,0.0
W16.1,41,41.0,0.0
W16.1,42,42.0,0.0
W16.1,43,43.0,0.0
W16.1,44,44.0,0.0
W16.1,45,45.0,0.0
W16.1,46,46.0,0.0
W16.1,47,47.0,0.0
W16.1,48,48.0,0.0
W16.1,49,49.0,0.0
W16.1,50,50.0,0.0
W16.1,51,51.0,0.0
W16.1,52,52.0,0.0
W16.1,53,53.0,0.0
W16.1,54,54.0,0.0
W16.1,55,55.0,0.0
W16.1,56,56.0,0.0
W16.1,57,57.0,0.0
W16.1,58,58.0,0.0
W16.1,59,59.0,0.0
W16.1,60,60.0,0.0
W16.1,61,61.0,0.0
W16.1,62,62.0,0.0
W16.1,63,63.0,0.0
W16.1,64,64.0,0.0
W16.1,65,65.0,0.0
W16.1,66,66.0,0.0
W16.1,67,67.0,0.0
W16.1,68,68.0,0.0
W16.1,69,69.0,0.0
W16.1,70,70.0,0.0
W16.1,71,71.0,0.0
W16.1,72,72.0,0.0
W16.1,73,73.0,0.0
W16.1,74,74.0,0.0
W16.1,75,75.0,0.0
W16.1,76,76.0,0.0
W16.1,77,77.0,0.0
W16.1,78,78.0,0.0
W16.1,79,79.0,0.0
W16.1,80,80.0,0.0
W16.1,81,81.0,0.0
W16.1,82,82.0,0.0
W16.1,83,83.0,0.0
W16.1,84,84.0,0.0
W16.1,85,85.0,0.0
W16.1,86,86.0,0.0
W16.1,87,87.0,0.0
W16.1,88,88.0,0.0
W16.1,89,89.0,0.0
W16.1,90,90.0,0.0
W16.1,91,91.0,0.0
W16.1,92,92.0,0.0
W16.1,93,93.0,0.0
W16.1,94,94.0,0.0
W16.1,95,95.0,0.0
W16.1,96,96.0,0.0
W16.1,97,97.0,0.0
W16.1,98,98.0,0.0
W16.1,99,99.0,0.0
W16.1,100,100.0,0.0
W18.1,0,0.0,0.0
W18.1,1,1.0,0.0
W18.1,2,2.0,0.0
W18.1,3,3.0,0.0
W18.1,4,4.0,0.0
W18.1,5,5.0,0.0
W18.1,6,6.0,0.0
W18.1,7,7.0,0.0
W18.1,8,8.0,0.0
W18.1,9,9.0,0.0
W18.1,10,10.0,0.0
W18.1,11,11.0,0.0
W18.1,12,12.0,0.0
W18.1,13,13.0,0.0
W18.1,14,14.0,0.0
W18.1,15,15.0,0.0
W18.1,16,16.0,0.0
W18.1,17,17.0,0.0
W18.1,18,18.0,0.0
W18.1,19,19.0,0.0
W18.1,20,20.0,0.0
W18.1,21,21.0,0.0
W18.1,22,22.0,0.0
W18.1,23,23.0,0.0
W18.1,24,24.0,0.0
W18.1,25,25.0,0.0
W18.1,26,26.0,0.0
W18.1,27,27.0,0.0
W18.1,28,28.0,0.0
W18.1,29,29.0,0.0
W18.1,30,30.0,0.0
W18.1,31,31.0,0.0
W18.1,32,32.0,0.0
W18.1,33,33.0,0.0
W18.1,34,34.0,0.0
W18.1,35,35.0,0.0
W18.1,36,36.0,0.0
W18.1,37,37.0,0.0
W18.1,38,38.0,0.0
W18.1,39,39.0,0.0
W18.1,40,40.0,0.0
W18.1,41,41.0,0.0
W18.1,42,42.0,0.0
W18.1,43,43.0,0.0
W18.1,44,44.0,0.0
W18.1,45,45.0,0.0
W18.1,46,46.0,0.0
W18.1,47,47.0,0.0
W18.1,48,48.0,0.0
W18.1,49,49.0,0.0
W18.1,50,50.0,0.0
W18.1,51,51.0,0.0
W18.1,52,52.0,0.0
W18.1,53,53.0,0.0
W18.1,54,54.0,0.0
W18.1,55,55.0,0.0
W18.1,56,56.0,0.0
W18.1,57,57.0,0.0
W18.1,58,58.0,0.0
W18.1,59,59.0,0.0
W18.1,60,60.0,0.0
W18.1,61,61.0,0.0
W18.1,62,62.0,0.0
W18.1,63,63.0,0.0
W18.1,64,64.0,0.0
W18.1,65,65.0,0.0
W18.1,66,66.0,0.0
W18.1,67,67.0,0.0
W18.1,68,68.0,0.0
W18.1,69,69.0,0.0
W18.1,70,70.0,0.0
W18.1,71,71.0,0.0
W18.1,72,72.0,0.0
W18.1,73,73.0,0.0
W18.1,74,74.0,0.0
W18.1,75,75.0,0.0
W18.1,76,76.0,0.0
W18.1,77,77.0,0.0
W18.1,78,78.0,0.0
W18.1,79,79.0,0.0
W18.1,80,80.0,0.0
W18.1,81,81.0,0.0
W18.1,82,82.0,0.0
W18.1,83,83.0,0.0
W18.1,84,84.0,0.0
W18.1,85,85.0,0.0
W18.1,86,86.0,0.0
W18.1,87,87.0,0.0
W18.1,88,88.0,0.0
W18.1,89,89.0,0.0
W18.1,90,90.0,0.0
W18.1,91,91.0,0.0
W18.1,92,92.0,0.0
W18.1,93,93.0,0.0
W18.1,94,94.0,0.0
W18.1,95,95.0,0.0
W18.1,96,96.0,0.0
W18.1,97,97.0,0.0
W18.1,98,98.0,0.0
W18.1,99,99.0,0.0
W18.1,100,100.0,0.0
W19.1,0,0.0,0.0
W19.1,1,1.0,0.0
W19.1,2,2.0,0.0
W19.1,3,3.0,0.0
W19.1,4,4.0,0.0
W19.1,5,5.0,0.0
W19.1,6,6.0,0.0
W19.1,7,7.0,0.0
W19.1,8,8.0,0.0
W19.1,9,9.0,0.0
W19.1,10,10.0,0.0
W19.1,11,11.0,0.0
W19.1,12,12.0,0.0
W19.1,13,13.0,0.0
W19.1,14,14.0,0.0
W19.1,15,15.0,0.0
W19.1,16,16.0,0.0
W19.1,17,17.0,0.0
W19.1,18,18.0,0.0
W19.1,19,19.0,0.0
W19.1,20,20.0,0.0
W19.1,21,21.0,0.0
W19.1,22,22.0,0.0
W19.1,23,23.0,0.0
W19.1,24,24.0,0.0
W19.1,25,25.0,0.0
W19.1,26,26.0,0.0
W19.1,27,27.0,0.0
W19.1,28,28.0,0.0
W19.1,29,29.0,0.0
W19.1,30,30.0,0.0
W19.1,31,31.0,0.0
W19.1,32,32.0,0.0
W19.1,33,33.0,0.0
W19.1,34,34.0,0.0
W19.1,35,35.0,0.0
W19.1,36,36.0,0.0
W19.1,37,37.0,0.0
W19.1,38,38.0,0.0
W19.1,39,39.0,0.0
W19.1,40,40.0,0.0
W19.1,41,41.0,0.0
W19.1,42,42.0,0.0
W19.1,43,43.0,0.0
W19.1,44,44.0,0.0
W19.1,45,45.0,0.0
W19.1,46,46.0,0.0
W19.1,47,47.0,0.0
W19.1,48,48.0,0.0
W19.1,49,49.0,0.0
W19.1,50,50.0,0.0
W19.1,51,51.0,0.0
W19.1,52,52.0,0.0
W19.1,53,53.0,0.0
W19.1,54,54.0,0.0
W19.1,55,55.0,0.0
W19.1,56,56.0,0.0
W19.1,57,57.0,0.0
W19.1,58,58.0,0.0
W19.1,59,59.0,0.0
W19.1,60,60.0,0.0
W19.1,61,61.0,0.0
W19.1,62,62.0,0.0
W19.1,63,63.0,0.0
W19.1,64,64.0,0.0
W19.1,65,65.0,0.0
W19.1,66,66.0,0.0
W19.1,67,67.0,0.0
W19.1,68,68.0,0.0
W19.1,69,69.0,0.0
W19.1,70,70.0,0.0
W19.1,71,71.0,0.0
W19.1,72,72.0,0.0
W19.1,73,73.0,0.0
W19.1,74,74.0,0.0
W19.1,75,75.0,0.0
W19.1,76,76.0,0.0
W19.1,77,77.0,0.0
W19.1,78,78.0,0.0
W19.1,79,79.0,0.0
W19.1,80,80.0,0.0
W19.1,81,81.0,0.0
W19.1,82,82.0,0.0
W19.1,83,83.0,0.0
W19.1,84,84.0,0.0
W19.1,85,85.0,0.0
W19.1,86,86.0,0.0
W19.1,87,87.0,0.0
W19.1,88,88.0,0.0
W19.1,89,89.0,0.0
W19.1,90,90.0,0.0
W19.1,91,91.0,0.0
W19.1,92,92.0,0.0
W19.1,93,93.0,0.0
W19.1,94,94.0,0.0
W19.1,95,95.0,0.0
W19.1,96,96.0,0.0
W19.1,97,97.0,0.0
W19.1,98,98.0,0.0
W19.1,99,99.0,0.0
W19.1,100,100.0,0.0
W21.1,0,0.0,0.0
W21.1,1,1.0,0.0
W21.1,2,2.0,0.0
W21.1,3,3.0,0.0
W21.1,4,4.0,0.0
W21.1,5,5.0,0.0
W21.1,6,6.0,0.0
W21.1,7,7.0,0.0
W21.1,8,8.0,0.0
W21.1,9,9.0,0.0
W21.1,10,10.0,0.0
W21.1,11,11.0,0.0
W21.1,12,12.0,0.0
W21.1,13,13.0,0.0
W21.1,14,14.0,0.0
W21.1,15,15.0,0.0
W21.1,16,16.0,0.0
W21.1,17,17.0,0.0
W21.1,18,18.0,0.0
W21.1,19,19.0,0.0
W21.1,20,20.0,0.0
W21.1,21,21.0,3.971123351257582e-10
W21.1,22,22.0,4.190254480761069e-07
W21.1,23,23.0,1.2374602771905582e-05
W21.1,24,24.0,0.0001008571544649
W21.1,25,25.0,0.0004323284347972
W21.1,26,26.0,0.0012716961344713
W21.1,27,27.0,0.0029329888079975
W21.1,28,28.0,0.0057193240744499
W21.1,29,29.0,0.0098770210698881
W21.1,30,30.0,0.0155712349810402
W21.1,31,31.0,0.0228803096124391
W21.1,32,32.0,0.0318027203522181
W21.1,33,33.0,0.0422707500848044
W21.1,34,34.0,0.0541665532735185
W21.1,35,35.0,0.0673378607074142
W21.1,36,36.0,0.0816118416859148
W21.1,37,37.0,0.096806505489155
W21.1,38,38.0,0.1127395546914875
W21.1,39,39.0,0.1292348928208487
W21.1,40,40.0,0.1461271211821178
W21.1,41,41.0,0.1632643966900534
W21.1,42,42.0,0.1805100068638332
W21.1,43,43.0,0.1977429768918059
W21.1,44,44.0,0.2148579731991484
W21.1,45,45.0,0.2317647173824258
W21.1,46,46.0,0.2483870783395786
W21.1,47,47.0,0.2646619708428298
W21.1,48,48.0,0.280538156063946
W21.1,49,49.0,0.2959750132529941
W21.1,50,50.0,0.3109413311161772
W21.1,51,51.0,0.3254141515455365
W21.1,52,52.0,0.3393776863550926
W21.1,53,53.0,0.3528223187929387
W21.1,54,54.0,0.3657436951569009
W21.1,55,55.0,0.3781419072866193
W21.1,56,56.0,0.3900207635866896
W21.1,57,57.0,0.401387144195219
W21.1,58,58.0,0.4122504346685807
W21.1,59,59.0,0.4226220318886865
W21.1,60,60.0,0.4325149156470919
W21.1,61,61.0,0.4419432793947009
W21.1,62,62.0,0.4509222138723935
W21.1,63,63.0,0.4594674376868349
W21.1,64,64.0,0.4675950693162058
W21.1,65,65.0,0.475321435486128
W21.1,66,66.0,0.4826629113210586
W21.1,67,67.0,0.4896357881333318
W21.1,68,68.0,0.4962561651493634
W21.1,69,69.0,0.5025398618831464
W21.1,70,70.0,0.5085023482471118
W21.1,71,71.0,0.514158689838008
W21.1,72,72.0,0.5195235061505099
W21.1,73,73.0,0.5246109397547137
W21.1,74,74.0,0.5294346347270985
W21.1,75,75.0,0.534007722849909
W21.1,76,76.0,0.5383428162934543
W21.1,77,77.0,0.5424520056717775
W21.1,78,78.0,0.5463468625167877
W21.1,79,79.0,0.5500384453514147
W21.1,80,80.0,0.5535373086607169
W21.1,81,81.0,0.5568535141629888
W21.1,82,82.0,0.5599966438725917
W21.1,83,83.0,0.5629758145239863
W21.1,84,84.0,0.5657996929937509
W21.1,85,85.0,0.5684765124155035
W21.1,86,86.0,0.571014088732731
W21.1,87,87.0,0.5734198374776217
W21.1,88,88.0,0.5757007906009617
W21.1,89,89.0,0.5778636132098133
W21.1,90,90.0,0.5799146200967296
W21.1,91,91.0,0.5818597919673002
W21.1,92,92.0,0.5837047912923894
W21.1,93,93.0,0.585454977728015
W21.1,94,94.0,0.5871154230598066
W21.1,95,95.0,0.58869092564076
W21.1,96,96.0,0.5901860243008605
W21.1,97,97.0,0.5916050117153648
W21.1,98,98.0,0.5929519472253402
W21.1,99,99.0,0.5942306691096622
W21.1,100,100.0,0.5954448063122465
W21.1,101,101.0,0.5965977896319901
W21.1,102,102.0,0.5976928623858488
W21.1,103,103.0,0.598733090557801
W21.1,104,104.0,0.5997213724482344
W21.1,105,105.0,0.6006604478396322
W21.1,106,106.0,0.6015529066953963
W21.1,107,107.0,0.602401197409286
W21.1,108,108.0,0.6032076346233436
W21.1,109,109.0,0.603974406632332
W21.1,110,110.0,0.6047035823927104
W21.1,111,111.0,0.6053971181540084
W21.1,112,112.0,0.606056863730191
W21.1,113,113.0,0.606684568428239
W21.1,114,114.0,0.6072818866507325
W21.1,115,115.0,0.6078503831887282
W21.1,116,116.0,0.6083915382206924
W21.1,117,117.0,0.608906752032679
W21.1,118,118.0,0.6093973494743681
W21.1,119,119.0,0.6098645841649771
W21.1,120,120.0,0.6103096424624703
W21.1,121,121.0,0.6107336472088853
W21.1,122,122.0,0.6111376612640136
W21.1,123,123.0,0.6115226908390898
W21.1,124,124.0,0.6118896886415789
W21.1,125,125.0,0.6122395568415958
W21.1,126,126.0,0.6125731498699659
W21.1,127,127.0,0.6128912770574073
W21.1,128,128.0,0.6131947051238279
W21.1,129,129.0,0.6134841605262487
W21.1,130,130.0,0.6137603316734055
W21.1,131,131.0,0.614023871014648
W21.1,132,132.0,0.6142753970103308
W21.1,133,133.0,0.614515495990499
W21.1,134,134.0,0.6147447239082856
W21.1,135,135.0,0.6149636079940812
W21.1,136,136.0,0.6151726483161931
W21.1,137,137.0,0.615372319253385
W21.1,138,138.0,0.615563070884381
W21.1,139,139.0,0.6157453302991273
W21.1,140,140.0,0.6159195028363277
W21.10,0,0.0,0.0
W21.10,1,1.0,1.136241363452799e-31
W21.10,2,2.0,1.3394379374662605e-23
W21.10,3,3.0,1.8505162844535807e-19
W21.10,4,4.0,8.81824293717866e-17
W21.10,5,5.0,7.492034905877796e-15
W21.10,6,6.0,2.2648456567223532e-13
W21.10,7,7.0,3.464228263972244e-12
W21.10,8,8.0,3.281708390602166e-11
W21.10,9,9.0,2.1840201646067406e-10
W21.10,10,10.0,1.1100199945615295e-09
W21.10,11,11.0,4.565367144605746e-09
W21.10,12,12.0,1.5841524856470153e-08
W21.10,13,13.0,4.783251593864222e-08
W21.10,14,14.0,1.286662334954074e-07
W21.10,15,15.0,3.140135923357281e-07
W21.10,16,16.0,7.054090114582457e-07
W21.10,17,17.0,1.475613830960302e-06
W21.10,18,18.0,2.9015967302263743e-06
W21.10,19,19.0,5.405115736145244e-06
W21.10,20,20.0,9.600241428632784e-06
W21.10,21,21.0,1.6346538865979998e-05
W21.10,22,22.0,2.6806093977583155e-05
W21.10,23,23.0,4.250217723592627e-05
W21.10,24,24.0,6.537711004951344e-05
W21.10,25,25.0,9.784684345107268e-05
W21.10,26,26.0,0.0001428498629994
W21.10,27,27.0,0.0002038882746384
W21.10,28,28.0,0.0002850592723687
W21.10,29,29.0,0.0003910756058242
W21.10,30,30.0,0.0005272741206395
W21.10,31,31.0,0.0006996119065239
W21.10,32,32.0,0.0009146500316899
W21.10,33,33.0,0.0011795252478362
W21.10,34,34.0,0.0015019104030807
W21.10,35,35.0,0.001889964592317
W21.10,36,36.0,0.0023522743014076
W21.10,37,37.0,0.0028977869633486
W21.10,38,38.0,0.003535738444057
W21.10,39,39.0,0.0042755760179978
W21.10,40,40.0,0.0051268783862415
W21.10,41,41.0,0.006099274239314
W21.10,42,42.0,0.0072023607822808
W21.10,43,43.0,0.008445623527668
W21.10,44,44.0,0.009838358530439
W21.10,45,45.0,0.0113895980950296
W21.10,46,46.0,0.0131080408333433
W21.10,47,47.0,0.0150019867997351
W21.10,48,48.0,0.0170792782786131
W21.10,49,49.0,0.0193472466557886
W21.10,50,50.0,0.0218126656687563
W21.10,51,51.0,0.0244817112056179
W21.10,52,52.0,0.0273599277087028
W21.10,53,53.0,0.0304522011378441
W21.10,54,54.0,0.0337627383600697
W21.10,55,55.0,0.0372950527570998
W21.10,56,56.0,0.0410519557791509
W21.10,57,57.0,0.0450355541225451
W21.10,58,58.0,0.0492472521687567
W21.10,59,59.0,0.0536877592929198
W21.10,60,60.0,0.0583571016295226
W21.10,61,61.0,0.0632546378710587
W21.10,62,62.0,0.0683790786707697
W21.10,63,63.0,0.0737285092223862
W21.10,64,64.0,0.0793004145969527
W21.10,65,65.0,0.085091707428591
W21.10,66,66.0,0.0910987575565476
W21.10,67,67.0,0.0973174232493583
W21.10,68,68.0,0.1037430836577417
W21.10,69,69.0,0.1103706721653057
W21.10,70,70.0,0.1171947103297639
W21.10,71,71.0,0.1242093421316259
W21.10,72,72.0,0.1314083682718691
W21.10,73,73.0,0.1387852802845122
W21.10,74,74.0,0.146333294254064
W21.10,75,75.0,0.1540453839512009
W21.10,76,76.0,0.1619143132226141
W21.10,77,77.0,0.1699326674925056
W21.10,78,78.0,0.1780928842537187
W21.10,79,79.0,0.1863872824457263
W21.10,80,80.0,0.1948080906347404
W21.10,81,81.0,0.2033474739279485
W21.10,82,82.0,0.2119975595693186
W21.10,83,83.0,0.2207504611786021
W21.10,84,84.0,0.229598301608037
W21.10,85,85.0,0.2385332344029506
W21.10,86,86.0,0.2475474638629227
W21.10,87,87.0,0.2566332637095422
W21.10,88,88.0,0.2657829943750259
W21.10,89,89.0,0.2749891189332467
W21.10,90,90.0,0.284244217700988
W21.10,91,91.0,0.2935410015426302
W21.10,92,92.0,0.3028723239160654
W21.10,93,93.0,0.3122311917014037
W21.10,94,94.0,0.3216107748571547
W21.10,95,95.0,0.3310044149510041
W21.10,96,96.0,0.3404056326141768
W21.10,97,97.0,0.3498081339697295
W21.10,98,98.0,0.3592058160859654
W21.10,99,99.0,0.3685927715066203
W21.10,100,100.0,0.3779632919095361
W21.2,0,0.0,0.0
W21.2,1,1.0,0.0
W21.2,2,2.0,0.0
W21.2,3,3.0,0.0
W21.2,4,4.0,0.0
W21.2,5,5.0,0.0
W21.2,6,6.0,0.0
W21.2,7,7.0,0.0
W21.2,8,8.0,0.0
W21.2,9,9.0,0.0
W21.2,10,10.0,0.0
W21.2,11,11.0,0.0
W21.2,12,12.0,0.0
W21.2,13,13.0,0.0
W21.2,14,14.0,0.0
W21.2,15,15.0,0.0
W21.2,16,16.0,0.0
W21.2,17,17.0,0.0
W21.2,18,18.0,0.0
W21.2,19,19.0,0.0
W21.2,20,20.0,0.0
W21.2,21,21.0,4.580697264397202e-10
W21.2,22,22.0,4.981297676231273e-07
W21.2,23,23.0,1.4537459448805176e-05
W21.2,24,24.0,0.0001160067090314
W21.2,25,25.0,0.0004857657906393
W21.2,26,26.0,0.0013957327893083
W21.2,27,27.0,0.0031466322377917
W21.2,28,28.0,0.0060038711392785
W21.2,29,29.0,0.0101562634207544
W21.2,30,30.0,0.015700772169728
W21.2,31,31.0,0.0226464885596954
W21.2,32,32.0,0.0309293890489224
W21.2,33,33.0,0.0404311767790749
W21.2,34,34.0,0.0509979498564753
W21.2,35,35.0,0.0624564608519078
W21.2,36,36.0,0.0746271028699478
W21.2,37,37.0,0.0873335666567344
W21.2,38,38.0,0.1004095252806339
W21.2,39,39.0,0.1137028659220842
W21.2,40,40.0,0.1270780100765727
W21.2,41,41.0,0.1404168142897746
W21.2,42,42.0,0.153618465619343
W21.2,43,43.0,0.1665987027683512
W21.2,44,44.0,0.1792886169705675
W21.2,45,45.0,0.1916332210843687
W21.2,46,46.0,0.2035899220715663
W21.2,47,47.0,0.215126990322145
W21.2,48,48.0,0.226222087560706
W21.2,49,49.0,0.2368608915516316
W21.2,50,50.0,0.2470358388112719
W21.2,51,51.0,0.2567449945559312
W21.2,52,52.0,0.265991050936222
W21.2,53,53.0,0.2747804492478761
W21.2,54,54.0,0.2831226184982564
W21.2,55,55.0,0.291029320858588
W21.2,56,56.0,0.2985140937017554
W21.2,57,57.0,0.3055917777862318
W21.2,58,58.0,0.3122781214585955
W21.2,59,59.0,0.3185894513376979
W21.2,60,60.0,0.3245424006908294
W21.2,61,61.0,0.3301536875316698
W21.2,62,62.0,0.3354399353042444
W21.2,63,63.0,0.3404175298293085
W21.2,64,64.0,0.3451025069564967
W21.2,65,65.0,0.3495104660741515
W21.2,66,66.0,0.3536565052728724
W21.2,67,67.0,0.3575551745369972
W21.2,68,68.0,0.3612204438520314
W21.2,69,69.0,0.3646656835689089
W21.2,70,70.0,0.3679036547624176
W21.2,71,71.0,0.3709465076662046
W21.2,72,72.0,0.3738057865656395
W21.2,73,73.0,0.3764924397875426
W21.2,74,74.0,0.3790168336471661
W21.2,75,75.0,0.3813887694023233
W21.2,76,76.0,0.3836175024262317
W21.2,77,77.0,0.3857117629481628
W21.2,78,78.0,0.3876797778276071
W21.2,79,79.0,0.3895292929262779
W21.2,80,80.0,0.3912675957254167
W21.2,81,81.0,0.3929015379057451
W21.2,82,82.0,0.3944375576659746
W21.2,83,83.0,0.3958817016046825
W21.2,84,84.0,0.3972396460310681
W21.2,85,85.0,0.3985167176038297
W21.2,86,86.0,0.3997179132252389
W21.2,87,87.0,0.4008479191403404
W21.2,88,88.0,0.401911129209859
W21.2,89,89.0,0.4029116623405146
W21.2,90,90.0,0.4038533790686083
W21.2,91,91.0,0.4047398973024161
W21.2,92,92.0,0.4055746072365457
W21.2,93,93.0,0.4063606854572973
W21.2,94,94.0,0.407101108262539
W21.2,95,95.0,0.407798664222896
W21.2,96,96.0,0.4084559660133737
W21.2,97,97.0,0.4090754615460712
W21.2,98,98.0,0.4096594444355254
W21.2,99,99.0,0.4102100638286056
W21.2,100,100.0,0.4107293336308315
W21.2,101,101.0,0.4112191411606205
W21.2,102,102.0,0.4116812552623503
W21.2,103,103.0,0.4121173339082979
W21.2,104,104.0,0.4125289313185593
W21.2,105,105.0,0.4129175046269783
W21.2,106,106.0,0.4132844201199777
W21.2,107,107.0,0.4136309590739972
W21.2,108,108.0,0.4139583232160353
W21.2,109,109.0,0.4142676398305793
W21.2,110,110.0,0.414559966535004
W21.2,111,111.0,0.4148362957443324
W21.2,112,112.0,0.4150975588450989
W21.2,113,113.0,0.4153446300969304
W21.2,114,114.0,0.4155783302793807
W21.2,115,115.0,0.4157994301005113
W21.2,116,116.0,0.4160086533827195
W21.2,117,117.0,0.4162066800403605
W21.2,118,118.0,0.4163941488628134
W21.2,119,119.0,0.4165716601157773
W21.2,120,120.0,0.4167397779727784
W21.2,121,121.0,0.4168990327880984
W21.2,122,122.0,0.4170499232216138
W21.2,123,123.0,0.4171929182253525
W21.2,124,124.0,0.4173284589009357
W21.2,125,125.0,0.4174569602364686
W21.2,126,126.0,0.4175788127308809
W21.2,127,127.0,0.4176943839131853
W21.2,128,128.0,0.4178040197636289
W21.2,129,129.0,0.4179080460432453
W21.2,130,130.0,0.4180067695378813
W21.2,131,131.0,0.418100479222365
W21.2,132,132.0,0.4181894473501026
W21.2,133,133.0,0.4182739304730366
W21.2,134,134.0,0.4183541703965638
W21.2,135,135.0,0.4184303950737068
W21.2,136,136.0,0.4185028194425388
W21.2,137,137.0,0.4185716462105971
W21.2,138,138.0,0.4186370665897642
W21.2,139,139.0,0.4186992609848656
W21.2,140,140.0,0.4187583996390133
W21.3,0,0.0,0.0
W21.3,1,1.0,0.0
W21.3,2,2.0,0.0
W21.3,3,3.0,0.0
W21.3,4,4.0,0.0
W21.3,5,5.0,0.0
W21.3,6,6.0,0.0
W21.3,7,7.0,0.0
W21.3,8,8.0,0.0
W21.3,9,9.0,0.0
W21.3,10,10.0,0.0
W21.3,11,11.0,0.0
W21.3,12,12.0,0.0
W21.3,13,13.0,0.0
W21.3,14,14.0,0.0
W21.3,15,15.0,0.0
W21.3,16,16.0,0.0
W21.3,17,17.0,0.0
W21.3,18,18.0,0.0
W21.3,19,19.0,0.0
W21.3,20,20.0,0.0
W21.3,21,21.0,0.0
W21.3,22,22.0,0.0
W21.3,23,23.0,5.5004033249722255e-08
W21.3,24,24.0,1.2562400450978924e-05
W21.3,25,25.0,0.0001430924713076
W21.3,26,26.0,0.000625659748402
W21.3,27,27.0,0.0017311906531592
W21.3,28,28.0,0.0036844435749911
W21.3,29,29.0,0.0066317222435429
W21.3,30,30.0,0.0106412259218621
W21.3,31,31.0,0.0157170342457153
W21.3,32,32.0,0.0218161864709366
W21.3,33,33.0,0.0288642616930048
W21.3,34,34.0,0.0367679600279924
W21.3,35,35.0,0.045424572675677
W21.3,36,36.0,0.0547287563676351
W21.3,37,37.0,0.0645771610420055
W21.3,38,38.0,0.0748714301724044
W21.3,39,39.0,0.0855200087721222
W21.3,40,40.0,0.0964391015082039
W21.3,41,41.0,0.1075530406895647
W21.3,42,42.0,0.1187942563293924
W21.3,43,43.0,0.1301029878286017
W21.3,44,44.0,0.1414268369622194
W21.3,45,45.0,0.1527202322435983
W21.3,46,46.0,0.163943853058571
W21.3,47,47.0,0.1750640462597847
W21.3,48,48.0,0.1860522566549455
W21.3,49,49.0,0.1968844848345275
W21.3,50,50.0,0.2075407801795002
W21.3,51,51.0,0.2180047730104629
W21.3,52,52.0,0.2282632472022349
W21.3,53,53.0,0.2383057528383693
W21.3,54,54.0,0.2481242573604818
W21.3,55,55.0,0.2577128329907958
W21.3,56,56.0,0.2670673778380173
W21.3,57,57.0,0.2761853679395228
W21.3,58,58.0,0.2850656374774213
W21.3,59,59.0,0.293708184482997
W21.3,60,60.0,0.3021139994783934
W21.3,61,61.0,0.3102849146718239
W21.3,62,62.0,0.3182234715061937
W21.3,63,63.0,0.3259328045493575
W21.3,64,64.0,0.3334165398997804
W21.3,65,65.0,0.3406787064592373
W21.3,66,66.0,0.3477236585915311
W21.3,67,67.0,0.3545560088414565
W21.3,68,68.0,0.3611805695307552
W21.3,69,69.0,0.3676023021776092
W21.3,70,70.0,0.3738262738036575
W21.3,71,71.0,0.3798576192982815
W21.3,72,72.0,0.3857015091047311
W21.3,73,73.0,0.3913631215774327
W21.3,74,74.0,0.3968476194353843
W21.3,75,75.0,0.4021601298037748
W21.3,76,76.0,0.4073057273956536
W21.3,77,77.0,0.4122894204384122
W21.3,78,78.0,0.4171161389967314
W21.3,79,79.0,0.4217907253851155
W21.3,80,80.0,0.4263179263998284
W21.3,81,81.0,0.4307023871324423
W21.3,82,82.0,0.4349486461558254
W21.3,83,83.0,0.4390611318986607
W21.3,84,84.0,0.4430441600468701
W21.3,85,85.0,0.4469019318299801
W21.3,86,86.0,0.4506385330678016
W21.3,87,87.0,0.4542579338680843
W21.3,88,88.0,0.4577639888792788
W21.3,89,89.0,0.4611604380144163
W21.3,90,90.0,0.464450907572582
W21.3,91,91.0,0.4676389116936776
W21.3,92,92.0,0.4707278540902914
W21.3,93,93.0,0.4737210300076485
W21.3,94,94.0,0.4766216283689122
W21.3,95,95.0,0.4794327340686557
W21.3,96,96.0,0.4821573303822021
W21.3,97,97.0,0.4847983014628267
W21.3,98,98.0,0.4873584349025932
W21.3,99,99.0,0.4898404243359157
W21.3,100,100.0,0.4922468720678605
W21.3,101,101.0,0.4945802917117604
W21.3,102,102.0,0.49684311082297
W21.3,103,103.0,0.499037673517561
W21.3,104,104.0,0.5011662430664909
W21.3,105,105.0,0.5032310044572904
W21.3,106,106.0,0.5052340669166434
W21.3,107,107.0,0.5071774663883919
W21.3,108,108.0,0.5090631679625091
W21.3,109,109.0,0.5108930682514647
W21.3,110,110.0,0.5126689977111767
W21.3,111,111.0,0.5143927229044036
W21.3,112,112.0,0.5160659487050155
W21.3,113,113.0,0.5176903204420737
W21.3,114,114.0,0.5192674259830834
W21.3,115,115.0,0.5207987977561518
W21.3,116,116.0,0.522285914711097
W21.3,117,117.0,0.5237302042198255
W21.3,118,118.0,0.5251330439165213
W21.3,119,119.0,0.5264957634783833
W21.3,120,120.0,0.5278196463478048
W21.3,121,121.0,0.5291059313970246
W21.3,122,122.0,0.5303558145363845
W21.3,123,123.0,0.5315704502674179
W21.3,124,124.0,0.5327509531820586
W21.3,125,125.0,0.5338983994093167
W21.3,126,126.0,0.5350138280108048
W21.3,127,127.0,0.5360982423265215
W21.3,128,128.0,0.5371526112723234
W21.3,129,129.0,0.5381778705905144
W21.3,130,130.0,0.5391749240549917
W21.3,131,131.0,0.5401446446323696
W21.3,132,132.0,0.5410878756005024
W21.3,133,133.0,0.542005431625799
W21.3,134,134.0,0.542898099800711
W21.3,135,135.0,0.5437666406427454
W21.3,136,136.0,0.5446117890563288
W21.3,137,137.0,0.5454342552588237
W21.3,138,138.0,0.5462347256719613
W21.3,139,139.0,0.5470138637799283
W21.3,140,140.0,0.5477723109553125
W21.4,0,0.0,0.0
W21.4,1,1.0,0.0
W21.4,2,2.0,0.0
W21.4,3,3.0,0.0
W21.4,4,4.0,0.0
W21.4,5,5.0,0.0
W21.4,6,6.0,0.0
W21.4,7,7.0,0.0
W21.4,8,8.0,0.0
W21.4,9,9.0,0.0
W21.4,10,10.0,0.0
W21.4,11,11.0,0.0
W21.4,12,12.0,0.0
W21.4,13,13.0,0.0
W21.4,14,14.0,0.0
W21.4,15,15.0,0.0
W21.4,16,16.0,0.0
W21.4,17,17.0,0.0
W21.4,18,18.0,0.0
W21.4,19,19.0,0.0
W21.4,20,20.0,0.0
W21.4,21,21.0,2.3945177730620277e-09
W21.4,22,22.0,1.4646635757345136e-06
W21.4,23,23.0,3.2294707210402144e-05
W21.4,24,24.0,0.0002166048959826
W21.4,25,25.0,0.0008041204912498
W21.4,26,26.0,0.0021135373777543
W21.4,27,27.0,0.0044480606722807
W21.4,28,28.0,0.0080344571967596
W21.4,29,29.0,0.0129977324304987
W21.4,30,30.0,0.019363059354619
W21.4,31,31.0,0.0270726640431671
W21.4,32,32.0,0.0360080762682192
W21.4,33,33.0,0.04601195400086
W21.4,34,34.0,0.056906676038246
W21.4,35,35.0,0.0685087845705632
W21.4,36,36.0,0.080639383442145
W21.4,37,37.0,0.0931310613761336
W21.4,38,38.0,0.1058320508594817
W21.4,39,39.0,0.1186083098514698
W21.4,40,40.0,0.1313441184117441
W21.4,41,41.0,0.1439416667497526
W21.4,42,42.0,0.1563200003060596
W21.4,43,43.0,0.1684135918982241
W21.4,44,44.0,0.1801707335711366
W21.4,45,45.0,0.1915518807147636
W21.4,46,46.0,0.2025280358459587
W21.4,47,47.0,0.2130792263984267
W21.4,48,48.0,0.2231931072811274
W21.4,49,49.0,0.2328637025764301
W21.4,50,50.0,0.2420902897046766
W21.4,51,51.0,0.2508764222288137
W21.4,52,52.0,0.2592290831002063
W21.4,53,53.0,0.2671579577214408
W21.4,54,54.0,0.2746748151094951
W21.4,55,55.0,0.2817929852368527
W21.4,56,56.0,0.2885269209895545
W21.4,57,57.0,0.2948918338847159
W21.4,58,58.0,0.3009033935797657
W21.4,59,59.0,0.3065774821759202
W21.4,60,60.0,0.3119299952995091
W21.4,61,61.0,0.3169766828925666
W21.4,62,62.0,0.3217330235322787
W21.4,63,63.0,0.3262141269133787
W21.4,64,64.0,0.3304346598625949
W21.4,65,65.0,0.3344087919093934
W21.4,66,66.0,0.3381501570155246
W21.4,67,67.0,0.3416718285722673
W21.4,68,68.0,0.3449863052148437
W21.4,69,69.0,0.3481055053846916
W21.4,70,70.0,0.3510407688986114
W21.4,71,71.0,0.3538028640654206
W21.4,72,72.0,0.3564019991314506
W21.4,73,73.0,0.3588478370412613
W21.4,74,74.0,0.3611495126741171
W21.4,75,75.0,0.3633156518642701
W21.4,76,76.0,0.3653543916377015
W21.4,77,77.0,0.3672734012029406
W21.4,78,78.0,0.3690799033217803
W21.4,79,79.0,0.3707806957596095
W21.4,80,80.0,0.3723821725768367
W21.4,81,81.0,0.3738903450743122
W21.4,82,82.0,0.3753108622483674
W21.4,83,83.0,0.3766490306464123
W21.4,84,84.0,0.3779098335431403
W21.4,85,85.0,0.3790979493812538
W21.4,86,86.0,0.3802177694400893
W21.4,87,87.0,0.3812734147112948
W21.4,88,88.0,0.3822687519734034
W21.4,89,89.0,0.3832074090672605
W21.4,90,90.0,0.3840927893822313
W21.4,91,91.0,0.384928085569308
W21.4,92,92.0,0.3857162925019552
W21.4,93,93.0,0.3864602195090396
W21.4,94,94.0,0.3871625019067009
W21.4,95,95.0,0.3878256118577217
W21.4,96,96.0,0.3884518685879895
W21.4,97,97.0,0.3890434479901543
W21.4,98,98.0,0.3896023916446638
W21.4,99,99.0,0.3901306152881025
W21.4,100,100.0,0.3906299167582436
W21.4,101,101.0,0.3911019834444997
W21.4,102,102.0,0.3915483992715844
W21.4,103,103.0,0.3919706512432169
W21.4,104,104.0,0.3923701355716356
W21.4,105,105.0,0.3927481634175829
W21.4,106,106.0,0.3931059662642822
W21.4,107,107.0,0.3934447009477828
W21.4,108,108.0,0.3937654543649116
W21.4,109,109.0,0.3940692478789384
W21.4,110,110.0,0.3943570414419688
W21.4,111,111.0,0.394629737452006
W21.4,112,112.0,0.3948881843615883
W21.4,113,113.0,0.3951331800539231
W21.4,114,114.0,0.3953654750014776
W21.4,115,115.0,0.3955857752210843
W21.4,116,116.0,0.3957947450387545
W21.4,117,117.0,0.3959930096765667
W21.4,118,118.0,0.3961811576732265
W21.4,119,119.0,0.3963597431491541
W21.4,120,120.0,0.3965292879262621
W21.4,121,121.0,0.3966902835119351
W21.4,122,122.0,0.396843192956103
W21.4,123,123.0,0.3969884525897244
W21.4,124,124.0,0.3971264736524505
W21.4,125,125.0,0.397257643816733
W21.4,126,126.0,0.3973823286151576
W21.4,127,127.0,0.3975008727773412
W21.4,128,128.0,0.3976136014823084
W21.4,129,129.0,0.397720821531872
W21.4,130,130.0,0.3978228224501774
W21.4,131,131.0,0.397919877514224
W21.4,132,132.0,0.3980122447198598
W21.4,133,133.0,0.3981001676874465
W21.4,134,134.0,0.3981838765111091
W21.4,135,135.0,0.3982635885552299
W21.4,136,136.0,0.3983395092015962
W21.4,137,137.0,0.3984118325503906
W21.4,138,138.0,0.3984807420779956
W21.4,139,139.0,0.3985464112543921
W21.4,140,140.0,0.3986090041227405
W21.5,0,0.0,0.0
W21.5,1,1.0,0.0
W21.5,2,2.0,0.0
W21.5,3,3.0,0.0
W21.5,4,4.0,0.0
W21.5,5,5.0,0.0
W21.5,6,6.0,0.0
W21.5,7,7.0,0.0
W21.5,8,8.0,0.0
W21.5,9,9.0,0.0
W21.5,10,10.0,0.0
W21.5,11,11.0,0.0
W21.5,12,12.0,0.0
W21.5,13,13.0,0.0
W21.5,14,14.0,0.0
W21.5,15,15.0,0.0
W21.5,16,16.0,0.0
W21.5,17,17.0,0.0
W21.5,18,18.0,0.0
W21.5,19,19.0,0.0
W21.5,20,20.0,0.0
W21.5,21,21.0,6.736043222105195e-10
W21.5,22,22.0,1.241299212560511e-05
W21.5,23,23.0,0.0001358015839362
W21.5,24,24.0,0.000495838953669
W21.5,25,25.0,0.0011673525299833
W21.5,26,26.0,0.002179803143429
W21.5,27,27.0,0.0035340292231398
W21.5,28,28.0,0.0052145957911026
W21.5,29,29.0,0.0071975812610986
W21.5,30,30.0,0.0094552685692144
W21.5,31,31.0,0.0119589056557913
W21.5,32,32.0,0.0146802885117
W21.5,33,33.0,0.0175926303674647
W21.5,34,34.0,0.0206709993948457
W21.5,35,35.0,0.0238924972127153
W21.5,36,36.0,0.0272362838438376
W21.5,37,37.0,0.030683514187315
W21.5,38,38.0,0.0342172261476519
W21.5,39,39.0,0.0378222051207197
W21.5,40,40.0,0.0414848398998362
W21.5,41,41.0,0.0451929790182117
W21.5,42,42.0,0.0489357927402083
W21.5,43,43.0,0.0527036435238839
W21.5,44,44.0,0.0564879662847209
W21.5,45,45.0,0.0602811588703201
W21.5,46,46.0,0.0640764826018651
W21.5,47,47.0,0.0678679724182589
W21.5,48,48.0,0.0716503559879901
W21.5,49,49.0,0.0754189810769711
W21.5,50,50.0,0.079169750442137
W21.5,51,51.0,0.0828990635373479
W21.5,52,52.0,0.0866037643551321
W21.5,53,53.0,0.090281094775414
W21.5,54,54.0,0.0939286528444789
W21.5,55,55.0,0.0975443554602231
W21.5,56,56.0,0.1011264049909424
W21.5,57,57.0,0.1046732594031876
W21.5,58,58.0,0.1081836055189263
W21.5,59,59.0,0.1116563350630938
W21.5,60,60.0,0.1150905231996139
W21.5,61,61.0,0.1184854092872449
W21.5,62,62.0,0.1218403796163919
W21.5,63,63.0,0.1251549519145972
W21.5,64,64.0,0.1284287614320552
W21.5,65,65.0,0.1316615484394946
W21.5,66,66.0,0.1348531469893825
W21.5,67,67.0,0.1380034748079117
W21.5,68,68.0,0.1411125241998413
W21.5,69,69.0,0.1441803538612072
W21.5,70,70.0,0.1472070815063835
W21.5,71,71.0,0.1501928772261277
W21.5,72,72.0,0.1531379575022419
W21.5,73,73.0,0.1560425798124615
W21.5,74,74.0,0.1589070377662568
W21.5,75,75.0,0.1617316567185129
W21.5,76,76.0,0.1645167898136345
W21.5,77,77.0,0.1672628144175765
W21.5,78,78.0,0.1699701288997138
W21.5,79,79.0,0.1726391497303877
W21.5,80,80.0,0.1752703088634639
W21.5,81,81.0,0.1778640513763553
W21.5,82,82.0,0.1804208333427453
W21.5,83,83.0,0.1829411199157291
W21.5,84,84.0,0.185425383601317
W21.5,85,85.0,0.1878741027042242
W21.5,86,86.0,0.1902877599296541
W21.5,87,87.0,0.1926668411263727
W21.5,88,88.0,0.195011834157804
W21.5,89,89.0,0.1973232278891533
W21.5,90,90.0,0.1996015112797233
W21.5,91,91.0,0.2018471725706163
W21.5,92,92.0,0.2040606985589525
W21.5,93,93.0,0.2062425739505685
W21.5,94,94.0,0.2083932807839163
W21.5,95,95.0,0.2105132979185642
W21.5,96,96.0,0.2126031005823138
W21.5,97,97.0,0.2146631599715019
W21.5,98,98.0,0.2166939428995567
W21.5,99,99.0,0.2186959114893288
W21.5,100,100.0,0.2206695229051309
W21.5,101,101.0,0.222615229120783
W21.5,102,102.0,0.224533476720304
W21.5,103,103.0,0.2264247067281871
W21.5,104,104.0,0.2282893544664768
W21.5,105,105.0,0.2301278494361122
W21.5,106,106.0,0.2319406152202318
W21.5,107,107.0,0.2337280694073343
W21.5,108,108.0,0.2354906235323871
W21.5,109,109.0,0.2372286830341341
W21.5,110,110.0,0.2389426472270158
W21.5,111,111.0,0.2406329092862542
W21.5,112,112.0,0.2422998562447811
W21.5,113,113.0,0.2439438690008067
W21.5,114,114.0,0.2455653223349338
W21.5,115,115.0,0.2471645849358142
W21.5,116,116.0,0.2487420194334401
W21.5,117,117.0,0.2502979824392335
W21.5,118,118.0,0.2518328245921859
W21.5,119,119.0,0.253346890610346
W21.5,120,120.0,0.2548405193470378
W21.5,121,121.0,0.2563140438512296
W21.5,122,122.0,0.2577677914315335
W21.5,123,123.0,0.2592020837233625
W21.5,124,124.0,0.2606172367588106
W21.5,125,125.0,0.2620135610388632
W21.5,126,126.0,0.2633913616075827
W21.5,127,127.0,0.2647509381279401
W21.5,128,128.0,0.2660925849590019
W21.5,129,129.0,0.2674165912342021
W21.5,130,130.0,0.2687232409404579
W21.5,131,131.0,0.2700128129979083
W21.5,132,132.0,0.2712855813400782
W21.5,133,133.0,0.2725418149942864
W21.5,134,134.0,0.2737817781621375
W21.5,135,135.0,0.2750057302999495
W21.5,136,136.0,0.2762139261989871
W21.5,137,137.0,0.2774066160653821
W21.5,138,138.0,0.2785840455996342
W21.5,139,139.0,0.2797464560756001
W21.5,140,140.0,0.2808940844188837
W3.10,0,0.0,0.0
W3.10,1,1.0,2.5797474394177406e-158
W3.10,2,2.0,4.033902182379992e-109
W3.10,3,3.0,1.2351350602967246e-84
W3.10,4,4.0,3.5094693583835447e-69
W3.10,5,5.0,2.724608720815936e-58
W3.10,6,6.0,4.191495428359866e-50
W3.10,7,7.0,1.1118945661845505e-43
W3.10,8,8.0,1.74445474039332e-38
W3.10,9,9.0,3.471145771786361e-34
W3.10,10,10.0,1.4470051234760229e-30
W3.10,11,11.0,1.786157977953243e-27
W3.10,12,12.0,8.362509803979535e-25
W3.10,13,13.0,1.7823900618356205e-22
W3.10,14,14.0,1.9854781607037582e-20
W3.10,15,15.0,1.2859346821589317e-18
W3.10,16,16.0,5.265852482081644e-17
W3.10,17,17.0,1.4577827246001024e-15
W3.10,18,18.0,2.88029893191774e-14
W3.10,19,19.0,4.24620609457121e-13
W3.10,20,20.0,4.845851390189825e-12
W3.10,21,21.0,4.414849772595093e-11
W3.10,22,22.0,3.2954850595275896e-10
W3.10,23,23.0,2.060497847915233e-09
W3.10,24,24.0,1.0997359851912234e-08
W3.10,25,25.0,5.0927027536521265e-08
W3.10,26,26.0,2.075349787561053e-07
W3.10,27,27.0,7.534780614203396e-07
W3.10,28,28.0,2.463643858957412e-06
W3.10,29,29.0,7.323939677256458e-06
W3.10,30,30.0,1.9962988447989585e-05
W3.10,31,31.0,5.026507221517922e-05
W3.10,32,32.0,0.0001176959622584
W3.10,33,33.0,0.0002578113614748
W3.10,34,34.0,0.0005311470557337
W3.10,35,35.0,0.0010341817748606
W3.10,36,36.0,0.0019113684293426
W3.10,37,37.0,0.0033664866467479
W3.10,38,38.0,0.0056709840561998
W3.10,39,39.0,0.0091667581875389
W3.10,40,40.0,0.0142611352664791
W3.10,41,41.0,0.0214126563347949
W3.10,42,42.0,0.0311075716266948
W3.10,43,43.0,0.0438284360501796
W3.10,44,44.0,0.06001759411657
W3.10,45,45.0,0.0800393570186088
W3.10,46,46.0,0.1041451056368398
W3.10,47,47.0,0.1324453249609762
W3.10,48,48.0,0.1648917460538831
W3.10,49,49.0,0.2012715094937534
W3.10,50,50.0,0.2412138010180928
W3.10,51,51.0,0.2842079877706838
W3.10,52,52.0,0.3296311071484927
W3.10,53,53.0,0.376781766615171
W3.10,54,54.0,0.4249171585145233
W3.10,55,55.0,0.4732899603625479
W3.10,56,56.0,0.5211823024388207
W3.10,57,57.0,0.5679346311936555
W3.10,58,58.0,0.6129680596623934
W3.10,59,59.0,0.6557995651873068
W3.10,60,60.0,0.6960500837676713
W3.10,61,61.0,0.7334461020706272
W3.10,62,62.0,0.7678157349176152
W3.10,63,63.0,0.7990804958624672
W3.10,64,64.0,0.8272440383606964
W3.10,65,65.0,0.8523790939649472
W3.10,66,66.0,0.8746136961627424
W3.10,67,67.0,0.8941175879322665
W3.10,68,68.0,0.9110894979452812
W3.10,69,69.0,0.925745758647261
W3.10,70,70.0,0.938310546412404
W3.10,71,71.0,0.9490078602406704
W3.10,72,72.0,0.95805522599473
W3.10,73,73.0,0.9656590184883156
W3.10,74,74.0,0.9720112312310673
W3.10,75,75.0,0.9772874887935954
W3.10,76,76.0,0.981646084164384
W3.10,77,77.0,0.9852278275782638
W3.10,78,78.0,0.9881565089487732
W3.10,79,79.0,0.9905397987852308
W3.10,80,80.0,0.992470438721308
W3.10,81,81.0,0.9940275997948782
W3.10,82,82.0,0.9952783124712344
W3.10,83,83.0,0.9962788958556844
W3.10,84,84.0,0.9970763339166444
W3.10,85,85.0,0.99770956357967
W3.10,86,86.0,0.9982106533009556
W3.10,87,87.0,0.9986058614276818
W3.10,88,88.0,0.9989165716582534
W3.10,89,89.0,0.999160108634991
W3.10,90,90.0,0.9993504405483344
W3.10,91,91.0,0.9994987779945406
W3.10,92,92.0,0.9996140795566344
W3.10,93,93.0,0.9997034749698406
W3.10,94,94.0,0.9997726165352168
W3.10,95,95.0,0.9998259688568172
W3.10,96,96.0,0.9998670461520864
W3.10,97,97.0,0.9998986054375352
W3.10,98,98.0,0.9999228029053584
W3.10,99,99.0,0.999941319838987
W3.10,100,100.0,0.999955463503918
W3.11,0,0.0,0.0
W3.11,1,1.0,4.662055630042635e-163
W3.11,2,2.0,4.7043362217592575e-113
W3.11,3,3.0,4.284379367624211e-88
W3.11,4,4.0,2.6369653482031826e-72
W3.11,5,5.0,3.727322649137423e-61
W3.11,6,6.0,9.353150073782774e-53
W3.11,7,7.0,3.751484456556064e-46
W3.11,8,8.0,8.418426084004429e-41
W3.11,9,9.0,2.2964090874819784e-36
W3.11,10,10.0,1.2691456952126017e-32
W3.11,11,11.0,2.0214242571542958e-29
W3.11,12,12.0,1.194118515902145e-26
W3.11,13,13.0,3.1514968494955553e-24
W3.11,14,14.0,4.277790953050594e-22
W3.11,15,15.0,3.3297138560446744e-20
W3.11,16,16.0,1.6190264201902993e-18
W3.11,17,17.0,5.265852482081454e-17
W3.11,18,18.0,1.210928953266528e-15
W3.11,19,19.0,2.06033593379112e-14
W3.11,20,20.0,2.6932832146359025e-13
W3.11,21,21.0,2.791488807924921e-12
W3.11,22,22.0,2.3558627598938388e-11
W3.11,23,23.0,1.6559575490099422e-10
W3.11,24,24.0,9.88439947478216e-10
W3.11,25,25.0,5.0946070157752755e-09
W3.11,26,26.0,2.3005179265152746e-08
W3.11,27,27.0,9.216919107048839e-08
W3.11,28,28.0,3.312871290227766e-07
W3.11,29,29.0,1.0787521100816037e-06
W3.11,30,30.0,3.209873246502844e-06
W3.11,31,31.0,8.794988771963724e-06
W3.11,32,32.0,2.234268678589861e-05
W3.11,33,33.0,5.2947796440824674e-05
W3.11,34,34.0,0.0001176959622584
W3.11,35,35.0,0.0002466203692702
W3.11,36,36.0,0.0004893230839892
W3.11,37,37.0,0.0009230511861498
W3.11,38,38.0,0.0016615864025185
W3.11,39,39.0,0.0028638432325761
W3.11,40,40.0,0.004740686343871
W3.11,41,41.0,0.0075582926548945
W3.11,42,42.0,0.0116364892640753
W3.11,43,43.0,0.0173409297469835
W3.11,44,44.0,0.0250686890834356
W3.11,45,45.0,0.0352277527856629
W3.11,46,46.0,0.0482117936465683
W3.11,47,47.0,0.0643724039973313
W3.11,48,48.0,0.0839914427395014
W3.11,49,49.0,0.1072562801592761
W3.11,50,50.0,0.1342404646212769
W3.11,51,51.0,0.1648917460538816
W3.11,52,52.0,0.1990285754752439
W3.11,53,53.0,0.2363452885990615
W3.11,54,54.0,0.2764253067781678
W3.11,55,55.0,0.3187609609930519
W3.11,56,56.0,0.3627780392210051
W3.11,57,57.0,0.4078629076064124
W3.11,58,58.0,0.4533900552577201
W3.11,59,59.0,0.4987481238470622
W3.11,60,60.0,0.5433628492023034
W3.11,61,61.0,0.586715797420793
W3.11,62,62.0,0.6283582596367414
W3.11,63,63.0,0.6679201242209236
W3.11,64,64.0,0.705113933882342
W3.11,65,65.0,0.7397346344706334
W3.11,66,66.0,0.7716557234298945
W3.11,67,67.0,0.8008226120149112
W3.11,68,68.0,0.8272440383606947
W3.11,69,69.0,0.8509823252421497
W3.11,70,70.0,0.8721431858284814
W3.11,71,71.0,0.890865661417408
W3.11,72,72.0,0.9073126433343812
W3.11,73,73.0,0.9216623000395704
W3.11,74,74.0,0.9341006096050372
W3.11,75,75.0,0.9448150932855736
W3.11,76,76.0,0.9539897610820998
W3.11,77,77.0,0.9618012157409463
W3.11,78,78.0,0.9684158165216944
W3.11,79,79.0,0.9739877761085032
W3.11,80,80.0,0.9786580504023858
W3.11,81,81.0,0.982553878562496
W3.11,82,82.0,0.9857888365986364
W3.11,83,83.0,0.9884632793809112
W3.11,84,84.0,0.9906650608559888
W3.11,85,85.0,0.9924704387213076
W3.11,86,86.0,0.9939450864292294
W3.11,87,87.0,0.9951451511957172
W3.11,88,88.0,0.9961183110407704
W3.11,89,89.0,0.996904796438434
W3.11,90,90.0,0.9975383527658576
W3.11,91,91.0,0.9980471284325912
W3.11,92,92.0,0.9984544804672036
W3.11,93,93.0,0.9987796946261356
W3.11,94,94.0,0.999038620988728
W3.11,95,95.0,0.99924422873979
W3.11,96,96.0,0.999407085635831
W3.11,97,97.0,0.9995357687034908
W3.11,98,98.0,0.999637213204926
W3.11,99,99.0,0.999717006974648
W3.11,100,100.0,0.999779637009086
W3.12,0,0.0,0.0
W3.12,1,1.0,1.3547911167283004e-167
W3.12,2,2.0,7.930603562636734e-117
W3.12,3,3.0,2.0186722806981148e-91
W3.12,4,4.0,2.575222336255078e-75
W3.12,5,5.0,6.40464779759312e-64
W3.12,6,6.0,2.549416699811722e-55
W3.12,7,7.0,1.5101173941506624e-48
W3.12,8,8.0,4.7492516705752134e-43
W3.12,9,9.0,1.7444547403932692e-38
W3.12,10,10.0,1.2578587371997823e-34
W3.12,11,11.0,2.5479727646434944e-31
W3.12,12,12.0,1.874294195613748e-28
W3.12,13,13.0,6.051471166457874e-26
W3.12,14,14.0,9.898201852937212e-24
W3.12,15,15.0,9.163832205823289e-22
W3.12,16,16.0,5.239926239159541e-20
W3.12,17,17.0,1.98427837997602e-18
W3.12,18,18.0,5.265852482081454e-17
W3.12,19,19.0,1.0258154136138623e-15
W3.12,20,20.0,1.524429254752455e-14
W3.12,21,21.0,1.78469769269123e-13
W3.12,22,22.0,1.6914006315481348e-12
W3.12,23,23.0,1.3279997957498834e-11
W3.12,24,24.0,8.81105254201448e-11
W3.12,25,25.0,5.025290234353201e-10
W3.12,26,26.0,2.500581279653304e-09
W3.12,27,27.0,1.0997359851911873e-08
W3.12,28,28.0,4.3234723795105345e-08
W3.12,29,29.0,1.534675112390688e-07
W3.12,30,30.0,4.962294799120109e-07
W3.12,31,31.0,1.4731449076610864e-06
W3.12,32,32.0,4.043436631783859e-06
W3.12,33,33.0,1.0325812929994303e-05
W3.12,34,34.0,2.4672603026732017e-05
W3.12,35,35.0,5.544077486547157e-05
W3.12,36,36.0,0.0001176959622584
W3.12,37,37.0,0.0002370389054217
W3.12,38,38.0,0.0004546182118977
W3.12,39,39.0,0.0008331839829276
W3.12,40,40.0,0.001463761943163
W3.12,41,41.0,0.0024722309985668
W3.12,42,42.0,0.0040248316814826
W3.12,43,43.0,0.0063314874859438
W3.12,44,44.0,0.0096458424847208
W3.12,45,45.0,0.0142611352664788
W3.12,46,46.0,0.0205014308614652
W3.12,47,47.0,0.0287082691454249
W3.12,48,48.0,0.0392233798824451
W3.12,49,49.0,0.0523686664808415
W3.12,50,50.0,0.0684250830672749
W3.12,51,51.0,0.0876122554069399
W3.12,52,52.0,0.1100706923989626
W3.12,53,53.0,0.1358482063267148
W3.12,54,54.0,0.1648917460538816
W3.12,55,55.0,0.1970453118805686
W3.12,56,56.0,0.2320540395066465
W3.12,57,57.0,0.2695739877936079
W3.12,58,58.0,0.3091867027448166
W3.12,59,59.0,0.3504173008011648
W3.12,60,60.0,0.3927546382210931
W3.12,61,61.0,0.4356721086054937
W3.12,62,62.0,0.4786477186724456
W3.12,63,63.0,0.5211823024388207
W3.12,64,64.0,0.5628150094775043
W3.12,65,65.0,0.6031355070735105
W3.12,66,66.0,0.6417926361530079
W3.12,67,67.0,0.678499530961137
W3.12,68,68.0,0.7130354349958781
W3.12,69,69.0,0.7452446112948637
W3.12,70,70.0,0.7750328517632046
W3.12,71,71.0,0.8023621415575724
W3.12,72,72.0,0.8272440383606947
W3.12,73,73.0,0.8497322927298466
W3.12,74,74.0,0.869915175388059
W3.12,75,75.0,0.8879079007323653
W3.12,76,76.0,0.9038454521022392
W3.12,77,77.0,0.9178760309102708
W3.12,78,78.0,0.9301552741175726
W3.12,79,79.0,0.9408413164228856
W3.12,80,80.0,0.9500907169649692
W3.12,81,81.0,0.95805522599473
W3.12,82,82.0,0.9648793345053268
W3.12,83,83.0,0.9706985281472128
W3.12,84,84.0,0.9756381543984398
W3.12,85,85.0,0.9798128072060494
W3.12,86,86.0,0.9833261344391232
W3.12,87,87.0,0.9862709788821996
W3.12,88,88.0,0.9887297717209548
W3.12,89,89.0,0.990775107331322
W3.12,90,90.0,0.9924704387213076
W3.12,91,91.0,0.993870843466745
W3.12,92,92.0,0.9950238199130615
W3.12,93,93.0,0.9959700824490942
W3.12,94,94.0,0.9967443326066104
W3.12,95,95.0,0.9973759895247116
W3.12,96,96.0,0.9978898689496476
W3.12,97,97.0,0.998306804483576
W3.12,98,98.0,0.998644208352746
W3.12,99,99.0,0.9989165716582534
W3.12,100,100.0,0.9991359060295
W3.13,0,0.0,0.0
W3.13,1,1.0,6.061156338418821e-172
W3.13,2,2.0,1.871733334192876e-120
W3.13,3,3.0,1.2596909430343722e-94
W3.13,4,4.0,3.2022640898622323e-78
W3.13,5,5.0,1.3592066730234034e-66
W3.13,6,6.0,8.371637228063977e-58
W3.13,7,7.0,7.17101520139482e-51
W3.13,8,8.0,3.1037648413998226e-45
W3.13,9,9.0,1.5107328329905603e-40
W3.13,10,10.0,1.4010743426393027e-36
W3.13,11,11.0,3.5631535413328655e-33
W3.13,12,12.0,3.2256857953428565e-30
W3.13,13,13.0,1.2604033947128292e-27
W3.13,14,14.0,2.459607263387216e-25
W3.13,15,15.0,2.683474055190734e-23
W3.13,16,16.0,1.788932277449936e-21
W3.13,17,17.0,7.823834596034805e-20
W3.13,18,18.0,2.3779320648039678e-18
W3.13,19,19.0,5.265852482081644e-17
W3.13,20,20.0,8.836084583774576e-16
W3.13,21,21.0,1.1610091833789038e-14
W3.13,22,22.0,1.22812490165624e-13
W3.13,23,23.0,1.0708648050975204e-12
W3.13,24,24.0,7.854208882759639e-12
W3.13,25,25.0,4.9309495454838e-11
W3.13,26,26.0,2.6903086200423506e-10
W3.13,27,27.0,1.2925943708319501e-09
W3.13,28,28.0,5.532868104685347e-09
W3.13,29,29.0,2.131607103646449e-08
W3.13,30,30.0,7.458704899429552e-08
W3.13,31,31.0,2.389529099421912e-07
W3.13,32,32.0,7.059438561500652e-07
W3.13,33,33.0,1.935650644538687e-06
W3.13,34,34.0,4.954377694395111e-06
W3.13,35,35.0,1.1899130940395226e-05
W3.13,36,36.0,2.694306415570777e-05
W3.13,37,37.0,5.776104314816544e-05
W3.13,38,38.0,0.0001176959622584
W3.13,39,39.0,0.0002287492099828
W3.13,40,40.0,0.0004254315329545
W3.13,41,41.0,0.0007593715877243
W3.13,42,42.0,0.0013044001078362
W3.13,43,43.0,0.0021616334751915
W3.13,44,44.0,0.0034639082030002
W3.13,45,45.0,0.0053788080229803
W3.13,46,46.0,0.0081095132504434
W3.13,47,47.0,0.0118928088739056
W3.13,48,48.0,0.0169938137052846
W3.13,49,49.0,0.0236973157392454
W3.13,50,50.0,0.0322959770877538
W3.13,51,51.0,0.0430760520721766
W3.13,52,52.0,0.0563015888276379
W3.13,53,53.0,0.0721983105999578
W3.13,54,54.0,0.0909384662079003
W3.13,55,55.0,0.1126278887486716
W3.13,56,56.0,0.1372963173333681
W3.13,57,57.0,0.1648917460538816
W3.13,58,58.0,0.1952792071769591
W3.13,59,59.0,0.22824401650829
W3.13,60,60.0,0.2634991510190893
W3.13,61,61.0,0.3006961279293317
W3.13,62,62.0,0.3394385352961417
W3.13,63,63.0,0.3792972391039041
W3.13,64,64.0,0.4198262612281001
W3.13,65,65.0,0.4605783767284195
W3.13,66,66.0,0.501119600821198
W3.13,67,67.0,0.5410419047127132
W3.13,68,68.0,0.5799736934209323
W3.13,69,69.0,0.6175877775058007
W3.13,70,70.0,0.6536067573327302
W3.13,71,71.0,0.6878059005220478
W3.13,72,72.0,0.7200137226528418
W3.13,73,73.0,0.7501105745517938
W3.13,74,74.0,0.7780255968079005
W3.13,75,75.0,0.8037324265851421
W3.13,76,76.0,0.8272440383606947
W3.13,77,77.0,0.8486070749405257
W3.13,78,78.0,0.8678959843193359
W3.13,79,79.0,0.8852072276679882
W3.13,80,80.0,0.9006537692365975
W3.13,81,81.0,0.914360004584912
W3.13,82,82.0,0.926457232571866
W3.13,83,83.0,0.9370797312029768
W3.13,84,84.0,0.9463614590684888
W3.13,85,85.0,0.9544333732467633
W3.13,86,86.0,0.9614213311237724
W3.13,87,87.0,0.9674445270741132
W3.13,88,88.0,0.9726144045563432
W3.13,89,89.0,0.977033978933482
W3.13,90,90.0,0.9807975052258368
W3.13,91,91.0,0.9839904270539186
W3.13,92,92.0,0.9866895473333254
W3.13,93,93.0,0.9889633670559352
W3.13,94,94.0,0.9908725450786112
W3.13,95,95.0,0.9924704387213076
W3.13,96,96.0,0.9938036917564534
W3.13,97,97.0,0.9949128427693598
W3.13,98,98.0,0.9958329327003848
W3.13,99,99.0,0.9965940955380792
W3.13,100,100.0,0.9972221205751932
W3.14,0,0.0,0.0
W3.14,1,1.0,4.020598049962028e-176
W3.14,2,2.0,6.0146033140280675e-124
W3.14,3,3.0,1.0182385920413236e-97
W3.14,4,4.0,4.979086014757852e-81
W3.14,5,5.0,3.5094693583835447e-69
W3.14,6,6.0,3.2707398558087164e-60
W3.14,7,7.0,3.97580597024866e-53
W3.14,8,8.0,2.3299156513063995e-47
W3.14,9,9.0,1.4813607167723717e-42
W3.14,10,10.0,1.74445474039332e-38
W3.14,11,11.0,5.505635467865954e-35
W3.14,12,12.0,6.069458041898497e-32
W3.14,13,13.0,2.842415850505964e-29
W3.14,14,14.0,6.558598201734274e-27
W3.14,15,15.0,8.362509803979535e-25
W3.14,16,16.0,6.449209590636019e-23
W3.14,17,17.0,3.233840242291417e-21
W3.14,18,18.0,1.117993862883004e-19
W3.14,19,19.0,2.7962396948530407e-18
W3.14,20,20.0,5.265852482081644e-17
W3.14,21,21.0,7.720611504594781e-16
W3.14,22,22.0,9.065654684421771e-15
W3.14,23,23.0,8.733004858040944e-14
W3.14,24,24.0,7.045448479543822e-13
W3.14,25,25.0,4.845851390189825e-12
W3.14,26,26.0,2.885789039878172e-11
W3.14,27,27.0,1.5081875255862214e-10
W3.14,28,28.0,6.999815449899503e-10
W3.14,29,29.0,2.9153641241467543e-09
W3.14,30,30.0,1.0997359851912234e-08
W3.14,31,31.0,3.78827906668298e-08
W3.14,32,32.0,1.2004318189540245e-07
W3.14,33,33.0,3.5222996598141325e-07
W3.14,34,34.0,9.626538106429197e-07
W3.14,35,35.0,2.463643858957412e-06
W3.14,36,36.0,5.932488961147916e-06
W3.14,37,37.0,1.3500174433068134e-05
W3.14,38,38.0,2.914776418677015e-05
W3.14,39,39.0,5.992416587385216e-05
W3.14,40,40.0,0.0001176959622584
W3.14,41,41.0,0.0002215109152123
W3.14,42,42.0,0.0004005954482229
W3.14,43,43.0,0.0006979123649503
W3.14,44,44.0,0.0011740855083801
W3.14,45,45.0,0.0019113684293426
W3.14,46,46.0,0.0030172162741982
W3.14,47,47.0,0.0046269385635044
W3.14,48,48.0,0.0069048875425097
W3.14,49,49.0,0.0100436871805537
W3.14,50,50.0,0.0142611352664791
W3.14,51,51.0,0.0197946060389975
W3.14,52,52.0,0.0268930220477237
W3.14,53,53.0,0.0358067214475826
W3.14,54,54.0,0.0467757870174164
W3.14,55,55.0,0.06001759411657
W3.14,56,56.0,0.0757144517538089
W3.14,57,57.0,0.0940022396596949
W3.14,58,58.0,0.114960882546034
W3.14,59,59.0,0.1386073600503961
W3.14,60,60.0,0.1648917460538831
W3.14,61,61.0,0.1936965290085343
W3.14,62,62.0,0.2248392126845317
W3.14,63,63.0,0.2580779599514078
W3.14,64,64.0,0.2931198420470805
W3.14,65,65.0,0.3296311071484927
W3.14,66,66.0,0.3672487926925137
W3.14,67,67.0,0.4055929766374699
W3.14,68,68.0,0.4442789886179961
W3.14,69,69.0,0.4829289732408641
W3.14,70,70.0,0.5211823024388207
W3.14,71,71.0,0.5587044587071484
W3.14,72,72.0,0.5951941435376941
W3.14,73,73.0,0.6303884943698072
W3.14,74,74.0,0.6640664101279065
W3.14,75,75.0,0.6960500837676713
W3.14,76,76.0,0.7262049166869782
W3.14,77,77.0,0.7544380432255133
W3.14,78,78.0,0.7806957245863059
W3.14,79,79.0,0.8049598826322184
W3.14,80,80.0,0.8272440383606964
W3.14,81,81.0,0.8475889011446944
W3.14,82,82.0,0.866057826837449
W3.14,83,83.0,0.8827323291475594
W3.14,84,84.0,0.8977077924442961
W3.14,85,85.0,0.9110894979452812
W3.14,86,86.0,0.9229890410639114
W3.14,87,87.0,0.933521186956144
W3.14,88,88.0,0.942801184871211
W3.14,89,89.0,0.9509425401831972
W3.14,90,90.0,0.95805522599473
W3.14,91,91.0,0.9642443037164622
W3.14,92,92.0,0.9696089136017352
W3.14,93,93.0,0.9742415913048884
W3.14,94,94.0,0.9782278645324088
W3.14,95,95.0,0.981646084164384
W3.14,96,96.0,0.9845674462684496
W3.14,97,97.0,0.9870561646956976
W3.14,98,98.0,0.9891697579943972
W3.14,99,99.0,0.9909594188354524
W3.14,100,100.0,0.992470438721308
W3.5,0,0.0,0.0
W3.5,1,1.0,1.4257278056735409e-130
W3.5,2,2.0,2.2101890301485082e-86
W3.5,3,3.0,8.045901897447554e-65
W3.5,4,4.0,1.9293071639722668e-51
W3.5,5,5.0,3.699881621356157e-42
W3.5,6,6.0,2.7736860962796697e-35
W3.5,7,7.0,5.7312642214333316e-30
W3.5,8,8.0,9.874124460609116e-26
W3.5,9,9.0,2.8050839565495883e-22
W3.5,10,10.0,2.0537701804636142e-19
W3.5,11,11.0,5.265852482081454e-17
W3.5,12,12.0,5.882741684159213e-15
W3.5,13,13.0,3.3618822615727444e-13
W3.5,14,14.0,1.1091250989759288e-11
W3.5,15,15.0,2.3183347933877403e-10
W3.5,16,16.0,3.3024121118325207e-09
W3.5,17,17.0,3.3974525990164074e-08
W3.5,18,18.0,2.645399509835166e-07
W3.5,19,19.0,1.6198462747819796e-06
W3.5,20,20.0,8.050811861554232e-06
W3.5,21,21.0,3.334663967717476e-05
W3.5,22,22.0,0.0001176959622584
W3.5,23,23.0,0.0003607111614763
W3.5,24,24.0,0.0009755552843104
W3.5,25,25.0,0.0023608726228763
W3.5,26,26.0,0.0051743198526526
W3.5,27,27.0,0.0103790721707875
W3.5,28,28.0,0.0192306796769152
W3.5,29,29.0,0.0331816672308342
W3.5,30,30.0,0.053704247845203
W3.5,31,31.0,0.0820592884105865
W3.5,32,32.0,0.1190608792520885
W3.5,33,33.0,0.1648917460538816
W3.5,34,34.0,0.2190131801384869
W3.5,35,35.0,0.2801890245817766
W3.5,36,36.0,0.3466154779566386
W3.5,37,37.0,0.4161259195188316
W3.5,38,38.0,0.4864281771706067
W3.5,39,39.0,0.5553317530873324
W3.5,40,40.0,0.6209319031328249
W3.5,41,41.0,0.6817316680838914
W3.5,42,42.0,0.7366974904015676
W3.5,43,43.0,0.7852556679876688
W3.5,44,44.0,0.8272440383606947
W3.5,45,45.0,0.8628359072303049
W3.5,46,46.0,0.8924522785115755
W3.5,47,47.0,0.9166752630942508
W3.5,48,48.0,0.9361714518032128
W3.5,49,49.0,0.9516300375413874
W3.5,50,50.0,0.96371717316377
W3.5,51,51.0,0.9730457086536196
W3.5,52,52.0,0.9801580563824952
W3.5,53,53.0,0.9855193271185358
W3.5,54,54.0,0.9895178419232036
W3.5,55,55.0,0.9924704387213076
W3.5,56,56.0,0.9946304772588084
W3.5,57,57.0,0.9961969727354212
W3.5,58,58.0,0.9973237755613156
W3.5,59,59.0,0.998128120945216
W3.5,60,60.0,0.9986981840936012
W3.5,61,61.0,0.9990994990103718
W3.5,62,62.0,0.999380244727413
W3.5,63,63.0,0.99957548902436
W3.5,64,64.0,0.9997105226806552
W3.5,65,65.0,0.9998034311297448
W3.5,66,66.0,0.9998670461520864
W3.5,67,67.0,0.9999104060855412
W3.5,68,68.0,0.9999398345181112
W3.5,69,69.0,0.99995972809883
W3.5,70,70.0,0.9999731260029494
W3.5,71,71.0,0.9999821177308532
W3.5,72,72.0,0.9999881326544874
W3.5,73,73.0,0.9999921440031404
W3.5,74,74.0,0.9999948115462268
W3.5,75,75.0,0.9999965807412496
W3.5,76,76.0,0.9999977512134632
W3.5,77,77.0,0.9999985237895072
W3.5,78,78.0,0.9999990326346808
W3.5,79,79.0,0.9999993671069812
W3.5,80,80.0,0.9999995865526248
W3.5,81,81.0,0.999999730281816
W3.5,82,82.0,0.9999998242692912
W3.5,83,83.0,0.9999998856391032
W3.5,84,84.0,0.9999999256565588
W3.5,85,85.0,0.9999999517181823
W3.5,86,86.0,0.9999999686715424
W3.5,87,87.0,0.9999999796883328
W3.5,88,88.0,0.9999999868405366
W3.5,89,89.0,0.9999999914797956
W3.5,90,90.0,0.9999999944866872
W3.5,91,91.0,0.9999999964342076
W3.5,92,92.0,0.9999999976947987
W3.5,93,93.0,0.9999999985103024
W3.5,94,94.0,0.9999999990376128
W3.5,95,95.0,0.999999999378432
W3.5,96,96.0,0.9999999995986366
W3.5,97,97.0,0.9999999997408688
W3.5,98,98.0,0.9999999998327156
W3.5,99,99.0,0.9999999998920144
W3.5,100,100.0,0.999999999930294
W3.6,0,0.0,0.0
W3.6,1,1.0,8.971884145613219e-137
W3.6,2,2.0,2.0186722806981148e-91
W3.6,3,3.0,3.5094693583835447e-69
W3.6,4,4.0,2.549416699811722e-55
W3.6,5,5.0,1.154189489138032e-45
W3.6,6,6.0,1.74445474039332e-38
W3.6,7,7.0,6.517011462180394e-33
W3.6,8,8.0,1.874294195613748e-28
W3.6,9,9.0,8.362509803979355e-25
W3.6,10,10.0,9.163832205823289e-22
W3.6,11,11.0,3.382075689763138e-19
W3.6,12,12.0,5.265852482081644e-17
W3.6,13,13.0,4.081812204182691e-15
W3.6,14,14.0,1.78469769269123e-13
W3.6,15,15.0,4.845851390189825e-12
W3.6,16,16.0,8.81105254201448e-11
W3.6,17,17.0,1.1393019074865007e-09
W3.6,18,18.0,1.0997359851911873e-08
W3.6,19,19.0,8.245531226322803e-08
W3.6,20,20.0,4.962294799120109e-07
W3.6,21,21.0,2.463643858957412e-06
W3.6,22,22.0,1.0325812929994303e-05
W3.6,23,23.0,3.725867290798571e-05
W3.6,24,24.0,0.0001176959622584
W3.6,25,25.0,0.0003302100385992
W3.6,26,26.0,0.0008331839829276
W3.6,27,27.0,0.0019113684293426
W3.6,28,28.0,0.0040248316814826
W3.6,29,29.0,0.007845223567865
W3.6,30,30.0,0.0142611352664791
W3.6,31,31.0,0.0243374536710692
W3.6,32,32.0,0.0392233798824451
W3.6,33,33.0,0.06001759411657
W3.6,34,34.0,0.0876122554069399
W3.6,35,35.0,0.1225454614885925
W3.6,36,36.0,0.1648917460538816
W3.6,37,37.0,0.2142123391981772
W3.6,38,38.0,0.2695739877936098
W3.6,39,39.0,0.3296311071484927
W3.6,40,40.0,0.3927546382210931
W3.6,41,41.0,0.4571845755780575
W3.6,42,42.0,0.5211823024388207
W3.6,43,43.0,0.5831626956841826
W3.6,44,44.0,0.6417926361530079
W3.6,45,45.0,0.6960500837676692
W3.6,46,46.0,0.7452446112948637
W3.6,47,47.0,0.7890052210080738
W3.6,48,48.0,0.8272440383606964
W3.6,49,49.0,0.860105249445403
W3.6,50,50.0,0.8879079007323653
W3.6,51,51.0,0.9110894979452812
W3.6,52,52.0,0.9301552741175734
W3.6,53,53.0,0.9456359674513336
W3.6,54,54.0,0.95805522599473
W3.6,55,55.0,0.9679064643510664
W3.6,56,56.0,0.9756381543984398
W3.6,57,57.0,0.981646084164384
W3.6,58,58.0,0.9862709788822
W3.6,59,59.0,0.9897999503558788
W3.6,60,60.0,0.992470438721308
W3.6,61,61.0,0.9944755657801784
W3.6,62,62.0,0.9959700824490942
W3.6,63,63.0,0.9970763339166444
W3.6,64,64.0,0.9978898689496476
W3.6,65,65.0,0.9984844791734848
W3.6,66,66.0,0.9989165716582534
W3.6,67,67.0,0.9992288591602434
W3.6,68,68.0,0.9994534038656332
W3.6,69,69.0,0.9996140795566344
W3.6,70,70.0,0.999728530158005
W3.6,71,71.0,0.9998097049187968
W3.6,72,72.0,0.9998670461520864
W3.6,73,73.0,0.99990739750723
W3.6,74,74.0,0.9999356912679406
W3.6,75,75.0,0.999955463503918
W3.6,76,76.0,0.9999692368548424
W3.6,77,77.0,0.9999788027076404
W3.6,78,78.0,0.999985427697546
W3.6,79,79.0,0.9999900038166034
W3.6,80,80.0,0.9999931568550782
W3.6,81,81.0,0.9999953242935872
W3.6,82,82.0,0.9999968109553702
W3.6,83,83.0,0.9999978285729038
W3.6,84,84.0,0.9999985237895072
W3.6,85,85.0,0.9999989978919086
W3.6,86,86.0,0.9999993206605192
W3.6,87,87.0,0.9999995400549956
W3.6,88,88.0,0.9999996889640542
W3.6,89,89.0,0.9999997898942484
W3.6,90,90.0,0.9999998582172728
W3.6,91,91.0,0.9999999044126432
W3.6,92,92.0,0.9999999356125104
W3.6,93,93.0,0.99999995666317
W3.6,94,94.0,0.9999999708528092
W3.6,95,95.0,0.9999999804093814
W3.6,96,96.0,0.9999999868405366
W3.6,97,97.0,0.9999999911652898
W3.6,98,98.0,0.9999999940716358
W3.6,99,99.0,0.9999999960236085
W3.6,100,100.0,0.9999999973338942
W3.7,0,0.0,0.0
W3.7,1,1.0,1.3168464333159928e-142
W3.7,2,2.0,3.471873015461022e-96
W3.7,3,3.0,2.5438308476228842e-73
W3.7,4,4.0,5.124041974777777e-59
W3.7,5,5.0,5.1136750497306115e-49
W3.7,6,6.0,1.4735354750960082e-41
W3.7,7,7.0,9.494594820385955e-36
W3.7,8,8.0,4.3764832174255355e-31
W3.7,9,9.0,2.958890762628708e-27
W3.7,10,10.0,4.70053474236341e-24
W3.7,11,11.0,2.4263871245339617e-21
W3.7,12,12.0,5.129539572615649e-19
W3.7,13,13.0,5.265852482081644e-17
W3.7,14,14.0,2.9850286752289875e-15
W3.7,15,15.0,1.0316733455237472e-13
W3.7,16,16.0,2.349742968728676e-12
W3.7,17,17.0,3.7524053756573087e-11
W3.7,18,18.0,4.4175088861824445e-10
W3.7,19,19.0,3.994240398514496e-09
W3.7,20,20.0,2.869537240688227e-08
W3.7,21,21.0,1.6850549045001525e-07
W3.7,22,22.0,8.28336183538562e-07
W3.7,23,23.0,3.4785038559272672e-06
W3.7,24,24.0,1.2697016001948402e-05
W3.7,25,25.0,4.089013389926175e-05
W3.7,26,26.0,0.0001176959622584
W3.7,27,27.0,0.0003062153927101
W3.7,28,28.0,0.0007272852323601
W3.7,29,29.0,0.0015906421423251
W3.7,30,30.0,0.0032282917073617
W3.7,31,31.0,0.0061217674595432
W3.7,32,32.0,0.0109128281817531
W3.7,33,33.0,0.0183879166074662
W3.7,34,34.0,0.0294308959244989
W3.7,35,35.0,0.0449454052976486
W3.7,36,36.0,0.065755752284587
W3.7,37,37.0,0.0925013106652055
W3.7,38,38.0,0.1255420907263765
W3.7,39,39.0,0.1648917460538831
W3.7,40,40.0,0.2101892731731336
W3.7,41,41.0,0.2607135044129274
W3.7,42,42.0,0.3154370463099809
W3.7,43,43.0,0.3731102457416855
W3.7,44,44.0,0.4323621444755239
W3.7,45,45.0,0.4918045293476536
W3.7,46,46.0,0.5501267556829502
W3.7,47,47.0,0.6061722453737861
W3.7,48,48.0,0.6589915203982066
W3.7,49,49.0,0.7078704973182407
W3.7,50,50.0,0.7523359417292603
W3.7,51,51.0,0.792142150470833
W3.7,52,52.0,0.8272440383606964
W3.7,53,53.0,0.8577619883878356
W3.7,54,54.0,0.8839433180054684
W3.7,55,55.0,0.906124288219444
W3.7,56,56.0,0.9246954816573384
W3.7,57,57.0,0.9400722912485788
W3.7,58,58.0,0.9526713180886042
W3.7,59,59.0,0.9628927401913934
W3.7,60,60.0,0.9711081993287564
W3.7,61,61.0,0.9776534439032506
W3.7,62,62.0,0.9828248258797552
W3.7,63,63.0,0.9868787361398872
W3.7,64,64.0,0.990033133184136
W3.7,65,65.0,0.992470438721308
W3.7,66,66.0,0.9943412122089698
W3.7,67,67.0,0.9957681549706542
W3.7,68,68.0,0.9968501206143062
W3.7,69,69.0,0.9976659155248756
W3.7,70,70.0,0.9982777589440762
W3.7,71,71.0,0.9987343371985796
W3.7,72,72.0,0.9990734332904468
W3.7,73,73.0,0.9993241444003228
W3.7,74,74.0,0.9995087191230074
W3.7,75,75.0,0.9996440564922828
W3.7,76,76.0,0.9997429126790298
W3.7,77,77.0,0.9998148607952042
W3.7,78,78.0,0.9998670461520864
W3.7,79,79.0,0.9999047748147992
W3.7,80,80.0,0.9999319682125408
W3.7,81,81.0,0.9999515114628288
W3.7,82,82.0,0.9999655182878951
W3.7,83,83.0,0.9999755311247702
W3.7,84,84.0,0.9999826713322404
W3.7,85,85.0,0.9999877512827524
W3.7,86,86.0,0.999991357558628
W3.7,87,87.0,0.9999939123908744
W3.7,88,88.0,0.9999957188179268
W3.7,89,89.0,0.9999969937330744
W3.7,90,90.0,0.9999978919699712
W3.7,91,91.0,0.9999985237895072
W3.7,92,92.0,0.9999989675304668
W3.7,93,93.0,0.9999992787308504
W3.7,94,94.0,0.99999949668386
W3.7,95,95.0,0.9999996491361768
W3.7,96,96.0,0.999999755645648
W3.7,97,97.0,0.9999998299746902
W3.7,98,98.0,0.9999998817922008
W3.7,99,99.0,0.999999917881
W3.7,100,100.0,0.9999999429926388
W3.8,0,0.0,0.0
W3.8,1,1.0,4.0608468874579425e-148
W3.8,2,2.0,1.0455032517726548e-100
W3.8,3,3.0,2.9023951898119622e-77
W3.8,4,4.0,1.5033058089057022e-62
W3.8,5,5.0,3.1195018043220727e-52
W3.8,6,6.0,1.6340694666595118e-44
W3.8,7,7.0,1.74445474039322e-38
W3.8,8,8.0,1.2447581954438275e-33
W3.8,9,9.0,1.2368726430842857e-29
W3.8,10,10.0,2.771968223830179e-26
W3.8,11,11.0,1.952722184664799e-23
W3.8,12,12.0,5.48139867467975e-21
W3.8,13,13.0,7.301363980814633e-19
W3.8,14,14.0,5.265852482081454e-17
W3.8,15,15.0,2.2765448001592545e-15
W3.8,16,16.0,6.390518314689547e-14
W3.8,17,17.0,1.24148597544575e-12
W3.8,18,18.0,1.7574951678407548e-11
W3.8,19,19.0,1.8911813507457142e-10
W3.8,20,20.0,1.6019058633150004e-09
W3.8,21,21.0,1.0997359851911873e-08
W3.8,22,22.0,6.271593072517999e-08
W3.8,23,23.0,3.03380392170562e-07
W3.8,24,24.0,1.267327946191921e-06
W3.8,25,25.0,4.642764115203315e-06
W3.8,26,26.0,1.5116514957297128e-05
W3.8,27,27.0,4.425579534532471e-05
W3.8,28,28.0,0.0001176959622584
W3.8,29,29.0,0.0002868968239635
W3.8,30,30.0,0.0006461183014922
W3.8,31,31.0,0.0013538943364502
W3.8,32,32.0,0.0026563022272007
W3.8,33,33.0,0.0049072525129418
W3.8,34,34.0,0.0085796302509543
W3.8,35,35.0,0.0142611352664788
W3.8,36,36.0,0.0226304697091046
W3.8,37,37.0,0.0344129092622882
W3.8,38,38.0,0.0503185153217047
W3.8,39,39.0,0.0709702210944926
W3.8,40,40.0,0.0968317066729577
W3.8,41,41.0,0.1281456785280854
W3.8,42,42.0,0.1648917460538816
W3.8,43,43.0,0.2067699424479733
W3.8,44,44.0,0.2532118459288899
W3.8,45,45.0,0.3034171243279558
W3.8,46,46.0,0.3564099432460282
W3.8,47,47.0,0.4111075595867962
W3.8,48,48.0,0.4663927436011479
W3.8,49,49.0,0.5211823024388184
W3.8,50,50.0,0.5744855737390651
W3.8,51,51.0,0.6254488815435604
W3.8,52,52.0,0.6733841727935469
W3.8,53,53.0,0.7177820409247311
W3.8,54,54.0,0.7583108762071609
W3.8,55,55.0,0.794804868399738
W3.8,56,56.0,0.8272440383606947
W3.8,57,57.0,0.8557294755941363
W3.8,58,58.0,0.8804566297045356
W3.8,59,59.0,0.9016889745979983
W3.8,60,60.0,0.9197337511060576
W3.8,61,61.0,0.9349208875793696
W3.8,62,62.0,0.9475856608362276
W3.8,63,63.0,0.95805522599473
W3.8,64,64.0,0.966638824811178
W3.8,65,65.0,0.9736212734073938
W3.8,66,66.0,0.9792592167028186
W3.8,67,67.0,0.9837795985647548
W3.8,68,68.0,0.9873798128137063
W3.8,69,69.0,0.990229051638778
W3.8,70,70.0,0.9924704387213076
W3.8,71,71.0,0.994223612170911
W3.8,72,72.0,0.9955874986089754
W3.8,73,73.0,0.9966430889230528
W3.8,74,74.0,0.9974560854385044
W3.8,75,75.0,0.9980793384752764
W3.8,76,76.0,0.9985550277276442
W3.8,77,77.0,0.9989165716582534
W3.8,78,78.0,0.9991902675698168
W3.8,79,79.0,0.9993966777684012
W3.8,80,80.0,0.999551784766166
W3.8,81,81.0,0.9996679421333514
W3.8,82,82.0,0.9997546485343806
W3.8,83,83.0,0.9998191715850482
W3.8,84,84.0,0.9998670461520864
W3.8,85,85.0,0.9999024691044544
W3.8,86,86.0,0.9999286096861988
W3.8,87,87.0,0.9999478518606582
W3.8,88,88.0,0.9999619823291236
W3.8,89,89.0,0.9999723355394302
W3.8,90,90.0,0.9999799049089624
W3.8,91,91.0,0.999985427697546
W3.8,92,92.0,0.9999894494639546
W3.8,93,93.0,0.9999923727990392
W3.8,94,94.0,0.9999944940173048
W3.8,95,95.0,0.9999960306743166
W3.8,96,96.0,0.9999971421281236
W3.8,97,97.0,0.9999979448501616
W3.8,98,98.0,0.9999985237895072
W3.8,99,99.0,0.9999989407821293
W3.8,100,100.0,0.9999992407556944
W3.9,0,0.0,0.0
W3.9,1,1.0,2.4150805662227265e-153
W3.9,2,2.0,5.188927438003323e-105
W3.9,3,3.0,4.979086014757852e-81
W3.9,4,4.0,6.213855086123216e-66
W3.9,5,5.0,2.549416699811722e-55
W3.9,6,6.0,2.3299156513063995e-47
W3.9,7,7.0,3.9805605242370464e-41
W3.9,8,8.0,4.267060789949968e-36
W3.9,9,9.0,6.069458041898149e-32
W3.9,10,10.0,1.874294195613748e-28
W3.9,11,11.0,1.7640503581118016e-25
W3.9,12,12.0,6.449209590636019e-23
W3.9,13,13.0,1.0950997581661051e-20
W3.9,14,14.0,9.885876556927137e-19
W3.9,15,15.0,5.265852482081644e-17
W3.9,16,16.0,1.7963837595608395e-15
W3.9,17,17.0,4.1900099394693135e-14
W3.9,18,18.0,7.045448479543513e-13
W3.9,19,19.0,8.91896476025072e-12
W3.9,20,20.0,8.81105254201448e-11
W3.9,21,21.0,6.999815449899503e-10
W3.9,22,22.0,4.5865437901857975e-09
W3.9,23,23.0,2.532616249072785e-08
W3.9,24,24.0,1.2004318189540245e-07
W3.9,25,25.0,4.962294799120109e-07
W3.9,26,26.0,1.8137589675793991e-06
W3.9,27,27.0,5.932488961147916e-06
W3.9,28,28.0,1.754762572423526e-05
W3.9,29,29.0,4.7374209258800775e-05
W3.9,30,30.0,0.0001176959622584
W3.9,31,31.0,0.0002710401496115
W3.9,32,32.0,0.0005823352299377
W3.9,33,33.0,0.0011740855083801
W3.9,34,34.0,0.0022329426512744
W3.9,35,35.0,0.0040248316814826
W3.9,36,36.0,0.0069048875425096
W3.9,37,37.0,0.0113182668667782
W3.9,38,38.0,0.0177886597945694
W3.9,39,39.0,0.0268930220477237
W3.9,40,40.0,0.0392233798824451
W3.9,41,41.0,0.0553390254811325
W3.9,42,42.0,0.0757144517538089
W3.9,43,43.0,0.1006895069172914
W3.9,44,44.0,0.1304282360968976
W3.9,45,45.0,0.1648917460538816
W3.9,46,46.0,0.2038284475588401
W3.9,47,47.0,0.2467826178542428
W3.9,48,48.0,0.2931198420470805
W3.9,49,49.0,0.342065931424496
W3.9,50,50.0,0.3927546382210931
W3.9,51,51.0,0.4442789886179961
W3.9,52,52.0,0.4957412886199778
W3.9,53,53.0,0.5462976623361515
W3.9,54,54.0,0.5951941435376941
W3.9,55,55.0,0.6417926361530079
W3.9,56,56.0,0.6855862951422199
W3.9,57,57.0,0.7262049166869782
W3.9,58,58.0,0.7634116871122809
W3.9,59,59.0,0.7970931006692095
W3.9,60,60.0,0.8272440383606964
W3.9,61,61.0,0.8539499531268353
W3.9,62,62.0,0.877367894417177
W3.9,63,63.0,0.8977077924442961
W3.9,64,64.0,0.9152150670712978
W3.9,65,65.0,0.9301552741175734
W3.9,66,66.0,0.942801184871211
W3.9,67,67.0,0.9534224315976576
W3.9,68,68.0,0.9622776505377232
W3.9,69,69.0,0.9696089136017352
W3.9,70,70.0,0.9756381543984398
W3.9,71,71.0,0.98056525398574
W3.9,72,72.0,0.9845674462684496
W3.9,73,73.0,0.9877997220624112
W3.9,74,74.0,0.990395945446182
W3.9,75,75.0,0.992470438721308
W3.9,76,76.0,0.9941198374539402
W3.9,77,77.0,0.995425060695892
W3.9,78,78.0,0.9964532810464514
W3.9,79,79.0,0.9972598133424264
W3.9,80,80.0,0.9978898689496476
W3.9,81,81.0,0.9983801449790152
W3.9,82,82.0,0.9987602347540468
W3.9,83,83.0,0.9990538582151122
W3.9,84,84.0,0.9992799194399524
W3.9,85,85.0,0.9994534038656332
W3.9,86,86.0,0.9995861308265188
W3.9,87,87.0,0.9996873782969804
W3.9,88,88.0,0.9997643967637734
W3.9,89,89.0,0.9998228283661104
W3.9,90,90.0,0.9998670461520864
W3.9,91,91.0,0.999900426747012
W3.9,92,92.0,0.9999255680830648
W3.9,93,93.0,0.9999444622165906
W3.9,94,94.0,0.9999586317332892
W3.9,95,95.0,0.9999692368548424
W3.9,96,96.0,0.999977159133016
W3.9,97,97.0,0.9999830665530302
W3.9,98,98.0,0.9999874639610202
W3.9,99,99.0,0.9999907319685496
W3.9,100,100.0,0.9999931568550782
W7.2,0,0.0,0.0
W7.2,1,1.0,0.0
W7.2,2,2.0,0.0
W7.2,3,3.0,0.0
W7.2,4,4.0,0.0
W7.2,5,5.0,0.0
W7.2,6,6.0,0.0
W7.2,7,7.0,0.0
W7.2,8,8.0,0.0
W7.2,9,9.0,0.0
W7.2,10,10.0,0.0
W7.2,11,11.0,0.0
W7.2,12,12.0,0.0
W7.2,13,13.0,0.0
W7.2,14,14.0,0.0
W7.2,15,15.0,0.0
W7.2,16,16.0,0.0
W7.2,17,17.0,0.0
W7.2,18,18.0,0.0
W7.2,19,19.0,0.0
W7.2,20,20.0,0.0
W7.2,21,21.0,0.0
W7.2,22,22.0,0.0
W7.2,23,23.0,0.0
W7.2,24,24.0,0.0
W7.2,25,25.0,0.0
W7.2,26,26.0,0.0
W7.2,27,27.0,0.0
W7.2,28,28.0,0.0
W7.2,29,29.0,0.0
W7.2,30,30.0,0.0
W7.2,31,31.0,0.0
W7.2,32,32.0,0.0
W7.2,33,33.0,0.0
W7.2,34,34.0,0.0
W7.2,35,35.0,0.0
W7.2,36,36.0,0.0
W7.2,37,37.0,0.0
W7.2,38,38.0,0.0
W7.2,39,39.0,0.0
W7.2,40,40.0,0.0
W7.2,41,41.0,0.0
W7.2,42,42.0,0.0
W7.2,43,43.0,0.0
W7.2,44,44.0,0.0
W7.2,45,45.0,0.0
W7.2,46,46.0,0.0
W7.2,47,47.0,0.0
W7.2,48,48.0,0.0
W7.2,49,49.0,0.0
W7.2,50,50.0,0.0
W7.2,51,51.0,0.0
W7.2,52,52.0,0.0
W7.2,53,53.0,0.0
W7.2,54,54.0,0.0
W7.2,55,55.0,0.0
W7.2,56,56.0,0.0
W7.2,57,57.0,0.0
W7.2,58,58.0,0.0
W7.2,59,59.0,0.0
W7.2,60,60.0,0.0
W7.2,61,61.0,0.0
W7.2,62,62.0,0.0
W7.2,63,63.0,0.0
W7.2,64,64.0,0.0
W7.2,65,65.0,0.0
W7.2,66,66.0,0.0
W7.2,67,67.0,0.0
W7.2,68,68.0,0.0
W7.2,69,69.0,0.0
W7.2,70,70.0,0.0
W7.2,71,71.0,0.0
W7.2,72,72.0,0.0
W7.2,73,73.0,0.0
W7.2,74,74.0,0.0
W7.2,75,75.0,0.0
W7.2,76,76.0,0.0
W7.2,77,77.0,0.0
W7.2,78,78.0,0.0
W7.2,79,79.0,0.0
W7.2,80,80.0,0.0
W7.2,81,81.0,0.0
W7.2,82,82.0,0.0
W7.2,83,83.0,0.0
W7.2,84,84.0,0.0
W7.2,85,85.0,0.0
W7.2,86,86.0,0.0
W7.2,87,87.0,0.0
W7.2,88,88.0,0.0
W7.2,89,89.0,0.0
W7.2,90,90.0,0.0
W7.2,91,91.0,0.0
W7.2,92,92.0,0.0
W7.2,93,93.0,0.0
W7.2,94,94.0,0.0
W7.2,95,95.0,0.0
W7.2,96,96.0,0.0
W7.2,97,97.0,0.0
W7.2,98,98.0,0.0
W7.2,99,99.0,0.0
W7.2,100,100.0,0.0
